PlayerID,Player,Team,Pos,Injury,%Own,ADP,A_GP,A_MIN,A_PTS,A_FGM,A_FGA,A_FG%,A_FTM,A_FTA,A_FT%,A_3PM,A_3PA,A_3P%,A_OREB,A_DREB,A_REB,A_AST,A_STL,A_BLK,A_TO,A_PF,A_DD,A_TD,A_FPTS,A_FPTS_AVG,P_GP,P_MIN,P_PTS,P_FGM,P_FGA,P_FG%,P_FTM,P_FTA,P_FT%,P_3PM,P_3PA,P_3P%,P_REB,P_AST,P_STL,P_BLK,P_TO,P_FPTS,P_FPTS_AVG,FP_ACT_PG_CORE,FP_ACT_BONUS_PG,FP_ACT_PG,FP_ACT_PG_ESPN,FP_ACT_PG_DELTA,FP_ACT_TOT,FP_ACT_PER36,FP_PROJ_PG_CORE,FP_PROJ_PG_ESPN,FP_PROJ_PG_DELTA,FP_PROJ_TOT_CORE,FP_PROJ_PER36,OREB_SHARE_ACT,DD_PER_GP_ACT,TD_PER_GP_ACT,PROJ_BLIND_SPOT_PG,SAMPLE_FLAG
3112335,Nikola Jokic,DEN,C,ACTIVE,99.9,1.5,65,34.85,27.68,9.91,17.42,0.57,6.14,7.38,0.83,1.72,4.54,0.38,2.95,9.91,12.86,10.72,1.42,0.82,3.74,2.66,55,34,4871,74.94,72,35.6,28.25,10.58,18.4,0.57,5.39,6.6,0.82,1.69,4.31,0.39,12.69,10.1,1.6,0.81,3.4,4838,67.19,69.29,5.6769,74.9669,74.94,0.0269,4872.85,77.4407,67.22,67.19,0.03,4839.84,67.9753,0.2294,0.8462,0.5231,8.6269,
3945274,Luka Doncic,LAL,PG,DAY_TO_DAY,99.9,3.6,64,35.83,33.48,10.83,22.77,0.48,7.86,10.08,0.78,3.97,10.84,0.37,0.64,7.09,7.73,8.28,1.64,0.53,3.98,2.39,34,8,3976,62.13,68,36.7,33.01,10.93,22.9,0.48,7.21,9.21,0.78,3.96,10.6,0.37,8.5,8.9,1.6,0.5,4,4123,60.63,59.77,2.3438,62.1138,62.13,-0.0162,3975.28,62.4085,60.63,60.63,0.0,4122.84,59.4736,0.0828,0.5312,0.125,2.9838,
5104157,Victor Wembanyama,SA,C,ACTIVE,99.9,3.1,64,29.19,25,8.64,16.88,0.51,5.81,7.03,0.83,1.91,5.47,0.35,2.03,9.47,11.5,3.11,1.03,3.08,2.42,2.44,42,1,3808,59.5,67,31.9,26.33,9.19,18.3,0.5,5.76,7,0.82,2.18,6.3,0.35,12.19,3.51,1.1,3.51,2.9,3968,59.22,57.44,2.0625,59.5025,59.5,0.0025,3808.16,73.3844,59.2,59.22,-0.02,3966.4,66.8088,0.1765,0.6562,0.0156,4.0925,
4278073,Shai Gilgeous-Alexander,OKC,PG,DAY_TO_DAY,99.9,3,68,33.26,31.13,10.75,19.43,0.55,7.94,9.03,0.88,1.69,4.38,0.39,0.56,3.74,4.29,6.59,1.4,0.76,2.22,2.04,8,0,3835,56.4,76,33.8,31.25,10.88,20.3,0.54,7.78,8.8,0.88,1.71,4.61,0.37,4.89,6.39,1.7,0.89,2.3,4320,56.84,56.03,0.3529,56.3829,56.4,-0.0171,3834.04,61.0278,56.83,56.84,-0.01,4319.08,60.529,0.1305,0.1176,0.0,0.9129,
3032977,Giannis Antetokounmpo,MIA,PF/C,ACTIVE,99.9,5.7,36,28.86,27.58,10.36,16.61,0.62,6.44,9.92,0.65,0.42,1.25,0.33,2.72,7.06,9.78,5.44,0.94,0.67,3.19,2.39,19,0,1932,53.67,67,33.6,32.06,12.04,19.3,0.62,7.48,11.51,0.65,0.49,1.51,0.33,11.4,6.3,1.1,0.81,3.7,3856,57.55,52.07,1.5833,53.6533,53.67,-0.0167,1931.52,66.9272,57.54,57.55,-0.01,3855.18,61.65,0.2781,0.5278,0.0,4.3033,
4432166,Cade Cunningham,DET,PG,ACTIVE,99.8,8,64,33.94,23.92,8.56,18.58,0.46,4.84,5.97,0.81,1.95,5.72,0.34,0.88,4.67,5.55,9.91,1.44,0.84,3.69,3.06,38,3,3414,53.34,69,34.8,24.62,8.9,19.3,0.46,4.83,5.9,0.82,2,5.8,0.34,5.59,9.8,1.41,0.8,3.8,3481,50.45,51.27,2.0625,53.3325,53.34,-0.0075,3413.28,56.5695,50.48,50.45,0.03,3483.12,52.2207,0.1586,0.5938,0.0469,2.9425,
4701230,Jalen Johnson,ATL,PF,ACTIVE,98.8,8.7,72,35.21,22.51,8.33,17.06,0.49,4.18,5.31,0.79,1.67,4.74,0.35,1.4,8.88,10.28,7.86,1.24,0.43,3.39,2.1,49,13,3822,53.08,72,36.7,22.99,8.57,17.5,0.49,4.17,5.31,0.79,1.68,4.81,0.35,10.6,7.9,1.31,0.5,3.4,3599,49.99,49.95,3.125,53.075,53.08,-0.005,3821.4,54.2658,50.01,49.99,0.02,3600.72,49.0561,0.1362,0.6806,0.1806,4.525,
4431678,Tyrese Maxey,PHI,PG/SG,DAY_TO_DAY,99.8,12.9,70,38.04,28.29,9.91,21.44,0.46,5.31,5.96,0.89,3.14,8.56,0.37,0.34,3.79,4.13,6.59,1.86,0.79,2.44,2.16,7,0,3696,52.8,71,34.2,24.83,8.7,19.1,0.46,4.61,5.2,0.89,2.82,7.8,0.36,3.51,5.8,1.61,0.61,2.1,3204,45.13,52.53,0.3,52.83,52.8,0.03,3698.1,49.9968,45.15,45.13,0.02,3205.65,47.5263,0.0823,0.1,0.0,0.64,
6450,Kawhi Leonard,TOR,SF/PF,DAY_TO_DAY,97.5,30.5,65,32.11,27.89,9.77,19.35,0.5,5.71,6.4,0.89,2.65,6.85,0.39,1.09,5.26,6.35,3.6,1.88,0.42,2.05,1.2,5,0,3249,49.98,63,32.8,25.06,9.17,18,0.51,4.4,5,0.88,2.32,5.79,0.4,6.21,3.51,1.7,0.6,1.9,2882,45.75,49.78,0.2308,50.0108,49.98,0.0308,3250.7,56.0694,45.75,45.75,0.0,2882.25,50.2134,0.1717,0.0769,0.0,1.3208,
4871144,Alperen Sengun,HOU,C,ACTIVE,98.5,24.2,72,33.35,20.36,8.1,15.6,0.52,3.61,5.22,0.69,0.56,1.82,0.31,2.99,5.92,8.9,6.18,1.18,1.07,3.15,3.31,34,4,3499,48.6,72,32.7,20.03,7.92,15.4,0.51,3.74,5.4,0.69,0.46,1.6,0.29,9.4,5.69,1.19,1,2.9,3097,43.01,46.86,1.75,48.61,48.6,0.01,3499.92,52.4726,43.01,43.01,0.0,3096.72,47.3505,0.336,0.4722,0.0556,4.74,
6583,Anthony Davis,WSH,PF/C,ACTIVE,98.5,31.8,20,31.25,20.35,8.45,16.7,0.51,2.95,4.05,0.73,0.5,1.85,0.27,3.1,7.95,11.05,2.8,1.1,1.65,2.05,2.1,13,0,971,48.55,61,32.2,22.59,8.61,16,0.54,4.93,6.2,0.8,0.44,1.61,0.28,11.39,3.2,1.1,2.1,2,3023,49.56,46.6,1.95,48.55,48.55,0.0,971.0,55.9296,49.57,49.56,0.01,3023.77,55.4199,0.2805,0.65,0.0,5.05,THIN
3908809,Donovan Mitchell,CLE,PG/SG,ACTIVE,99.8,11.3,70,33.44,27.89,9.69,20.04,0.48,5.31,6.14,0.87,3.2,8.8,0.36,0.71,3.8,4.51,5.69,1.49,0.29,2.83,2.33,5,0,3348,47.83,71,33.9,26.79,9.25,19.9,0.47,4.96,5.8,0.85,3.32,9.1,0.37,4.8,5.7,1.61,0.3,2.61,3300,46.48,47.66,0.2143,47.8743,47.83,0.0443,3351.2,51.5393,46.49,46.48,0.01,3300.79,49.3699,0.1574,0.0714,0.0,0.9243,
3936299,Jamal Murray,DEN,PG,ACTIVE,98.8,32.6,75,35.37,25.4,8.76,18.13,0.48,4.61,5.2,0.89,3.27,7.51,0.44,0.43,3.97,4.4,7.13,0.88,0.39,2.28,1.75,18,0,3584,47.79,69,35,23.06,8.29,17.3,0.48,3.71,4.2,0.88,2.77,6.59,0.42,4.1,6.59,1.1,0.51,2.2,3031,43.93,47.08,0.72,47.8,47.79,0.01,3585.0,48.6514,43.94,43.93,0.01,3031.86,45.1954,0.0977,0.24,0.0,1.15,
4433134,Scottie Barnes,TOR,SG/SF,ACTIVE,99.5,16.1,80,33.51,18.1,7.11,14.04,0.51,3.02,3.71,0.81,0.85,2.8,0.3,1.86,5.64,7.5,5.92,1.43,1.45,2.63,2.64,30,3,3781,47.26,72,33.8,18.82,7.26,15,0.48,3.25,4.1,0.79,1.04,3.5,0.3,7.69,6,1.4,1.31,2.69,3145,43.68,45.9,1.35,47.25,47.26,-0.01,3780.0,50.761,43.68,43.68,0.0,3144.96,46.5231,0.248,0.375,0.0375,3.21,
4433136,Walker Kessler,LAL,C,DAY_TO_DAY,82.2,79,5,31,14.4,5.2,7.4,0.7,2.8,4,0.7,1.2,1.6,0.75,4.6,6.2,10.8,3,1.4,1.8,3.2,4.4,2,0,232,46.4,64,31.4,11.5,4.97,7.5,0.66,1.44,2.7,0.53,0.13,0.59,0.21,12.41,1.7,0.7,2.59,1.59,2471,38.61,45.2,1.2,46.4,46.4,0.0,232.0,53.8839,38.6,38.61,-0.01,2470.4,44.2548,0.4259,0.4,0.0,5.8,THIN
3059318,Joel Embiid,PHI,C,DAY_TO_DAY,92.6,65.3,38,31.5,26.87,8.97,18.34,0.49,7.53,8.82,0.85,1.39,4.18,0.33,1.97,5.74,7.71,3.95,0.55,1.21,2.87,2.16,10,1,1764,46.42,54,31.6,27.41,9.06,18.5,0.49,7.93,9.2,0.86,1.37,4.09,0.33,8.2,4.2,0.7,1.2,3,2449,45.35,45.45,0.9474,46.3974,46.42,-0.0226,1763.1,53.0256,45.33,45.35,-0.02,2447.82,51.6418,0.2555,0.2632,0.0263,2.9174,
4594268,Anthony Edwards,MIN,SG/SF,ACTIVE,99.9,7.2,61,34.98,28.8,9.87,20.18,0.49,5.7,7.16,0.8,3.36,8.43,0.4,0.59,4.36,4.95,3.7,1.36,0.8,2.85,1.93,2,0,2822,46.26,72,35.8,30.31,10.28,21.4,0.48,6.11,7.6,0.81,3.64,9.19,0.4,5.19,4,1.31,0.81,3,3402,47.25,46.14,0.0984,46.2384,46.26,-0.0216,2820.54,47.5866,47.29,47.25,0.04,3404.88,47.5542,0.1192,0.0328,0.0,0.6884,
4871145,Josh Giddey,CHI,PG/SG,ACTIVE,97.4,23.3,54,32.09,17.02,5.94,13.28,0.45,3.22,4.22,0.76,1.91,5.24,0.36,1.24,7.06,8.3,9.15,1.02,0.5,3.63,1.67,28,13,2494,46.19,68,35.5,18.5,6.56,14.5,0.45,3.37,4.4,0.77,2.01,5.5,0.36,9.21,9.6,1.21,0.6,3.79,3139,46.16,43.19,3.0,46.19,46.19,0.0,2494.26,51.818,46.17,46.16,0.01,3139.56,46.8203,0.1494,0.5185,0.2407,4.24,
3917376,Jaylen Brown,PHI,SG/SF,ACTIVE,99.6,32.8,71,34.41,28.7,10.37,21.73,0.48,6,7.55,0.79,1.97,5.69,0.35,1.14,5.79,6.93,5.13,1.01,0.38,3.65,2.69,14,3,3236,45.58,71,32.4,23.93,8.87,18.51,0.48,4.3,5.61,0.77,1.89,5.51,0.34,5.9,4.3,1.1,0.39,2.8,2741,38.61,44.72,0.8451,45.5651,45.58,-0.0149,3235.12,47.6705,38.6,38.61,-0.01,2740.6,42.8889,0.1645,0.1972,0.0423,1.9851,
4065648,Jayson Tatum,BOS,SF/PF,ACTIVE,99.8,9.2,16,32.63,21.75,7.38,17.94,0.41,4.06,4.94,0.82,2.94,8.94,0.33,0.5,9.5,10,5.31,1.38,0.19,2.44,1.63,10,1,726,45.38,70,36.2,26.7,9.13,20.1,0.45,5.07,6.2,0.82,3.37,9.7,0.35,8.6,5.8,1.1,0.5,2.8,3367,48.1,43.15,2.25,45.4,45.38,0.02,726.4,50.0889,48.1,48.1,0.0,3367.0,47.8343,0.05,0.625,0.0625,2.75,THIN
3992,James Harden,CLE,PG/SG,ACTIVE,99.5,28.3,70,34.9,23.6,6.96,16.04,0.43,6.61,7.49,0.88,3.07,8.19,0.38,0.57,4.23,4.8,7.96,1.13,0.4,3.5,1.96,20,2,3157,45.1,73,33.6,20.58,6.07,14.3,0.42,5.63,6.4,0.88,2.81,7.6,0.37,5,8.1,1.21,0.6,3.4,3072,42.08,44.08,1.0286,45.1086,45.1,0.0086,3157.6,46.5303,42.1,42.08,0.02,3073.3,45.1071,0.1187,0.2857,0.0286,1.5986,
1966,LeBron James,PHI,SF/PF,DAY_TO_DAY,99.3,36.8,60,33.13,20.93,7.88,15.32,0.51,3.88,5.27,0.74,1.28,4.05,0.32,0.72,5.35,6.07,7.2,1.2,0.58,2.98,1.35,17,3,2687,44.78,64,30.7,21.05,7.94,15.2,0.52,3.55,4.7,0.76,1.63,4.41,0.37,6.3,7,1,0.5,3,2719,42.48,43.61,1.15,44.76,44.78,-0.02,2685.6,48.6375,42.51,42.48,0.03,2720.64,49.8489,0.1186,0.2833,0.05,1.87,
3136195,Karl-Anthony Towns,NY,C,ACTIVE,99.8,21.1,75,30.95,20.05,6.89,13.76,0.5,4.76,5.55,0.86,1.51,4.09,0.37,3.11,8.75,11.85,3.01,0.87,0.53,2.49,3.4,56,1,3354,44.72,70,32.7,21.94,7.76,15.2,0.51,4.6,5.4,0.85,1.83,4.6,0.4,11.2,4.4,0.9,0.6,2.6,3086,44.09,42.39,2.32,44.71,44.72,-0.01,3353.25,52.0052,44.09,44.09,0.0,3086.3,48.5394,0.2624,0.7467,0.0133,5.43,
3202,Kevin Durant,HOU,SF/PF,ACTIVE,99.8,19.5,78,36.42,25.97,9.18,17.64,0.52,5.23,5.99,0.87,2.38,5.77,0.41,0.53,4.94,5.46,4.77,0.79,0.91,3.15,1.82,7,0,3481,44.63,72,34.6,24.99,9,17.19,0.52,4.72,5.5,0.86,2.26,5.4,0.42,5.6,4.4,0.81,1,3,3089,42.9,44.34,0.2692,44.6092,44.63,-0.0208,3479.52,44.0948,42.92,42.9,0.02,3090.24,44.6566,0.0971,0.0897,0.0,0.7992,
4432158,Evan Mobley,CLE,PF/C,ACTIVE,98.7,36.5,65,31.98,18.15,7.22,13.22,0.55,2.77,4.57,0.61,0.95,3.22,0.3,2.4,6.62,9.02,3.6,0.74,1.74,1.88,2.45,27,0,2895,44.54,66,33.3,18.92,7.47,13.39,0.56,3.02,4.5,0.67,0.97,2.89,0.33,9.8,3.61,0.89,1.7,2,2860,43.33,43.3,1.2462,44.5462,44.54,0.0062,2895.5,50.1458,43.34,43.33,0.01,2860.44,46.8541,0.2661,0.4154,0.0,3.6462,
4066336,Lauri Markkanen,UTAH,SF/PF,DAY_TO_DAY,87.6,55.6,42,34.38,26.74,9.14,19.17,0.48,5.71,6.38,0.9,2.74,7.71,0.35,2,4.88,6.88,2.12,1,0.5,1.5,1.83,5,0,1865,44.4,69,34,23.83,8.03,17.3,0.46,4.72,5.3,0.89,3.04,8.3,0.37,7.2,1.9,0.9,0.51,1.51,2667,38.65,44.04,0.3571,44.3971,44.4,-0.0029,1864.68,46.4892,38.67,38.65,0.02,2668.23,40.9447,0.2907,0.119,0.0,2.3571,
4433621,Jalen Duren,DET,C,DAY_TO_DAY,93.5,33.4,70,28.26,19.5,7.46,11.47,0.65,4.59,6.14,0.75,0,0,0,3.79,6.74,10.53,1.97,0.81,0.84,1.86,2.79,41,0,3102,44.31,72,31,20.25,7.79,11.9,0.66,4.67,6.31,0.74,,,,11.69,2.31,0.9,1,2,3039,42.21,42.54,1.7571,44.2971,44.31,-0.0129,3100.8,56.4295,42.2,42.21,-0.01,3038.4,49.0065,0.3599,0.5857,0.0,5.5471,
4684740,Amen Thompson,HOU,SG/SF,ACTIVE,99.6,20.2,79,37.39,18.27,7.05,13.22,0.53,3.85,4.94,0.78,0.32,1.47,0.22,2.97,4.8,7.77,5.32,1.51,0.61,2.41,2.22,20,0,3489,44.16,78,36.5,17.71,6.85,12.79,0.54,3.71,4.79,0.77,0.31,1.4,0.22,7.71,5.1,1.5,0.71,2.29,3117,39.96,43.42,0.7595,44.1795,44.16,0.0195,3490.18,42.5371,40.02,39.96,0.06,3121.56,39.4718,0.3822,0.2532,0.0,3.7295,
4397140,Kevin Porter Jr.,MIL,PG/SG,ACTIVE,69.5,115,38,33.18,17.39,6.29,13.53,0.46,3.61,4.11,0.88,1.21,3.76,0.32,0.89,4.32,5.21,7.37,2.18,0.5,2.89,2.32,10,2,1674,44.05,66,26.8,14.08,5.12,11.11,0.46,2.85,3.3,0.86,0.98,3.11,0.32,4.3,5.7,1.7,0.39,2.39,2179,33.02,42.93,1.1053,44.0353,44.05,-0.0147,1673.34,47.7779,33.02,33.02,0.0,2179.32,44.3552,0.1708,0.2632,0.0526,1.9953,
3975,Stephen Curry,GS,PG,DAY_TO_DAY,99.5,28.4,43,30.95,26.56,8.7,18.58,0.47,4.74,5.14,0.92,4.42,11.26,0.39,0.4,3.19,3.58,4.72,1.14,0.4,2.81,1.74,3,0,1872,43.53,66,32,25.79,8.48,18.7,0.45,4.26,4.61,0.93,4.56,11.39,0.4,4.2,5.3,1,0.39,2.8,2841,43.05,43.36,0.2093,43.5693,43.53,0.0393,1873.48,50.6783,43.02,43.05,-0.03,2839.32,48.3975,0.1117,0.0698,0.0,0.6093,
4683021,Deni Avdija,POR,SF/PF,ACTIVE,93.9,35,66,33.36,24.21,7.45,16.12,0.46,7.41,9.24,0.8,1.89,5.95,0.32,1.12,5.76,6.88,6.7,0.77,0.62,3.83,2.55,19,3,2871,43.5,72,33.7,23.03,7.24,15.5,0.47,6.69,8.4,0.8,1.86,5.69,0.33,7.19,6.31,0.81,0.6,3.6,2907,40.38,42.35,1.1364,43.4864,43.5,-0.0136,2870.1,46.9277,40.41,40.38,0.03,2909.52,43.168,0.1628,0.2879,0.0455,2.2564,
3934672,Jalen Brunson,NY,PG,ACTIVE,99.8,13.1,74,35.08,26.04,9.31,19.93,0.47,4.78,5.69,0.84,2.64,7.14,0.37,0.42,2.92,3.34,6.8,0.77,0.11,2.36,2.3,12,0,3188,43.08,72,35.3,26.92,9.51,20,0.48,5.28,6.31,0.84,2.61,6.81,0.38,3.31,6.9,0.9,0.1,2.4,3156,43.83,42.62,0.4865,43.1065,43.08,0.0265,3189.88,44.237,43.83,43.83,0.0,3155.76,44.6992,0.1257,0.1622,0.0,0.9065,
4066261,Bam Adebayo,MIA,PF/C,ACTIVE,99.2,28.8,73,32.37,20.11,6.93,15.68,0.44,4.51,5.79,0.78,1.74,5.48,0.32,2.04,7.99,10.03,3.18,1.18,0.67,1.64,1.67,35,0,3118,42.71,73,32.4,20.15,6.95,15.7,0.44,4.51,5.79,0.78,1.75,5.51,0.32,10,3.21,1.21,0.7,1.6,2893,39.63,41.3,1.4384,42.7384,42.71,0.0284,3119.9,47.5311,39.68,39.63,0.05,2896.64,44.0889,0.2034,0.4795,0.0,3.4784,
6430,Jimmy Butler III,GS,SG/SF,OUT,52.9,136.9,38,31.18,20,6.32,12.16,0.52,6.53,7.55,0.86,0.84,2.24,0.38,2.32,3.24,5.55,4.87,1.45,0.21,1.58,1.21,3,0,1581,41.61,39,32.4,19.41,6.13,12.1,0.51,6.33,7.41,0.85,0.82,2.21,0.37,5.41,5.1,1.41,0.31,1.51,1512,38.77,41.39,0.2368,41.6268,41.61,0.0168,1581.82,48.0618,38.78,38.77,0.01,1512.42,43.0889,0.418,0.0789,0.0,2.5568,
4397688,Trey Murphy III,NO,SG/SF,ACTIVE,84.8,75,66,35.47,21.52,7.48,15.91,0.47,3.3,3.73,0.89,3.24,8.56,0.38,0.95,4.76,5.71,3.79,1.5,0.36,1.82,2.09,4,0,2748,41.64,68,32.5,19.54,6.78,14.5,0.47,3,3.4,0.88,2.99,7.9,0.38,5.21,3.4,1.29,0.4,1.6,2499,36.75,41.42,0.1818,41.6018,41.64,-0.0382,2745.72,42.2234,36.76,36.75,0.01,2499.68,40.7188,0.1664,0.0606,0.0,1.1318,
5041939,Cooper Flagg,DAL,SF/PF,ACTIVE,99.8,17.4,70,33.56,21.04,7.99,17.06,0.47,4.04,4.89,0.83,1.03,3.49,0.3,1.23,5.43,6.66,4.51,1.2,0.91,2.3,2.03,13,0,2903,41.47,72,35.5,22.26,8.43,18,0.47,4.31,5.19,0.83,1.1,3.69,0.29,7,4.81,1.31,1,2.4,3050,42.36,40.89,0.5571,41.4471,41.47,-0.0229,2901.3,44.4606,42.4,42.36,0.04,3052.8,42.9972,0.1847,0.1857,0.0,1.7871,
4278104,Michael Porter Jr.,BKN,SF/PF,ACTIVE,92.3,52.8,52,32.5,24.21,8.54,18.42,0.46,3.75,4.37,0.86,3.38,9.33,0.36,1.33,5.73,7.06,3.04,1.06,0.25,2.35,2.23,12,0,2149,41.33,69,33.5,23.51,8.39,17.9,0.47,3.41,4,0.85,3.32,9,0.37,7.2,2.9,1,0.3,2.2,2686,38.93,40.64,0.6923,41.3323,41.33,0.0023,2149.28,45.7835,38.92,38.93,-0.01,2685.48,41.8245,0.1884,0.2308,0.0,2.0223,
4432816,LaMelo Ball,MIN,PG,ACTIVE,99.4,25.5,72,27.99,20.07,7.03,17.28,0.41,2.24,2.49,0.9,3.78,10.28,0.37,0.9,3.92,4.82,7.14,1.21,0.25,2.81,2.71,10,1,2959,41.1,68,31.8,23.09,8.06,19.79,0.41,2.75,3.1,0.89,4.22,11.6,0.36,5.4,8,1.29,0.29,3.21,3034,44.62,40.6,0.5,41.1,41.1,0.0,2959.2,52.8617,44.59,44.62,-0.03,3032.12,50.4792,0.1867,0.1389,0.0139,1.4,
4066457,Austin Reaves,LAL,PG/SG,DAY_TO_DAY,96,39.6,51,34.57,23.27,7.31,14.94,0.49,6.33,7.27,0.87,2.31,6.43,0.36,0.65,4.06,4.71,5.49,1.1,0.39,2.96,2.16,6,0,2094,41.06,67,36.6,23.42,7.45,15.4,0.48,6.01,6.9,0.87,2.51,6.9,0.36,4.9,5.9,1.1,0.4,3,2764,41.25,40.7,0.3529,41.0529,41.06,-0.0071,2093.7,42.7511,41.24,41.25,-0.01,2763.08,40.5639,0.138,0.1176,0.0,1.0029,
5105565,Donovan Clingan,POR,C,ACTIVE,77.7,81.8,77,27.18,12.13,4.62,8.88,0.52,1.79,2.64,0.68,1.09,3.19,0.34,4.51,7.08,11.58,2.1,0.57,1.69,1.23,2.36,37,0,3161,41.05,73,26.2,11.44,4.38,8.4,0.52,1.68,2.51,0.67,0.99,2.9,0.34,11.1,2,0.6,1.7,1.21,2472,33.86,39.6,1.4416,41.0416,41.05,-0.0084,3160.2,54.3597,33.84,33.86,-0.02,2470.32,46.4977,0.3895,0.4805,0.0,5.9516,
4433255,Chet Holmgren,OKC,PF/C,DAY_TO_DAY,92.9,65.1,69,28.96,17.12,6.29,11.29,0.56,3.26,4.12,0.79,1.28,3.52,0.36,1.88,7.01,8.9,1.67,0.62,1.9,1.55,2.29,24,0,2827,40.97,65,28.9,16.51,6.06,11.31,0.54,2.98,3.8,0.79,1.4,3.8,0.37,8.4,2,0.6,2.11,1.6,2466,37.94,39.93,1.0435,40.9735,40.97,0.0035,2827.17,50.9339,37.94,37.94,0.0,2466.1,47.2609,0.2112,0.3478,0.0,2.9235,
3149673,Pascal Siakam,IND,PF,ACTIVE,98.9,30.4,62,33.19,23.95,9.02,18.63,0.48,4.23,6.1,0.69,1.69,4.73,0.36,1.44,5.19,6.63,3.81,1.11,0.4,2.23,2.37,10,0,2539,40.95,74,34.8,22.8,8.78,17.09,0.51,3.68,5.09,0.72,1.55,4.2,0.37,7.3,4,1,0.5,1.8,3042,41.11,40.45,0.4839,40.9339,40.95,-0.0161,2537.9,44.3995,41.11,41.11,0.0,3042.14,42.5276,0.2172,0.1613,0.0,1.9239,
4432573,Paolo Banchero,ORL,SF/PF,ACTIVE,98.3,42,72,34.71,22.21,7.35,16,0.46,6.35,8.19,0.77,1.17,3.82,0.31,1.18,7.21,8.39,5.18,0.71,0.56,3.08,2,26,3,2907,40.38,69,35.2,23.42,7.99,17.51,0.46,6.01,8,0.75,1.43,4.51,0.32,7.9,5.2,0.8,0.59,3.1,2691,39,39.09,1.3333,40.4233,40.38,0.0433,2910.48,41.9257,38.99,39.0,-0.01,2690.31,39.8761,0.1406,0.3611,0.0417,2.5133,
3136193,Devin Booker,PHX,PG/SG,ACTIVE,99.8,21.2,64,33.56,26.06,8.53,18.72,0.46,7.09,8.13,0.87,1.91,5.78,0.33,0.75,3.13,3.88,6.03,0.8,0.28,3.16,2.63,6,0,2576,40.25,72,35.8,26.46,8.94,19.1,0.47,6.36,7.19,0.88,2.21,6.5,0.34,4.19,6.69,0.9,0.31,2.9,3113,43.24,39.96,0.2812,40.2413,40.25,-0.0087,2575.44,43.167,43.23,43.24,-0.01,3112.56,43.4715,0.1933,0.0938,0.0,1.0312,
3155942,Domantas Sabonis,SAC,PF/C,ACTIVE,98.1,16.9,19,29.74,15.84,6.32,11.63,0.54,2.95,4.05,0.73,0.26,1.42,0.19,3.37,8,11.37,4.11,0.95,0.21,2.68,3.47,12,0,762,40.11,69,34.8,18.94,7.51,12.8,0.59,3.33,4.59,0.72,0.59,1.59,0.38,13.59,6.8,0.8,0.51,3.1,3222,46.7,38.25,1.8947,40.1447,40.11,0.0347,762.75,48.5948,46.72,46.7,0.02,3223.68,48.331,0.2964,0.6316,0.0,5.2647,THIN
4433627,Keyonte George,UTAH,PG/SG,ACTIVE,79.8,75.7,54,33.07,23.61,7.44,16.31,0.46,6.24,7,0.89,2.48,6.69,0.37,0.43,3.26,3.69,6.15,1.07,0.26,3.07,2.22,4,0,2145,39.72,68,33.2,22.26,7.04,15.9,0.44,5.63,6.4,0.88,2.54,7,0.36,3.71,6.1,1,0.21,3.1,2500,36.76,39.5,0.2222,39.7222,39.72,0.0022,2145.0,43.2416,36.76,36.76,0.0,2499.68,39.8602,0.1165,0.0741,0.0,0.6522,
3064514,Julius Randle,BKN,PF,ACTIVE,87.4,60.4,79,33.06,21.1,7.34,15.28,0.48,5.04,6.28,0.8,1.38,4.38,0.32,1.67,5.06,6.73,5.04,1.09,0.23,2.75,2.82,15,3,3136,39.7,72,34.3,22.04,7.82,16.4,0.48,4.83,6.1,0.79,1.57,4.9,0.32,8.1,5,0.69,0.19,3.1,2667,37.04,38.9,0.7975,39.6975,39.7,-0.0025,3136.1,43.2277,37.0,37.04,-0.04,2664.0,38.8338,0.2481,0.1899,0.038,2.4675,
4869342,Dyson Daniels,ATL,PG/SG,ACTIVE,90,60.4,76,33.2,11.86,5.29,10.22,0.52,0.99,1.61,0.61,0.29,1.54,0.19,2.42,4.42,6.84,5.91,1.96,0.41,1.78,2.18,15,2,3012,39.63,75,32.4,11.73,5.19,10.11,0.51,0.99,1.6,0.61,0.37,1.71,0.22,6.51,5.6,2,0.4,1.71,2674,35.65,38.89,0.75,39.64,39.63,0.01,3012.64,42.9831,35.65,35.65,0.0,2673.75,39.6111,0.3538,0.1974,0.0263,3.17,
4600663,Zach Edey,MEM,C,DAY_TO_DAY,56.1,124.3,11,25.82,13.64,5.64,8.91,0.63,2.27,2.91,0.78,0.09,0.45,0.2,3.91,7.18,11.09,1.09,0.64,1.91,2.36,3.36,5,0,434,39.45,62,26.4,12.73,5.24,8.6,0.61,2.03,2.69,0.75,0.21,0.69,0.29,10.81,1.19,0.69,1.81,2.1,2056,33.16,38.12,1.3636,39.4836,39.45,0.0336,434.32,55.0508,33.15,33.16,-0.01,2055.3,45.2045,0.3526,0.4545,0.0,5.2736,THIN
5160992,Alex Sarr,WSH,PF/C,DAY_TO_DAY,78,92.4,48,27.21,16.31,6.58,13.67,0.48,2.1,3.04,0.69,1.04,3.13,0.33,2.19,5.21,7.4,2.71,0.81,1.98,1.71,2.19,12,0,1892,39.42,66,28.6,16.5,6.58,14.11,0.47,2.14,3.11,0.69,1.21,3.7,0.33,7.61,2.8,0.8,2,1.8,2416,36.61,38.65,0.75,39.4,39.42,-0.02,1891.2,52.1279,36.6,36.61,-0.01,2415.6,46.0699,0.2959,0.25,0.0,2.94,
3078576,Derrick White,BOS,PG/SG,ACTIVE,95.1,40.3,77,34.06,16.45,5.68,14.39,0.39,2.39,2.65,0.9,2.71,8.31,0.33,1.12,3.29,4.4,5.38,1.14,1.27,1.74,1.55,1,0,2954,38.36,77,34.3,16.56,5.69,14.19,0.4,2.32,2.6,0.89,2.86,8.51,0.34,4.51,5.3,1.1,1.19,1.81,2850,37.01,38.31,0.039,38.349,38.36,-0.011,2952.87,40.5333,36.98,37.01,-0.03,2847.46,38.8128,0.2545,0.013,0.0,1.159,
3032976,Rudy Gobert,MIN,C,ACTIVE,82.9,80,76,31.29,10.91,4.41,6.46,0.68,2.09,3.97,0.53,0,0.07,0,3.93,7.54,11.47,1.68,0.76,1.63,1.39,2.62,33,0,2907,38.25,72,32.5,11.93,4.71,7,0.67,2.51,4.19,0.6,,,,11.69,1.6,0.69,1.69,1.4,2470,34.31,36.93,1.3026,38.2326,38.25,-0.0174,2905.68,43.9877,34.28,34.31,-0.03,2468.16,37.9717,0.3426,0.4342,0.0,5.2326,
4395628,Zion Williamson,NO,PF/C,ACTIVE,91.9,66.8,62,29.68,21,7.81,13.02,0.6,5.37,7.5,0.72,0.02,0.06,0.25,2.02,3.68,5.69,3.21,0.97,0.55,2.03,2.27,6,0,2350,37.9,64,30.9,22.84,8.73,15,0.58,5.31,7.59,0.7,0.06,0.2,0.28,6.09,4.3,1.09,0.7,2.5,2558,39.97,37.64,0.2903,37.9303,37.9,0.0303,2351.68,46.0071,39.93,39.97,-0.04,2555.52,46.5204,0.355,0.0968,0.0,2.3103,
4065733,Ty Jerome,MEM,PG/SG,ACTIVE,62.8,93.8,15,22.73,19.67,6.8,14.33,0.47,3.27,3.73,0.88,2.8,6.67,0.42,0.73,2.07,2.8,5.67,1.07,0.27,1.8,2.07,0,0,568,37.87,64,25.8,19.83,6.98,14.3,0.49,3.14,3.59,0.87,2.72,6.41,0.43,3.2,5.59,1.3,0.2,1.91,2454,38.34,37.91,0.0,37.91,37.87,0.04,568.65,60.0422,38.32,38.34,-0.02,2452.48,53.4698,0.2607,0.0,0.0,0.73,THIN
4845367,Stephon Castle,SA,PG/SG,ACTIVE,92.9,49.8,68,29.96,16.63,5.65,12,0.47,4.15,5.65,0.73,1.19,3.59,0.33,1.43,3.88,5.31,7.38,1.15,0.28,3.19,3.26,18,5,2562,37.68,72,32.7,18.14,6.21,13.4,0.46,4.4,6,0.73,1.32,4.1,0.32,5.6,7.6,1.19,0.31,3.4,2654,36.86,36.46,1.2353,37.6953,37.68,0.0153,2563.28,45.2947,36.88,36.86,0.02,2655.36,40.6018,0.2693,0.2647,0.0735,2.6653,
4431680,Onyeka Okongwu,ATL,C,ACTIVE,80.3,79.5,74,31.08,15.18,5.58,11.62,0.48,2.07,2.73,0.76,1.95,5.18,0.38,1.89,5.7,7.59,3.12,1.11,1.07,1.72,3.28,16,0,2786,37.65,72,30.6,14.96,5.54,11.31,0.49,2.13,2.81,0.76,1.75,4.69,0.37,7.81,3,1.1,1,1.6,2506,34.81,37.01,0.6486,37.6586,37.65,0.0086,2786.74,43.6201,34.81,34.81,0.0,2506.32,40.9529,0.249,0.2162,0.0,2.5386,
4066259,De'Aaron Fox,SA,PG/SG,ACTIVE,95.3,53.1,72,31,18.56,7.07,14.54,0.49,2.6,3.42,0.76,1.82,5.49,0.33,0.58,3.17,3.75,6.18,1.24,0.26,2.28,2.25,8,0,2709,37.63,71,31.3,20.63,7.69,16.3,0.47,3.24,4.2,0.77,2.01,5.9,0.34,4,5.61,1.39,0.3,2.3,2709,38.15,37.29,0.3333,37.6233,37.63,-0.0067,2708.88,43.6916,38.14,38.15,-0.01,2707.94,43.8671,0.1547,0.1111,0.0,0.9133,
4591725,Ryan Rollins,MIL,PG/SG,ACTIVE,65.2,110.2,74,32.09,17.31,6.57,13.92,0.47,1.69,2.12,0.8,2.49,6.12,0.41,0.73,3.84,4.57,5.59,1.49,0.42,2.72,2.61,6,0,2775,37.5,69,28,14.91,5.67,12,0.47,1.43,1.8,0.8,2.14,5.3,0.41,4,4.8,1.3,0.41,2.3,2198,31.86,37.27,0.2432,37.5132,37.5,0.0132,2775.98,42.084,31.86,31.86,0.0,2198.34,40.9629,0.1597,0.0811,0.0,0.9732,
4278039,Nickeil Alexander-Walker,ATL,PG/SG,ACTIVE,82.4,55.6,78,33.37,20.82,7.03,15.32,0.46,3.55,3.94,0.9,3.22,8.06,0.4,0.67,2.77,3.44,3.67,1.31,0.54,2.08,2.22,2,0,2896,37.13,79,32.3,19.15,6.49,14.2,0.46,3.14,3.51,0.9,3.03,7.59,0.4,3.41,3.51,1.2,0.51,1.9,2690,34.05,37.08,0.0769,37.1569,37.13,0.0269,2898.24,40.0854,34.06,34.05,0.01,2690.74,37.9616,0.1948,0.0256,0.0,0.7469,
4066328,Jarrett Allen,CLE,C,ACTIVE,88,66.3,56,27.2,15.36,6.02,9.43,0.64,3.3,4.66,0.71,0.02,0.18,0.1,2.57,5.93,8.5,1.79,0.98,0.84,1.34,1.7,20,0,2069,36.95,71,30.3,15.77,6.37,9.7,0.66,3.04,4.2,0.72,,0.1,0.06,10,2.2,0.9,1,1.39,2617,36.86,35.88,1.0714,36.9514,36.95,0.0014,2069.28,48.9063,36.87,36.86,0.01,2617.77,43.8059,0.3024,0.3571,0.0,3.6414,
4066320,Desmond Bane,ORL,SG/SF,ACTIVE,94.4,49.8,82,33.62,20.09,7.11,14.7,0.48,3.83,4.22,0.91,2.04,5.21,0.39,1.2,2.93,4.12,4.12,1.05,0.45,2,3.07,1,0,3022,36.85,72,33.7,20.68,7.44,15.5,0.48,3.42,3.81,0.9,2.38,6.1,0.39,4.81,4.81,1.1,0.5,2.31,2754,38.25,36.82,0.0366,36.8566,36.85,0.0066,3022.24,39.4657,38.26,38.25,0.01,2754.72,40.8712,0.2913,0.0122,0.0,1.2366,
3102530,Jusuf Nurkic,UTAH,C,DAY_TO_DAY,8.7,140.2,41,26.44,10.9,4.39,8.73,0.5,1.51,2.76,0.55,0.61,1.73,0.35,2.59,7.78,10.37,4.78,1.27,0.54,2.46,3.27,16,3,1506,36.73,64,23.1,9.44,3.66,7.3,0.5,1.67,2.7,0.62,0.45,1.5,0.3,9.09,3.41,1,0.7,2,1766,27.59,35.15,1.6098,36.7598,36.73,0.0298,1507.15,50.0511,27.59,27.59,0.0,1765.76,42.9974,0.2498,0.3902,0.0732,4.1998,
6478,Nikola Vucevic,ORL,C,ACTIVE,75.8,117.4,64,28.42,15.08,6.16,12.48,0.49,1.2,1.45,0.83,1.56,4.23,0.37,1.95,6.44,8.39,3.33,0.61,0.64,1.33,1.98,23,0,2345,36.64,72,25.1,13.76,5.71,11.4,0.5,1.14,1.4,0.82,1.21,3.4,0.36,7.69,2.69,0.6,0.6,1.19,2174,30.19,35.57,1.0781,36.6481,36.64,0.0081,2345.48,46.4227,30.22,30.19,0.03,2175.84,43.3434,0.2324,0.3594,0.0,3.0281,
3907497,Dejounte Murray,NO,PG/SG,ACTIVE,72.3,68.6,14,27.86,16.71,6.29,13,0.48,2.79,3.21,0.87,1.36,4.43,0.31,0.29,5.07,5.36,6.36,1.64,0.21,3.36,2.36,1,0,511,36.5,68,32.4,19.53,7.38,16.5,0.45,2.68,3.29,0.81,2.09,6.1,0.34,5.4,6.4,1.5,0.29,2.79,2655,39.04,36.28,0.2143,36.4943,36.5,-0.0057,510.92,47.157,39.05,39.04,0.01,2655.4,43.3889,0.0541,0.0714,0.0,0.5043,THIN
3913176,Brandon Ingram,LAC,SF/PF,OUT,81.6,79.9,77,33.79,21.49,7.97,16.73,0.48,3.79,4.62,0.82,1.75,4.58,0.38,0.82,4.77,5.58,3.69,0.75,0.71,2.43,1.92,2,0,2811,36.51,67,35.3,22.55,8.45,17.6,0.48,3.91,4.81,0.82,1.75,4.7,0.37,5.7,4.81,0.81,0.7,2.81,2575,38.43,36.38,0.0779,36.4579,36.51,-0.0521,2807.26,38.8424,38.44,38.43,0.01,2575.48,39.2023,0.147,0.026,0.0,0.8979,
4395724,Immanuel Quickley,TOR,PG/SG,ACTIVE,70.7,107.4,70,31.96,16.43,5.73,12.93,0.44,2.43,2.96,0.82,2.54,6.8,0.37,0.54,3.49,4.03,5.93,1.31,0.07,1.46,2.01,8,0,2546,36.37,65,31.4,17.05,5.83,13.31,0.44,2.77,3.31,0.84,2.62,6.91,0.38,4,5.8,1.11,0.11,1.51,2270,34.92,36.0,0.3429,36.3429,36.37,-0.0271,2544.0,40.9369,34.94,34.92,0.02,2271.1,40.0586,0.134,0.1143,0.0,0.8829,
4017837,Ivica Zubac,IND,C,ACTIVE,84,94.6,48,30.21,14.1,6,10.04,0.6,2.1,2.96,0.71,0,0,0,3.38,7.23,10.6,2.19,0.38,0.83,1.79,2.33,24,0,1743,36.31,69,30,14.29,6.17,9.9,0.62,1.94,2.8,0.69,,,,10.9,2.1,0.51,1.1,1.51,2374,34.41,34.82,1.5,36.32,36.31,0.01,1743.36,43.281,34.39,34.41,-0.02,2372.91,41.268,0.3189,0.5,0.0,4.88,
4279888,Ja Morant,POR,PG,ACTIVE,89.3,84.7,20,28.4,19.45,6.6,16.1,0.41,5.25,5.85,0.9,1,4.25,0.24,0.4,2.85,3.25,8.05,1,0.3,3.55,2,8,0,720,36,65,28.6,21.02,7.26,16.4,0.44,5.06,6,0.84,1.43,5,0.29,3.8,7.2,1,0.31,3.4,2357,36.26,34.8,1.2,36.0,36.0,0.0,720.0,45.6338,36.27,36.26,0.01,2357.55,45.6545,0.1231,0.4,0.0,1.6,THIN
4251,Paul George,BOS,SF/PF,ACTIVE,77.7,105,37,30.59,17.32,6.08,13.86,0.44,2.46,3,0.82,2.7,6.89,0.39,0.54,4.78,5.32,3.59,1.68,0.43,1.73,2.27,2,0,1331,35.97,55,33.2,19.82,7.02,15.51,0.45,2.85,3.31,0.87,2.93,7.4,0.4,5.4,3.8,1.71,0.51,2.11,2116,38.47,35.8,0.1622,35.9622,35.97,-0.0078,1330.6,42.3223,38.48,38.47,0.01,2116.4,41.7253,0.1015,0.0541,0.0,0.7022,
4395725,Tyler Herro,MIL,PG/SG,ACTIVE,85.3,67.1,33,31.18,20.52,7.48,15.61,0.48,3,3.27,0.92,2.55,6.73,0.38,0.42,4.36,4.79,4.12,0.7,0.36,1.94,1.88,0,0,1187,35.97,67,34,22.54,8.15,17.1,0.48,3.34,3.7,0.9,2.9,7.7,0.38,5.1,4.7,0.81,0.3,2.19,2600,38.81,35.96,0.0,35.96,35.97,-0.01,1186.68,41.5189,38.84,38.81,0.03,2602.28,41.1247,0.0877,0.0,0.0,0.42,
4277961,Jaren Jackson Jr.,UTAH,PF/C,ACTIVE,82.1,87.8,48,30.33,19.4,7.13,14.98,0.48,3.4,4.23,0.8,1.75,4.9,0.36,0.88,4.79,5.67,1.96,1.1,1.44,2.23,3.73,3,0,1725,35.94,62,31.4,21.89,7.84,16.69,0.47,4.31,5.4,0.8,1.9,5.4,0.35,5.69,2.1,1.19,1.6,2.31,2363,38.11,35.77,0.1875,35.9575,35.94,0.0175,1725.96,42.6795,38.12,38.11,0.01,2363.44,43.7045,0.1552,0.0625,0.0,1.0675,
5124612,VJ Edgecombe,PHI,SG,ACTIVE,80.5,84.4,75,35.01,15.99,6.01,13.73,0.44,1.97,2.41,0.82,1.99,5.61,0.35,1.63,4.01,5.64,4.2,1.43,0.52,1.83,2.85,7,0,2693,35.91,72,33.3,15.22,5.74,13.1,0.44,1.88,2.31,0.82,1.88,5.31,0.35,5.4,4,1.4,0.5,1.69,2352,32.67,35.64,0.28,35.92,35.91,0.01,2694.0,36.9357,32.67,32.67,0.0,2352.24,35.3189,0.289,0.0933,0.0,1.91,
4433287,Brandon Miller,CHA,SG/SF,DAY_TO_DAY,81.9,70.1,65,30.29,20.17,6.98,16.06,0.43,3.06,3.43,0.89,3.14,8.2,0.38,1.08,3.83,4.91,3.34,1.02,0.68,2.51,2.77,3,0,2301,35.4,68,34,22.28,7.75,17.9,0.43,3.28,3.71,0.89,3.5,9.21,0.38,5.4,3.71,1.1,0.71,2.79,2544,37.41,35.29,0.1385,35.4285,35.4,0.0285,2302.85,42.1071,37.43,37.41,0.02,2545.24,39.6318,0.22,0.0462,0.0,1.2185,
4396907,Darius Garland,LAC,PG,ACTIVE,88.5,49.7,45,29.82,18.78,6.87,14.93,0.46,2.33,2.71,0.86,2.71,6.84,0.4,0.4,1.98,2.38,6.69,0.96,0.18,2.89,1.87,7,0,1588,35.29,69,35.2,21.62,7.84,17,0.46,3.01,3.51,0.86,2.93,7.51,0.39,3,7.41,1.3,0.2,3.1,2786,40.38,34.86,0.4667,35.3267,35.29,0.0367,1589.7,42.6479,40.35,40.38,-0.03,2784.15,41.267,0.1681,0.1556,0.0,0.8667,
4277905,Trae Young,WSH,PG,ACTIVE,97.7,22.7,15,25.47,17.93,5.4,11.8,0.46,5.33,6.47,0.82,1.8,5.33,0.34,0.27,1.73,2,8,0.87,0.13,2.6,2.2,3,0,529,35.27,71,34.5,23.83,7.35,17.51,0.42,6.23,7.2,0.86,2.9,8.2,0.35,2.8,10.8,1.2,0.2,4.3,3149,44.35,34.66,0.6,35.26,35.27,-0.01,528.9,49.8375,44.35,44.35,0.0,3148.85,46.2783,0.135,0.2,0.0,0.87,THIN
4593803,Jalen Williams,OKC,SF/PF,DAY_TO_DAY,98.1,37.7,33,28.39,17.06,6.55,13.52,0.48,3.27,3.91,0.84,0.7,2.33,0.3,0.82,3.82,4.64,5.48,1.18,0.27,1.91,1.97,1,0,1162,35.21,70,32.8,20.63,7.96,15.8,0.5,3.24,4,0.81,1.47,3.9,0.38,4.9,5.3,1.4,0.6,2,2867,40.96,35.1,0.0909,35.1909,35.21,-0.0191,1161.3,44.6239,40.96,40.96,0.0,2867.2,44.9561,0.1767,0.0303,0.0,0.9109,
4395712,Andrew Nembhard,IND,PG/SG,ACTIVE,59,130.6,57,31.33,16.95,5.84,13.21,0.44,3.39,4.11,0.82,1.88,5.19,0.36,0.44,2.37,2.81,7.67,0.89,0.14,2.4,2.21,13,0,2005,35.18,71,30.7,12.59,4.72,10.2,0.46,1.94,2.39,0.81,1.21,3.61,0.34,3,5.9,1.1,0.1,2,2001,28.18,34.49,0.6842,35.1742,35.18,-0.0058,2004.93,40.4172,28.19,28.18,0.01,2001.49,33.0567,0.1566,0.2281,0.0,1.1242,
4566434,Franz Wagner,ORL,SF/PF,ACTIVE,88.8,71.1,34,29.97,20.56,7.18,14.91,0.48,4.79,5.82,0.82,1.41,4.09,0.35,1.26,3.94,5.21,3.32,0.94,0.32,1.71,2.12,0,0,1195,35.15,66,34,22.55,8.24,17.39,0.47,4.5,5.3,0.85,1.56,5.2,0.3,5.7,4.2,1.2,0.39,2.11,2550,38.64,35.12,0.0,35.12,35.15,-0.03,1194.08,42.1862,38.64,38.64,0.0,2550.24,40.9129,0.2418,0.0,0.0,1.26,
3468,Russell Westbrook,FA,PG,ACTIVE,5.7,138.8,64,28.95,15.17,5.59,13.11,0.43,1.98,2.86,0.69,2,5.92,0.34,1.25,4.19,5.44,6.66,1.3,0.19,3.27,2.3,16,6,2246,35.09,,,,,,,,,,,,,,,,,,,,33.79,1.3125,35.1025,35.09,0.0125,2246.56,43.6508,0.0,0.0,0.0,0.0,,0.2298,0.25,0.0938,2.5625,
3995,Jrue Holiday,POR,PG/SG,ACTIVE,30.6,132.1,53,29.4,16.32,6.04,13.38,0.45,1.66,1.98,0.84,2.58,6.83,0.38,1.34,3.28,4.62,6.08,1.02,0.11,2.75,1.47,9,0,1851,34.92,68,29.1,12.56,4.72,10.29,0.46,1.12,1.29,0.86,2,5.21,0.39,4.5,4.71,0.9,0.4,1.79,1974,29.03,34.42,0.5094,34.9294,34.92,0.0094,1851.26,42.7707,29.08,29.03,0.05,1977.44,35.9753,0.29,0.1698,0.0,1.8494,
4432165,Jalen Suggs,ORL,PG/SG,DAY_TO_DAY,27.8,137.2,57,27.54,13.79,4.95,11.39,0.43,1.75,2.05,0.85,2.14,6.32,0.34,0.63,3.23,3.86,5.47,1.84,0.7,2.67,2.54,4,1,1980,34.74,62,26.3,13.21,4.69,10.69,0.44,1.82,2.19,0.83,2,5.69,0.35,3.4,4,1.5,0.69,2.31,1804,29.1,34.39,0.3158,34.7058,34.74,-0.0342,1978.23,45.367,29.07,29.1,-0.03,1802.34,39.7916,0.1632,0.0702,0.0175,0.9458,
4066354,Payton Pritchard,BOS,PG/SG,ACTIVE,76.3,100.8,79,32.42,17.03,6.41,13.81,0.46,1.53,1.72,0.89,2.68,7.11,0.38,0.87,3.08,3.95,5.16,0.73,0.13,1.38,1.49,5,0,2729,34.54,72,30.8,16.04,6,12.9,0.47,1.42,1.6,0.89,2.63,6.9,0.38,3.81,4.81,0.69,0.1,1.31,2272,31.56,34.35,0.1899,34.5399,34.54,-0.0001,2728.65,38.354,31.56,31.56,0.0,2272.32,36.8883,0.2203,0.0633,0.0,1.0599,
3934719,OG Anunoby,NY,SF/PF,ACTIVE,85.9,85.6,67,33.22,16.69,5.81,12,0.48,2.73,3.3,0.83,2.34,6.07,0.39,1.27,3.97,5.24,2.16,1.55,0.72,1.84,2.45,5,0,2314,34.54,68,33.8,16.91,5.93,12.29,0.48,2.72,3.29,0.82,2.34,6.1,0.38,5.21,2.21,1.5,0.71,1.79,2250,33.09,34.31,0.2239,34.5339,34.54,-0.0061,2313.77,37.4238,33.14,33.09,0.05,2253.52,35.297,0.2424,0.0746,0.0,1.4939,
3147657,Mikal Bridges,NY,SG/SF,ACTIVE,91.3,51.9,82,32.87,14.4,5.76,11.74,0.49,0.99,1.2,0.83,1.9,5.12,0.37,0.96,2.84,3.8,3.71,1.3,0.76,1.01,1.95,1,0,2813,34.3,82,33.6,15.2,6.05,12.4,0.49,1.15,1.4,0.82,1.95,5.3,0.37,3.7,3.7,1.2,0.7,1.2,2693,32.84,34.27,0.0366,34.3066,34.3,0.0066,2813.14,37.5734,32.9,32.84,0.06,2697.8,35.25,0.2526,0.0122,0.0,0.9966,
5061575,Kon Knueppel,CHA,SG/SF,DAY_TO_DAY,91.3,42.9,81,31.47,18.49,6.36,13.38,0.48,2.41,2.79,0.86,3.37,7.93,0.43,1.2,4.14,5.33,3.38,0.7,0.23,1.99,2.09,7,0,2766,34.15,78,34.2,20.01,6.88,14.5,0.47,2.59,3,0.86,3.65,8.6,0.42,5.79,3.71,0.79,0.29,2.21,2783,35.68,33.85,0.2593,34.1093,34.15,-0.0407,2762.85,39.0192,35.62,35.68,-0.06,2778.36,37.4947,0.2251,0.0864,0.0,1.4593,
4222252,Isaiah Hartenstein,OKC,C,DAY_TO_DAY,42,133.2,47,24.3,9.19,3.91,6.3,0.62,1.36,2.23,0.61,0,0.15,0,3.17,6.26,9.43,3.53,1.02,0.77,1.74,2.51,11,1,1598,34,64,25,9.47,4.05,6.59,0.61,1.38,2.2,0.63,,0.2,0.01,9.59,3.5,1,0.8,1.7,1953,30.52,33.18,0.8298,34.0098,34.0,0.0098,1598.46,50.3849,30.55,30.52,0.03,1955.2,43.992,0.3362,0.234,0.0213,3.9998,
3062679,Josh Hart,NY,SG/SF,ACTIVE,84.1,99.3,66,30.24,12,4.56,8.97,0.51,1.36,1.89,0.72,1.52,3.67,0.41,1.41,5.95,7.36,4.8,1.14,0.26,1.94,2.5,13,2,2243,33.98,68,31.5,12.21,4.65,9.1,0.51,1.47,2,0.73,1.44,3.6,0.4,7.71,5,1.21,0.29,2,2245,33.01,33.23,0.7727,34.0027,33.98,0.0227,2244.18,40.4794,33.03,33.01,0.02,2246.04,37.7486,0.1916,0.197,0.0303,2.1827,
4683742,Julian Reese,NO,PF,ACTIVE,0.1,140,13,30.92,11.85,4.85,9.15,0.53,2.15,3.38,0.64,0,0,0,4.23,6.31,10.54,1.85,1.38,0.62,2.46,3.23,5,0,440,33.85,,,,,,,,,,,,,,,,,,,,32.72,1.1538,33.8738,33.85,0.0238,440.36,39.4391,0.0,0.0,0.0,0.0,,0.4013,0.3846,0.0,5.3838,THIN
3059319,Andrew Wiggins,MIA,SF/PF,DAY_TO_DAY,72.4,116,68,30.35,15.37,5.74,12.07,0.48,1.87,2.38,0.78,2.03,4.9,0.41,1.69,3.15,4.84,2.68,1.12,1.01,1.51,2.29,2,0,2295,33.75,67,30.4,15.66,5.79,12.3,0.47,2.03,2.6,0.78,2.04,5,0.41,4.81,2.7,1.1,1,1.51,2146,32.03,33.69,0.0882,33.7782,33.75,0.0282,2296.92,40.0664,32.0,32.03,-0.03,2144.0,37.8947,0.3492,0.0294,0.0,1.7782,
4397424,Neemias Queta,BOS,C,ACTIVE,21.9,136,76,25.36,10.21,4.29,6.57,0.65,1.62,2.3,0.7,0.01,0.11,0.13,3.03,5.34,8.37,1.66,0.79,1.32,0.99,2.84,17,0,2537,33.38,72,23.6,9.47,3.99,6.1,0.65,1.49,2.1,0.71,0.01,0.1,0.12,7.69,1.5,0.69,1.19,0.9,1958,27.19,32.73,0.6711,33.4011,33.38,0.0211,2538.48,47.4147,27.16,27.19,-0.03,1955.52,41.4305,0.362,0.2237,0.0,3.7011,
4278067,Nic Claxton,CHI,C,DAY_TO_DAY,59.4,123.9,69,27.83,11.74,4.83,8.45,0.57,2.04,3.32,0.62,0.04,0.28,0.16,2.43,4.49,6.93,3.67,0.65,1.12,1.39,2.29,11,2,2301,33.35,69,27.8,11.55,4.81,8.41,0.57,1.87,3.1,0.6,0.06,0.3,0.17,7.1,3.41,0.7,1.2,1.41,2090,30.29,32.71,0.6522,33.3622,33.35,0.0122,2301.99,43.1562,30.29,30.29,0.0,2090.01,39.2245,0.3506,0.1594,0.029,3.0822,
4395625,RJ Barrett,TOR,SG/SF,ACTIVE,72.8,112.6,57,30.25,19.26,7.04,14.32,0.49,3.51,4.89,0.72,1.68,4.96,0.34,0.96,4.3,5.26,3.32,0.74,0.33,1.74,2.58,0,0,1880,32.98,66,30.8,19.74,7.3,15.11,0.48,3.44,5,0.69,1.7,4.89,0.34,5.61,3.89,0.7,0.3,2.11,2149,32.56,32.98,0.0,32.98,32.98,0.0,1879.86,39.2489,32.54,32.56,-0.02,2147.64,38.0338,0.1825,0.0,0.0,0.96,
2595516,Norman Powell,CHI,SG/SF,ACTIVE,79.5,82.8,58,29.64,21.74,7.26,15.43,0.47,4.53,5.48,0.83,2.69,7.07,0.38,0.38,3.1,3.48,2.47,1.1,0.24,1.91,2.19,1,0,1912,32.97,69,33.8,24.03,8.09,17.1,0.47,4.78,5.8,0.82,3.07,7.9,0.39,3.8,2.59,1.2,0.3,2.1,2482,35.97,32.91,0.0517,32.9617,32.97,-0.0083,1911.78,40.0345,35.94,35.97,-0.03,2479.86,38.2793,0.1092,0.0172,0.0,0.4317,
3978,DeMar DeRozan,DEN,SF/PF,ACTIVE,83.3,98.2,77,31.31,18.43,6.48,13.05,0.5,4.86,5.6,0.87,0.61,1.91,0.32,0.45,2.48,2.94,4.1,1.04,0.3,1.25,1.94,2,0,2521,32.74,77,28.9,17.6,6.25,12.9,0.48,4.39,5.1,0.86,0.71,2.19,0.33,3,3.81,0.81,0.3,1.19,2297,29.83,32.66,0.0779,32.7379,32.74,-0.0021,2520.82,37.6418,29.88,29.83,0.05,2300.76,37.2208,0.1531,0.026,0.0,0.5279,
4711294,Matas Buzelis,CHI,SF/PF,ACTIVE,70.3,90.4,77,29.19,16.26,5.79,12.51,0.46,2.43,3.09,0.79,2.25,6.43,0.35,1,4.82,5.82,2.05,0.7,1.51,2.06,2.3,4,0,2518,32.7,74,30.5,16.68,5.96,12.91,0.46,2.45,3.09,0.79,2.31,6.59,0.35,6,2.09,0.7,1.59,2.09,2408,32.54,32.56,0.1558,32.7158,32.7,0.0158,2519.12,40.3484,32.52,32.54,-0.02,2406.48,38.3843,0.1718,0.0519,0.0,1.1558,
2490149,CJ McCollum,ATL,PG/SG,DAY_TO_DAY,76.3,98.4,76,29.75,18.74,6.91,15.18,0.45,2.41,3.12,0.77,2.51,6.71,0.37,0.82,2.5,3.32,3.86,0.84,0.46,1.78,1.89,0,0,2483,32.67,73,30.2,19.11,7.04,15.51,0.45,2.38,3.1,0.77,2.64,7,0.38,3.4,3.9,0.79,0.51,1.79,2368,32.44,32.68,0.0,32.68,32.67,0.01,2483.68,39.5455,32.42,32.44,-0.02,2366.66,38.6464,0.247,0.0,0.0,0.82,
4397136,Saddiq Bey,NO,SF/PF,ACTIVE,15.7,138.4,72,31.19,17.65,6.06,13.43,0.45,3.44,4.1,0.84,2.1,5.72,0.37,1.68,3.88,5.56,2.53,0.94,0.1,0.94,1.32,7,0,2350,32.64,71,27.1,14.73,5.06,11.3,0.45,2.86,3.39,0.84,1.76,4.9,0.36,4.9,2.1,0.8,0.1,0.8,1837,25.87,32.36,0.2917,32.6517,32.64,0.0117,2350.92,37.6871,25.88,25.87,0.01,1837.48,34.3793,0.3022,0.0972,0.0,1.9717,
4432639,Jabari Smith Jr.,HOU,PF/C,ACTIVE,55.1,122.2,77,35.14,15.78,5.69,12.66,0.45,2.1,2.71,0.78,2.3,6.34,0.36,1.4,5.47,6.87,1.86,0.73,0.92,1.36,2.49,14,0,2509,32.58,73,32.1,14.14,5.07,11.3,0.45,1.97,2.51,0.79,2.03,5.6,0.36,6.79,1.6,0.6,0.79,1.21,2018,27.64,32.06,0.5455,32.6055,32.58,0.0255,2510.62,33.4034,27.6,27.64,-0.04,2014.8,30.9533,0.2038,0.1818,0.0,1.9455,
5105623,Kel'el Ware,MIL,C,ACTIVE,60.7,107.6,77,22.18,11.05,4.47,8.43,0.53,0.92,1.25,0.74,1.19,3.03,0.39,2.82,6.19,9.01,0.73,0.77,1.09,0.81,1.55,24,0,2500,32.47,72,24.3,11.86,4.85,9.1,0.53,0.96,1.31,0.73,1.21,3.1,0.39,9.6,0.81,0.81,1.19,0.9,2212,30.72,31.53,0.9351,32.4651,32.47,-0.0049,2499.81,52.6935,30.74,30.72,0.02,2213.28,45.5407,0.313,0.3117,0.0,3.7551,
4593125,Santi Aldama,DAL,SF/PF,DAY_TO_DAY,17.8,140.8,43,27.84,14,5.3,11.07,0.48,1.77,2.65,0.67,1.63,4.65,0.35,1.56,5.12,6.67,2.91,0.86,0.72,1.28,1.6,5,0,1395,32.44,66,23.7,11.02,4.2,9,0.47,1.06,1.61,0.66,1.56,4.39,0.36,5.61,2.39,0.7,0.61,1,1652,25.03,32.09,0.3488,32.4388,32.44,-0.0012,1394.87,41.9468,25.06,25.03,0.03,1653.96,38.0658,0.2339,0.1163,0.0,1.9088,
4395626,Tre Jones,CHI,PG,ACTIVE,5.7,140.7,65,26.97,14.06,5.25,9.49,0.55,2.94,3.49,0.84,0.63,2,0.32,0.58,2.55,3.14,5.38,1.17,0.17,1.42,1.45,5,0,2105,32.38,68,22.3,11.13,4.18,7.6,0.55,2.26,2.71,0.84,0.51,1.6,0.32,2.6,4.5,1,0.1,1.1,1752,25.76,32.15,0.2308,32.3808,32.38,0.0008,2104.75,43.2224,25.75,25.76,-0.01,1751.0,41.5695,0.1847,0.0769,0.0,0.8108,
5174563,Kyshawn George,WSH,SG/SF,ACTIVE,25.9,134.8,48,28.94,14.79,5.27,12.02,0.44,2.19,2.73,0.8,2.06,5.42,0.38,0.9,4.21,5.1,4.46,1,0.9,2.6,3.52,3,0,1551,32.31,66,29.4,13.98,4.97,11.61,0.43,1.98,2.5,0.8,2.06,5.61,0.37,5.11,4.2,1,0.89,2.39,1990,30.15,32.15,0.1875,32.3375,32.31,0.0275,1552.2,40.2263,30.14,30.15,-0.01,1989.24,36.9061,0.1765,0.0625,0.0,1.0875,
3102531,Kristaps Porzingis,GS,PF/C,DAY_TO_DAY,69.4,113.9,32,24.06,16.66,5.41,12.13,0.45,4.16,4.94,0.84,1.69,5,0.34,1.25,3.97,5.22,2.53,0.56,1.19,1.28,2.88,1,0,1034,32.31,59,27.7,18.85,6.32,13,0.49,4.2,5,0.84,2,5.31,0.38,6.51,2.2,0.69,1.59,1.41,2180,36.95,32.23,0.0938,32.3237,32.31,0.0137,1034.36,48.3647,36.9,36.95,-0.05,2177.1,47.9567,0.2395,0.0312,0.0,1.3438,
4066383,Miles Bridges,PHX,SF/PF,ACTIVE,81.4,92.7,77,30.99,17.06,6.22,13.53,0.46,2.7,3.29,0.82,1.92,5.78,0.33,0.97,4.87,5.84,3.19,0.6,0.44,1.39,1.7,8,0,2480,32.21,71,33.1,19.14,7.1,15.7,0.45,2.85,3.39,0.84,2.1,6.3,0.33,6.7,3.39,0.7,0.51,1.8,2408,33.92,31.87,0.3117,32.1817,32.21,-0.0283,2477.99,37.3843,33.92,33.92,0.0,2408.32,36.8918,0.1661,0.1039,0.0,1.2817,
4684742,Ausar Thompson,DET,SF/PF,ACTIVE,74.9,103.8,73,26.03,9.88,4.15,7.9,0.53,1.49,2.62,0.57,0.08,0.33,0.25,2.05,3.67,5.73,3.12,2,0.95,1.51,2.71,3,0,2347,32.15,70,26.8,10.4,4.36,8.3,0.53,1.57,2.7,0.58,0.11,0.5,0.23,6,3.1,2,1,1.6,2156,30.8,32.03,0.1233,32.1533,32.15,0.0033,2347.19,44.4686,30.8,30.8,0.0,2156.0,41.3731,0.3578,0.0411,0.0,2.1733,
4701232,Mark Williams,PHX,C,OUT,25.3,140.1,60,23.58,11.67,4.7,7.3,0.64,2.25,2.92,0.77,0.02,0.02,1,3.08,4.87,7.95,0.97,0.92,0.92,1.08,2.2,14,0,1917,31.95,24,24.9,12.92,5.21,8.29,0.63,2.5,3.21,0.78,,,0.25,8.92,1.5,0.79,1,1.21,744,31,31.29,0.7,31.99,31.95,0.04,1919.4,48.8397,31.0,31.0,0.0,744.0,44.8193,0.3874,0.2333,0.0,3.78,
4432646,Kennedy Chandler,PHX,PG,ACTIVE,0,140,11,32.18,15,5.55,12.45,0.45,2.55,3.91,0.65,1.36,3.45,0.39,0.55,2.82,3.36,6.73,1,0.18,2.09,2.09,1,0,350,31.82,,,,,,,,,,,,,,,,,,,,31.56,0.2727,31.8327,31.82,0.0127,350.16,35.6115,0.0,0.0,0.0,0.0,,0.1637,0.0909,0.0,0.8227,THIN
4431671,Jaden McDaniels,MIN,SF/PF,ACTIVE,77.8,99.7,73,31.74,14.85,5.71,11.08,0.52,2.01,2.41,0.84,1.41,3.42,0.41,1.04,3.21,4.25,2.73,1.11,1,1.79,3.34,0,0,2321,31.79,74,31.7,14.18,5.49,10.8,0.51,1.82,2.2,0.83,1.38,3.5,0.39,4.41,2.5,1.09,1,1.7,2200,29.73,31.81,0.0,31.81,31.79,0.02,2322.13,36.0794,29.73,29.73,0.0,2200.02,33.7628,0.2447,0.0,0.0,1.04,
4278129,Deandre Ayton,WSH,C,ACTIVE,30.7,140.3,72,27.26,12.46,5.6,8.35,0.67,1.26,1.96,0.65,0,0,0,2.57,5.42,7.99,0.82,0.57,0.97,1.15,2.18,22,0,2274,31.58,64,23.8,11.47,5.23,8.59,0.61,0.97,1.41,0.69,0.03,0.2,0.17,7.59,1,0.59,0.7,1.2,1620,25.31,30.67,0.9167,31.5867,31.58,0.0067,2274.24,41.7139,25.28,25.31,-0.03,1617.92,38.2387,0.3217,0.3056,0.0,3.4867,
4594327,Keegan Murray,SAC,SF/PF,DAY_TO_DAY,53,124.3,23,34.57,13.96,5.48,13.04,0.42,1.65,2.13,0.78,1.35,4.87,0.28,1.43,4.3,5.74,1.65,1.04,1.57,1.17,1.83,2,0,726,31.57,71,34.1,13.83,5.32,12,0.44,1.14,1.39,0.82,2.04,6,0.34,6,1.61,0.9,1,0.9,2079,29.28,31.32,0.2609,31.5809,31.57,0.0109,726.36,32.8872,29.28,29.28,0.0,2078.88,30.9114,0.2491,0.087,0.0,1.6909,
4432848,Jaime Jaquez Jr.,MIL,SG/SF,ACTIVE,39.2,123.2,75,28.31,15.36,6.19,12.2,0.51,2.21,2.88,0.77,0.77,2.44,0.32,1.28,3.72,5,4.69,0.68,0.28,2.03,1.83,6,0,2350,31.33,74,27.3,14.36,5.73,11.41,0.5,2.15,2.8,0.77,0.76,2.41,0.32,4.91,4.3,0.7,0.3,1.91,2088,28.22,31.08,0.24,31.32,31.33,-0.01,2349.0,39.8276,28.21,28.22,-0.01,2087.54,37.2,0.256,0.08,0.0,1.52,
4592216,Alondes Williams,WSH,SG,,0,140,4,25,11,4,6.5,0.62,1.75,2,0.88,1.25,3.5,0.36,1.25,5,6.25,3,0.75,0.75,1.25,1,1,0,125,31.25,,,,,,,,,,,,,,,,,,,,30.5,0.75,31.25,31.25,0.0,125.0,45.0,0.0,0.0,0.0,0.0,,0.2,0.25,0.0,2.0,THIN
4914336,Shaedon Sharpe,POR,SG/SF,OUT,28.5,140.1,50,29.42,20.84,7.84,17.36,0.45,3.1,3.94,0.79,2.06,6.12,0.34,1.02,3.32,4.34,2.64,1.4,0.12,2.94,1.96,0,0,1561,31.22,27,25.4,16.81,6.3,14,0.45,2.52,3.19,0.79,1.7,5.19,0.33,3.7,2.3,1,0.11,2.19,670,24.81,31.22,0.0,31.22,31.22,0.0,1561.0,38.2026,24.8,24.81,-0.01,669.6,35.1496,0.235,0.0,0.0,1.02,
3135045,Grayson Allen,CHA,PG/SG,ACTIVE,6.6,140.6,51,28.8,16.49,5.27,13.08,0.4,2.82,3.29,0.86,3.12,8.92,0.35,0.73,2.31,3.04,3.82,1.35,0.25,1.63,2.29,0,0,1591,31.2,63,26.1,14.05,4.51,10.9,0.41,2.3,2.7,0.85,2.73,7.51,0.36,2.9,3.21,1.1,0.3,1.4,1676,26.6,31.15,0.0,31.15,31.2,-0.05,1588.65,38.9375,26.62,26.6,0.02,1677.06,36.7172,0.2401,0.0,0.0,0.73,
4396971,Naz Reid,CHA,PF/C,ACTIVE,82.8,66.2,77,26.09,13.58,5.16,11.31,0.46,1.17,1.6,0.73,2.1,5.82,0.36,1.17,5.03,6.19,2.21,0.99,1.01,1.64,2.53,6,0,2387,31,76,30.3,15.87,6,13.11,0.46,1.41,1.89,0.74,2.46,6.7,0.37,7.11,2.5,1.11,1.11,1.8,2590,34.08,30.76,0.2338,30.9938,31.0,-0.0062,2386.52,42.7664,34.13,34.08,0.05,2593.88,40.5505,0.189,0.0779,0.0,1.4038,
3064290,Aaron Gordon,DEN,PF,ACTIVE,47.1,131.9,36,27.86,16.17,5.5,11.06,0.5,3.47,4.53,0.77,1.69,4.36,0.39,1.42,4.39,5.81,2.67,0.58,0.28,1.06,1.72,4,0,1115,30.97,66,29.3,15.55,5.45,10.5,0.52,3.12,4,0.78,1.52,3.7,0.41,5.5,3.11,0.5,0.3,1.3,1908,28.91,30.63,0.3333,30.9633,30.97,-0.0067,1114.68,40.0101,28.91,28.91,0.0,1908.06,35.5208,0.2444,0.1111,0.0,1.7533,
4278585,Collin Gillespie,PHX,PG,ACTIVE,31.4,127.5,80,28.48,12.65,4.4,10.53,0.42,0.95,1.09,0.87,2.9,7.22,0.4,1.11,2.98,4.09,4.64,1.24,0.2,1.55,1.63,3,0,2474,30.93,73,26.8,11.92,4.15,9.9,0.42,0.88,1,0.87,2.74,6.79,0.4,3.9,4.4,1.21,0.21,1.4,2079,28.48,30.82,0.1125,30.9325,30.93,0.0025,2474.6,39.1001,28.52,28.48,0.04,2081.96,38.3104,0.2714,0.0375,0.0,1.2225,
4869780,Derik Queen,NO,PF/C,ACTIVE,55.3,102.9,81,25.04,11.7,4.37,9.23,0.47,2.68,3.37,0.79,0.28,1.09,0.26,1.68,5.38,7.06,3.68,1.04,0.91,2.35,2.65,14,2,2485,30.68,76,26.4,12.34,4.59,9.7,0.47,2.87,3.61,0.8,0.29,1.11,0.26,7.39,3.89,1.11,1,2.5,2279,29.99,30.0,0.6667,30.6667,30.68,-0.0133,2484.0,44.0895,29.98,29.99,-0.01,2278.48,40.8818,0.238,0.1728,0.0247,2.3467,
4712849,Anthony Black,ORL,PG/SG,DAY_TO_DAY,19.5,137.3,64,29.89,14.98,5.39,12.08,0.45,2.64,3.61,0.73,1.56,4.7,0.33,0.73,3.08,3.81,3.69,1.42,0.7,2.06,2.66,2,0,1963,30.67,69,28.9,13.83,4.97,11.2,0.44,2.49,3.41,0.73,1.39,4.2,0.33,3.7,3.51,1.41,0.7,2,1943,28.16,30.55,0.0938,30.6437,30.67,-0.0263,1961.2,36.9078,28.2,28.16,0.04,1945.8,35.128,0.1916,0.0312,0.0,0.8237,
4278078,P.J. Washington,DAL,SF/PF,ACTIVE,9.2,139.9,56,30.93,14.16,5.29,11.75,0.45,2.23,3.25,0.69,1.36,4.18,0.32,1.5,5.54,7.04,1.75,0.98,1.07,1.68,2.13,8,0,1716,30.64,64,29,13.19,4.89,10.91,0.45,2.08,3,0.69,1.33,4,0.33,6.59,1.7,0.91,1,1.59,1722,26.91,30.21,0.4286,30.6386,30.64,-0.0014,1715.76,35.6608,26.92,26.91,0.01,1722.88,33.4179,0.2131,0.1429,0.0,1.9286,
4433249,Moussa Diabate,CHA,PF/C,ACTIVE,5.5,140.3,73,26.03,7.88,3.14,4.97,0.63,1.59,2.41,0.66,0.01,0.03,0.5,3.74,4.96,8.7,1.93,0.77,0.99,1,2.41,20,0,2227,30.51,70,24.6,7.5,3,4.8,0.63,1.5,2.3,0.65,,,0.32,8.3,1.7,0.7,0.9,1,1680,24,29.72,0.8219,30.5419,30.51,0.0319,2229.56,42.2401,24.0,24.0,0.0,1680.0,35.122,0.4299,0.274,0.0,4.5619,
3134908,Jakob Poeltl,TOR,C,ACTIVE,59.9,127.1,46,25,10.72,4.72,6.74,0.7,1.28,2.13,0.6,0,0,0,2.48,4.54,7.02,2.02,0.87,0.7,1.24,3.15,7,0,1396,30.35,66,27,12.05,5.32,8.11,0.66,1.41,2.3,0.61,,,0.33,8.39,2.39,0.89,1.11,1.61,2089,31.65,29.91,0.4565,30.3665,30.35,0.0165,1396.86,43.7278,31.64,31.65,-0.01,2088.24,42.1867,0.3533,0.1522,0.0,2.9365,
4711272,Reed Sheppard,HOU,PG/SG,ACTIVE,72.1,105.3,82,26.22,13.54,4.96,11.54,0.43,0.84,1.05,0.8,2.77,7.02,0.39,0.34,2.56,2.9,3.38,1.49,0.66,1.5,2.02,2,0,2472,30.15,76,26.7,13.47,4.95,11.61,0.43,0.8,1,0.8,2.78,7.11,0.39,3,3.39,1.5,0.7,1.5,2274,29.92,30.08,0.0732,30.1532,30.15,0.0032,2472.56,41.4002,29.92,29.92,0.0,2273.92,40.3416,0.1172,0.0244,0.0,0.4132,
4397002,Ayo Dosunmu,MIN,PG/SG,ACTIVE,45.8,114.9,69,27.29,14.81,5.59,10.83,0.52,1.84,2.1,0.88,1.78,4.06,0.44,0.68,2.75,3.43,3.61,0.84,0.26,1.39,1.88,2,1,2058,29.83,72,29.4,15.26,5.81,11.31,0.51,1.82,2.1,0.86,1.83,4.31,0.42,3.6,3.9,0.9,0.31,1.5,2186,30.36,29.63,0.1739,29.8039,29.83,-0.0261,2056.47,39.3163,30.36,30.36,0.0,2185.92,37.1755,0.1983,0.029,0.0145,0.8539,
4576087,Peyton Watson,CLE,SF/PF,DAY_TO_DAY,36.1,126.2,54,29.56,14.61,5.28,10.76,0.49,2.56,3.5,0.73,1.5,3.65,0.41,0.91,3.98,4.89,2.06,0.93,1.13,1.72,2.52,2,0,1607,29.76,71,30.7,14.24,5.17,10.61,0.49,2.46,3.39,0.72,1.44,3.61,0.4,5,2.1,0.9,1.3,1.61,2077,29.25,29.69,0.1111,29.8011,29.76,0.0411,1609.26,36.2936,29.26,29.25,0.01,2077.46,34.3114,0.1861,0.037,0.0,1.0211,
4683766,Isaiah Collier,UTAH,PG,ACTIVE,6,140.7,59,25.73,11.66,4.32,8.73,0.5,2.56,3.54,0.72,0.46,1.69,0.27,0.36,2.19,2.54,7.17,1.12,0.34,2.51,2.34,10,0,1747,29.61,67,22.7,9.85,3.67,7.6,0.48,2.09,2.9,0.72,0.42,1.6,0.27,2.4,6.19,1,0.3,2.3,1648,24.6,29.11,0.5085,29.6185,29.61,0.0085,1747.49,41.4405,24.58,24.6,-0.02,1646.86,38.9815,0.1417,0.1695,0.0,0.8685,
4709138,Brandin Podziemski,GS,PG/SG,DAY_TO_DAY,50.9,94.3,82,28.46,13.82,4.8,10.56,0.45,2.34,2.94,0.8,1.87,5.02,0.37,0.88,4.23,5.11,3.71,1.07,0.18,1.6,1.66,5,0,2423,29.55,79,30.9,14.66,5.18,11.41,0.45,2.29,2.9,0.79,2.01,5.41,0.37,5.59,4,1.2,0.2,1.7,2436,30.84,29.34,0.1829,29.5229,29.55,-0.0271,2420.88,37.3445,30.8,30.84,-0.04,2433.2,35.8835,0.1722,0.061,0.0,1.0629,
3934673,Donte DiVincenzo,MIN,PG/SG,OUT,5.6,139.8,82,30.46,12.2,4.13,10.18,0.41,0.95,1.28,0.74,2.98,7.85,0.38,0.82,3.28,4.1,3.82,1.27,0.41,1.44,2.4,1,0,2408,29.37,4,24.1,10.25,3.5,8.25,0.41,0.75,1,0.75,2.5,6.25,0.38,3.25,3,1,0.25,1.25,92,23,29.33,0.0366,29.3666,29.37,-0.0034,2408.06,34.7077,23.0,23.0,0.0,92.0,34.3568,0.2,0.0122,0.0,0.8566,
4277847,Wendell Carter Jr.,ORL,C,ACTIVE,4,140.6,78,29.36,11.82,4.18,8.17,0.51,2.54,3.21,0.79,0.92,2.9,0.32,2.08,5.32,7.4,1.97,0.77,0.63,1.28,3.42,12,0,2276,29.18,72,25.4,9.97,3.6,7.19,0.5,1.97,2.6,0.76,0.81,2.6,0.31,6.69,1.81,0.69,0.5,1.1,1659,23.04,28.72,0.4615,29.1815,29.18,0.0015,2276.16,35.7812,23.03,23.04,-0.01,1658.16,32.6409,0.2811,0.1538,0.0,2.5415,
4278594,Naji Marshall,DAL,SF/PF,ACTIVE,2.8,140.6,74,29.5,15.24,5.66,11.09,0.51,3.08,4.05,0.76,0.84,2.88,0.29,0.88,3.82,4.7,3.26,1.11,0.08,1.61,1.93,2,0,2150,29.05,70,24.2,11.44,4.31,8.6,0.5,2.01,2.6,0.78,0.8,2.6,0.31,4.1,2.6,0.9,0.1,1.3,1567,22.39,28.98,0.0811,29.0611,29.05,0.0111,2150.52,35.4644,22.37,22.39,-0.02,1565.9,33.2777,0.1872,0.027,0.0,0.9611,
3155526,Dillon Brooks,PHX,SG/SF,ACTIVE,27.4,132.5,56,30.39,20.2,7.45,17.13,0.43,3.04,3.61,0.84,2.27,6.59,0.34,0.77,2.86,3.63,1.77,1.02,0.16,1.75,3.27,0,0,1613,28.8,69,30.7,18.58,6.86,15.8,0.43,2.59,3.1,0.84,2.28,6.41,0.35,3.59,1.7,1,0.2,1.59,1854,26.87,28.83,0.0,28.83,28.8,0.03,1614.48,34.152,26.88,26.87,0.01,1854.72,31.5205,0.2121,0.0,0.0,0.77,
4684793,Kyle Filipowski,UTAH,PF/C,DAY_TO_DAY,7.1,140.3,77,23.4,11.42,4.19,8.53,0.49,2.06,2.75,0.75,0.96,2.96,0.32,1.87,5.3,7.17,2.57,0.95,0.51,1.62,3.01,13,0,2218,28.81,73,22,10.66,3.95,8,0.49,1.85,2.51,0.74,0.92,2.79,0.33,6.7,2.4,0.9,0.51,1.51,1820,24.93,28.32,0.5065,28.8265,28.81,0.0165,2219.64,44.3485,24.94,24.93,0.01,1820.62,40.8109,0.2608,0.1688,0.0,2.3765,
4431736,Toumani Camara,POR,SF/PF,ACTIVE,24.6,139.2,82,33.29,13.41,4.78,10.87,0.44,1.18,1.67,0.71,2.67,7.22,0.37,1.57,3.56,5.13,2.45,1.15,0.43,1.76,2.89,3,0,2361,28.79,75,29.4,10.67,3.89,8.71,0.45,1.08,1.51,0.72,1.8,4.91,0.37,5,2,1.11,0.51,1.4,1783,23.77,28.68,0.1098,28.7898,28.79,-0.0002,2360.76,31.1334,23.79,23.77,0.02,1784.25,29.1306,0.306,0.0366,0.0,1.6798,
2991070,Jerami Grant,MEM,PF,ACTIVE,11.3,139.4,57,29.77,18.6,5.81,12.81,0.45,4.6,5.65,0.81,2.39,6.14,0.39,0.96,2.53,3.49,2.14,0.74,0.63,2.09,2.49,0,0,1640,28.77,68,29.4,17.62,5.54,12.5,0.44,4.25,5.21,0.82,2.28,5.9,0.39,3.4,2.1,0.71,0.71,1.9,1835,26.99,28.78,0.0,28.78,28.77,0.01,1640.46,34.8028,27.0,26.99,0.01,1836.0,33.0612,0.2751,0.0,0.0,0.96,
4900671,Ajay Mitchell,OKC,PG/SG,ACTIVE,5.5,139.7,57,25.81,13.58,5.02,10.35,0.48,2.47,2.84,0.87,1.07,3.09,0.35,0.7,2.63,3.33,3.61,1.25,0.32,1.42,2.09,1,0,1635,28.68,55,23.5,12.16,4.51,9.31,0.48,2.16,2.51,0.87,0.98,2.8,0.35,3,3.31,1.11,0.31,1.31,1385,25.18,28.66,0.0526,28.7126,28.68,0.0326,1636.62,40.0486,25.18,25.18,0.0,1384.9,38.5736,0.2102,0.0175,0.0,0.7526,
3133628,Myles Turner,MIL,C,ACTIVE,65.8,127.5,71,26.9,11.92,4,9.1,0.44,1.85,2.49,0.74,2.07,5.41,0.38,1.06,4.27,5.32,1.45,0.7,1.62,1.17,2.61,4,0,2034,28.65,71,27.4,12.42,4.2,9.39,0.45,1.94,2.61,0.75,2.08,5.39,0.39,5.51,1.51,0.7,1.7,1.3,2017,28.41,28.47,0.169,28.639,28.65,-0.011,2033.37,38.3273,28.37,28.41,-0.04,2014.27,37.2745,0.1992,0.0563,0.0,1.229,
3133603,Kelly Oubre Jr.,IND,SG/SF,ACTIVE,8.2,140.2,50,31.5,14.1,5.08,10.88,0.47,2.22,2.9,0.77,1.72,4.78,0.36,1,4.04,5.04,1.6,1.36,0.48,1.38,2.54,5,0,1428,28.56,67,26.3,12.24,4.54,9.9,0.46,1.97,2.6,0.76,1.19,3.7,0.32,4.4,1.3,1.1,0.51,1.1,1556,23.22,28.26,0.3,28.56,28.56,0.0,1428.0,32.64,23.22,23.22,0.0,1555.74,31.784,0.1984,0.1,0.0,1.3,
3064440,Zach LaVine,SAC,SG/SF,ACTIVE,63.9,126,39,31.44,19.18,6.72,14.03,0.48,3.21,3.64,0.88,2.54,6.51,0.39,0.21,2.56,2.77,2.28,0.72,0.26,1.9,2.08,0,0,1105,28.33,61,32.8,20.51,7.31,14.9,0.49,3.13,3.7,0.85,2.75,6.7,0.41,3.8,3.39,0.7,0.2,2.3,1953,32.02,28.36,0.0,28.36,28.33,0.03,1106.04,32.4733,31.99,32.02,-0.03,1951.39,35.111,0.0758,0.0,0.0,0.21,
4683747,Jaylon Tyson,CLE,SG/SF,ACTIVE,1.9,140.5,66,26.95,13.21,5,10.15,0.49,1.2,1.62,0.74,2.02,4.52,0.45,1.79,3.33,5.12,2.23,0.82,0.42,1.5,2.48,7,0,1868,28.3,62,26.7,12.92,4.89,10,0.49,1.19,1.6,0.74,1.95,4.4,0.44,5.1,2.19,0.81,0.4,1.5,1585,25.56,27.99,0.3182,28.3082,28.3,0.0082,1868.34,37.8143,25.56,25.56,0.0,1584.72,34.4629,0.3496,0.1061,0.0,2.1082,
4351852,Mitchell Robinson,BOS,C,ACTIVE,14.7,136.8,60,19.6,5.67,2.48,3.43,0.72,0.7,1.72,0.41,0,0,0,4.2,4.55,8.75,0.87,0.93,1.17,0.68,2.12,6,0,1692,28.2,61,25.4,7.34,3.21,4.51,0.71,0.92,2.2,0.42,,,,11.1,1.1,1.2,1.51,0.9,1848,30.3,27.91,0.3,28.21,28.2,0.01,1692.6,51.8143,30.31,30.3,0.01,1848.91,42.9591,0.48,0.1,0.0,4.5,
4278049,Daniel Gafford,DAL,C,ACTIVE,29.6,136.3,55,21.67,9.53,3.76,5.75,0.66,2,2.93,0.68,0,0,0,2.51,4.36,6.87,1.05,0.76,1.25,1.15,2.62,10,0,1551,28.2,68,22.5,10.69,4.35,6.29,0.69,1.99,2.9,0.68,,,,7.1,1.29,0.71,1.71,1.1,1994,29.32,27.59,0.5455,28.1355,28.2,-0.0645,1547.45,46.7409,29.35,29.32,0.03,1995.8,46.96,0.3654,0.1818,0.0,3.0555,
4903027,Cedric Coward,MEM,SG/SF,ACTIVE,32.8,127.8,62,25.84,13.6,4.92,10.45,0.47,2.26,2.68,0.84,1.5,4.44,0.34,1.34,4.53,5.87,2.76,0.65,0.44,1.69,2.03,7,0,1740,28.06,69,28.5,15.36,5.54,11.51,0.48,2.59,3,0.87,1.7,4.9,0.34,6.51,3,0.7,0.51,1.9,2052,29.74,27.78,0.3387,28.1187,28.06,0.0587,1743.36,39.1747,29.77,29.74,0.03,2054.13,37.6042,0.2283,0.1129,0.0,1.6787,
3908845,John Collins,DET,PF/C,ACTIVE,66.7,116,69,27.09,13.55,5.28,9.55,0.55,1.71,2.23,0.77,1.29,3.17,0.41,1.59,3.72,5.32,1.01,0.87,0.74,1.38,2.71,3,0,1937,28.07,68,30.6,16.37,6.31,11.71,0.54,2.31,2.9,0.8,1.44,3.71,0.39,7.71,1.29,0.79,0.9,1.71,2161,31.78,27.94,0.1304,28.0704,28.07,0.0004,1936.86,37.3029,31.76,31.78,-0.02,2159.68,37.3647,0.2989,0.0435,0.0,1.7204,
4898371,Maxime Raynaud,SAC,C,ACTIVE,1.6,140,74,26.59,12.46,5.18,9.07,0.57,1.78,2.27,0.79,0.32,1,0.32,1.92,5.59,7.51,1.35,0.51,0.53,1.27,2.3,18,0,2077,28.07,,,,,,,,,,,,,,,,,,,,27.33,0.7297,28.0597,28.07,-0.0103,2076.42,37.9899,0.0,0.0,0.0,0.0,,0.2557,0.2432,0.0,2.6497,
6440,Tobias Harris,SA,SF/PF,DAY_TO_DAY,60.2,121.8,63,27.76,13.27,4.9,10.46,0.47,2.16,2.49,0.87,1.3,3.54,0.37,0.87,4.25,5.13,2.49,0.92,0.41,1,1.7,3,0,1767,28.05,71,30.5,14.52,5.49,11.51,0.48,2.25,2.61,0.87,1.28,3.61,0.36,5.7,2.61,1,0.61,1.1,2135,30.07,27.88,0.1429,28.0229,28.05,-0.0271,1765.44,36.3409,30.07,30.07,0.0,2134.97,35.4925,0.1696,0.0476,0.0,1.0129,
4433083,Cam Spencer,MEM,PG/SG,ACTIVE,1.4,140.2,72,23.85,11.08,3.65,7.72,0.47,1.75,1.86,0.94,2.03,4.51,0.45,0.56,1.99,2.54,5.56,0.72,0.15,1.29,1.43,6,0,2013,27.96,,,,,,,,,,,,,,,,,,,,27.7,0.25,27.95,27.96,-0.01,2012.4,42.1887,0.0,0.0,0.0,0.0,,0.2205,0.0833,0.0,0.81,
4278053,Davion Mitchell,MIA,PG,ACTIVE,9.1,139,70,28.57,9.34,3.73,7.61,0.49,0.6,0.93,0.65,1.29,3.26,0.39,0.46,2.21,2.67,6.47,0.97,0.16,1.54,2.59,5,0,1950,27.86,71,27.7,8.92,3.55,7.3,0.49,0.59,0.9,0.66,1.23,3.1,0.39,2.51,6,0.9,0.2,1.51,1812,25.52,27.66,0.2143,27.8743,27.86,0.0143,1951.2,35.1234,25.53,25.52,0.01,1812.63,33.1798,0.1723,0.0714,0.0,0.6743,
3064482,Bobby Portis,MIA,PF/C,ACTIVE,19.8,140.1,67,24.13,13.66,5.46,11.19,0.49,0.72,1.01,0.71,2.01,4.42,0.46,1.33,5.06,6.39,1.57,0.61,0.18,0.99,1.64,11,0,1852,27.64,65,24.3,13.65,5.49,11.31,0.49,0.8,1.11,0.73,1.86,4.2,0.45,6.71,1.6,0.6,0.2,1,1689,25.98,27.15,0.4925,27.6425,27.64,0.0025,1852.05,41.2404,25.98,25.98,0.0,1688.7,38.4889,0.2081,0.1642,0.0,1.8225,
4683634,Bennedict Mathurin,NO,SG/SF,ACTIVE,25.1,139.9,54,29.96,17.57,5.39,12.54,0.43,5.41,6.22,0.87,1.39,4.41,0.32,1.02,4.41,5.43,2.39,0.8,0.24,2.19,2.54,3,0,1488,27.56,68,29.2,16.53,5.37,12.1,0.44,4.43,5.21,0.85,1.37,4.1,0.33,5.1,2.1,0.71,0.29,2,1704,25.06,27.4,0.1667,27.5667,27.56,0.0067,1488.6,33.1242,25.06,25.06,0.0,1704.08,30.8959,0.1878,0.0556,0.0,1.1867,
4596528,Lawson Lovering,FA,C,ACTIVE,0,140,2,25,7,3,5,0.6,1,2.5,0.4,0,0,0,3,4.5,7.5,1.5,1.5,0.5,1,3.5,1,0,55,27.5,,,,,,,,,,,,,,,,,,,,26.0,1.5,27.5,27.5,0.0,55.0,39.6,0.0,0.0,0.0,0.0,,0.4,0.5,0.0,4.5,THIN
5104155,Bilal Coulibaly,WSH,SG/SF,ACTIVE,2.6,140.6,56,26.23,11.73,4.11,9.66,0.43,2.36,3.16,0.75,1.16,3.64,0.32,0.86,3.48,4.34,2.59,1.34,0.96,1.45,2.32,0,0,1531,27.34,68,24,10.25,3.62,8.5,0.42,2.01,2.71,0.74,1,3.21,0.31,3.9,2.29,1.21,0.79,1.4,1563,22.99,27.33,0.0,27.33,27.34,-0.01,1530.48,37.5097,22.97,22.99,-0.02,1561.96,34.455,0.1982,0.0,0.0,0.86,
4437244,Jalen Green,PHX,SG/SF,ACTIVE,77.9,114.8,32,25.91,17.75,6.75,16,0.42,2.03,2.72,0.75,2.22,7.09,0.31,0.5,3.13,3.63,2.84,1.06,0.25,2.25,1.31,0,0,875,27.34,64,32.4,21.41,7.89,18.7,0.42,2.88,3.7,0.78,2.75,8.41,0.33,4.59,3.5,1.09,0.3,2.59,2072,32.38,27.33,0.0,27.33,27.34,-0.01,874.56,37.973,32.39,32.38,0.01,2072.96,35.9889,0.1377,0.0,0.0,0.5,
4395630,Devin Vassell,SA,SG/SF,ACTIVE,37.5,134.7,67,30.52,13.91,4.93,11.27,0.44,1.58,1.94,0.82,2.48,6.45,0.38,0.58,3.43,4.01,2.49,0.85,0.37,0.9,1.58,1,0,1832,27.34,69,27.5,14.3,5.28,11.7,0.45,1.61,2,0.8,2.14,5.7,0.38,3.51,2.7,0.9,0.41,1.1,1851,26.83,27.27,0.0448,27.3148,27.34,-0.0252,1830.09,32.2193,26.86,26.83,0.03,1853.34,35.1622,0.1446,0.0149,0.0,0.6248,
4431785,Scotty Pippen Jr.,MEM,PG/SG,ACTIVE,10,138.8,10,21.2,11.4,4.3,9.6,0.45,1.8,2.3,0.78,1,3.2,0.31,0.8,1.4,2.2,4.7,1.9,0.4,2.7,3.1,0,0,271,27.1,63,24.3,11.95,4.43,9.51,0.47,1.86,2.51,0.74,1.24,3.4,0.36,3.21,5.1,1.79,0.4,2.4,1843,29.25,27.1,0.0,27.1,27.1,0.0,271.0,46.0189,29.26,29.25,0.01,1843.38,43.3481,0.3636,0.0,0.0,0.8,THIN
4431679,Precious Achiuwa,SAC,PF/C,ACTIVE,3.1,140.7,73,23.96,10.08,4.33,8.19,0.53,1.05,1.9,0.55,0.37,1.33,0.28,2.41,4.32,6.73,1.38,0.89,0.68,0.89,1.68,12,0,1970,26.99,71,24.3,9.94,4.25,8.1,0.53,1.07,1.9,0.56,0.37,1.3,0.28,6.8,1.39,0.9,0.7,0.9,1711,24.1,26.47,0.4932,26.9632,26.99,-0.0268,1968.31,40.5122,24.06,24.1,-0.04,1708.26,35.6444,0.3581,0.1644,0.0,2.9032,
4277811,Collin Sexton,LAL,PG/SG,DAY_TO_DAY,27,132.4,68,23.72,15.44,5.29,10.91,0.49,3.21,3.75,0.85,1.65,4.1,0.4,0.6,1.68,2.28,3.28,1.12,0.15,2.07,2.12,1,0,1810,26.62,70,25.8,17.33,6.06,12.5,0.48,3.53,4.1,0.86,1.69,4.2,0.4,2.5,4.1,0.9,0.2,2.2,2013,28.76,26.6,0.0441,26.6441,26.62,0.0241,1811.8,40.438,28.77,28.76,0.01,2013.9,40.1442,0.2632,0.0147,0.0,0.6441,
4433174,Dylan Cardwell,SAC,C,ACTIVE,0.2,140,44,20.7,5.41,2.39,4.07,0.59,0.59,1.16,0.51,0.05,0.09,0.5,3.36,4.2,7.57,1.41,0.68,1.52,0.89,3.66,3,0,1170,26.59,,,,,,,,,,,,,,,,,,,,26.37,0.2045,26.5745,26.59,-0.0155,1169.28,46.2166,0.0,0.0,0.0,0.0,,0.4439,0.0682,0.0,3.5645,
4066211,Robert Williams III,POR,C,ACTIVE,1.5,140.6,59,17.1,6.73,3,4.24,0.71,0.58,0.97,0.6,0.15,0.39,0.39,2.39,4.63,7.02,1.02,0.59,1.47,0.83,1.25,5,0,1567,26.56,59,20,7.53,3.32,4.8,0.69,0.73,1.1,0.66,0.15,0.41,0.39,7.8,1.2,0.69,1.69,1,1588,26.92,26.28,0.2542,26.5342,26.56,-0.0258,1565.52,55.8616,26.87,26.92,-0.05,1585.33,48.366,0.3405,0.0847,0.0,2.6442,
6589,Draymond Green,GS,PF/C,DAY_TO_DAY,38,135.1,68,27.5,8.38,3.01,7.22,0.42,0.87,1.24,0.7,1.49,4.56,0.33,0.81,4.71,5.51,5.53,0.9,0.62,2.66,2.9,2,0,1803,26.51,64,27.9,8.69,3.16,7.2,0.44,1.13,1.59,0.7,1.25,3.7,0.34,6.09,5.7,1.09,0.8,2.59,1821,28.45,26.44,0.0882,26.5282,26.51,0.0182,1803.92,34.7279,28.47,28.45,0.02,1822.08,36.7355,0.147,0.0294,0.0,0.8982,
4395651,Coby White,CHA,PG/SG,DAY_TO_DAY,80.1,99.5,50,24.98,17.36,5.56,12.46,0.45,3.94,4.82,0.82,2.3,6.36,0.36,0.34,3.06,3.4,4,0.5,0.1,2.56,2.22,1,0,1326,26.52,72,33.5,20,6.78,15.1,0.45,3.67,4.31,0.85,2.78,7.5,0.37,4.1,4.81,0.69,0.19,2.5,2366,32.86,26.46,0.06,26.52,26.52,0.0,1326.0,38.2194,32.84,32.86,-0.02,2364.48,35.2907,0.1,0.02,0.0,0.4,
5144091,Jeremiah Fears,NO,PG/SG,ACTIVE,35.3,128.3,82,25.73,14.26,5.33,12.27,0.43,2.37,3,0.79,1.23,3.73,0.33,0.73,2.93,3.66,3.4,1.18,0.37,2.17,1.84,3,0,2165,26.4,77,26.4,14.64,5.47,12.6,0.43,2.44,3.1,0.79,1.26,3.81,0.33,3.81,3.51,1.19,0.4,2.19,2032,26.39,26.3,0.1098,26.4098,26.4,0.0098,2165.6,36.9511,26.39,26.39,0.0,2032.03,35.9864,0.1995,0.0366,0.0,0.8398,
4873138,Ace Bailey,UTAH,SF/PF,ACTIVE,32.8,132.6,72,27.56,13.79,5.49,12.39,0.44,0.92,1.22,0.75,1.9,5.53,0.34,1.44,2.75,4.19,1.82,0.83,0.68,1.49,2.68,1,0,1899,26.38,72,28.2,14.18,5.63,12.69,0.44,0.97,1.31,0.75,1.96,5.69,0.34,4.31,1.9,0.9,0.69,1.5,1862,25.86,26.31,0.0417,26.3517,26.38,-0.0283,1897.32,34.4216,25.84,25.86,-0.02,1860.48,32.9872,0.3437,0.0139,0.0,1.4817,
4431767,Christian Braun,DEN,SG/SF,ACTIVE,30.9,140.6,44,31.8,11.95,4.59,8.84,0.52,1.8,2.3,0.78,0.98,3.25,0.3,1.39,3.41,4.8,2.73,0.68,0.27,0.98,2.34,0,0,1156,26.27,65,27.5,10.94,4.2,7.91,0.53,1.66,2.11,0.79,0.88,2.71,0.33,4.2,2.31,0.71,0.31,0.8,1504,23.14,26.26,0.0,26.26,26.27,-0.01,1155.44,29.7283,23.16,23.14,0.02,1505.4,30.3185,0.2896,0.0,0.0,1.39,
4278580,Sandro Mamukelashvili,LAL,PF/C,ACTIVE,1.6,140,80,21.9,11.16,4.13,7.89,0.52,1.48,1.98,0.75,1.44,3.7,0.39,1.35,3.59,4.94,1.89,0.8,0.51,0.84,1.84,3,0,2097,26.21,,,,,,,,,,,,,,,,,,,,26.1,0.1125,26.2125,26.21,0.0025,2097.0,43.089,0.0,0.0,0.0,0.0,,0.2733,0.0375,0.0,1.4625,
4432194,Day'Ron Sharpe,BKN,C,ACTIVE,8,139.1,62,18.69,8.71,3.45,5.74,0.6,1.66,2.45,0.68,0.15,0.63,0.23,2.76,3.9,6.66,2.34,1.08,0.42,1.71,2.37,5,0,1621,26.15,69,22,9.71,4.01,7.51,0.54,1.46,2.1,0.7,0.22,0.9,0.25,8.41,2.2,0.9,1,1.59,1865,27.03,25.91,0.2419,26.1519,26.15,0.0019,1621.42,50.3729,27.03,27.03,0.0,1865.07,44.2309,0.4144,0.0806,0.0,3.0019,
4277848,Marvin Bagley III,DEN,PF/C,ACTIVE,0.7,140.4,60,20.05,10.45,4.23,6.85,0.62,1.58,2.4,0.66,0.4,0.87,0.46,2.5,3.6,6.1,1.42,0.47,0.72,1.02,2.05,6,0,1565,26.08,61,19.1,9.95,4.03,6.61,0.61,1.52,2.3,0.67,0.36,0.8,0.44,5.8,1.3,0.39,0.7,1,1329,21.79,25.8,0.3,26.1,26.08,0.02,1566.0,46.8628,21.74,21.79,-0.05,1326.14,40.9759,0.4098,0.1,0.0,2.8,
4065731,Jay Huff,IND,C,ACTIVE,0.6,140,82,21.01,9.55,3.55,7.45,0.48,1,1.21,0.83,1.45,4.55,0.32,0.89,3.06,3.95,1.48,0.5,1.88,0.93,2.39,1,0,2126,25.93,,,,,,,,,,,,,,,,,,,,25.9,0.0366,25.9366,25.93,0.0066,2126.8,44.4416,0.0,0.0,0.0,0.0,,0.2253,0.0122,0.0,0.9266,
3138196,Cameron Johnson,DEN,SF/PF,ACTIVE,7.1,140.2,54,30.52,12.22,4.22,8.8,0.48,1.74,2.07,0.84,2.04,4.74,0.43,0.8,3.02,3.81,2.44,0.74,0.39,0.87,2.31,1,0,1399,25.91,68,28.8,13.16,4.51,9.6,0.47,1.96,2.29,0.85,2.18,5.29,0.41,3.9,2.5,0.79,0.4,1,1774,26.09,25.84,0.0556,25.8956,25.91,-0.0144,1398.36,30.5452,26.09,26.09,0.0,1774.12,32.6125,0.21,0.0185,0.0,0.8556,
5037871,Dylan Harper,SA,PG/SG,ACTIVE,82.6,80.7,69,22.59,11.78,4.8,9.51,0.5,1.3,1.72,0.76,0.88,2.58,0.34,0.78,2.61,3.39,3.86,0.78,0.35,1.43,2.01,0,0,1785,25.87,72,29.3,15.21,6.21,12.31,0.51,1.67,2.19,0.76,1.13,3.31,0.34,4.4,5,1,0.5,1.9,2341,32.51,25.88,0.0,25.88,25.87,0.01,1785.72,41.243,32.53,32.51,0.02,2342.16,39.9686,0.2301,0.0,0.0,0.78,
3146557,Jock Landale,ATL,C,ACTIVE,0.2,140,68,22.19,10.56,4.15,8.06,0.51,1.18,1.85,0.63,1.09,2.84,0.38,2.69,3,5.69,1.69,0.51,0.53,0.88,2.21,9,0,1753,25.78,,,,,,,,,,,,,,,,,,,,25.38,0.3971,25.7771,25.78,-0.0029,1752.84,41.8195,0.0,0.0,0.0,0.0,,0.4728,0.1324,0.0,3.0871,
4397014,Quentin Grimes,LAL,SG/SF,ACTIVE,32.6,129.1,75,29.49,13.41,4.53,10.07,0.45,2.65,3.16,0.84,1.69,5.07,0.33,0.61,3.03,3.64,3.25,0.85,0.37,1.77,2.07,2,0,1935,25.8,73,30.8,14.92,5.14,11.3,0.45,2.58,3.21,0.8,2.07,5.79,0.36,4.21,3.4,1,0.4,1.9,2052,28.11,25.67,0.08,25.75,25.8,-0.05,1931.25,31.4344,28.15,28.11,0.04,2054.95,32.9026,0.1676,0.0267,0.0,0.69,
4433192,Tari Eason,HOU,SF/PF,ACTIVE,11.6,140.5,60,25.9,10.45,4.02,9.67,0.42,0.87,1.12,0.78,1.55,4.33,0.36,2.07,4.18,6.25,1.5,1.2,0.47,1.35,2.3,6,0,1542,25.7,66,24.9,10.38,4.02,9.39,0.43,0.92,1.2,0.77,1.42,4,0.36,6.11,1.39,1.2,0.5,1.3,1534,23.24,25.42,0.3,25.72,25.7,0.02,1543.2,35.7498,23.26,23.24,0.02,1535.16,33.6289,0.3312,0.1,0.0,2.37,
4398207,Jalen Slawson,IND,SF,ACTIVE,0,140,13,23.92,7.31,2.62,5.92,0.44,0.92,1.31,0.71,1.15,3.08,0.38,0.54,3.85,4.38,2.77,1.54,1.08,1.31,2.08,0,0,334,25.69,,,,,,,,,,,,,,,,,,,,25.71,0.0,25.71,25.69,0.02,334.23,38.694,0.0,0.0,0.0,0.0,,0.1233,0.0,0.0,0.54,THIN
5093267,Collin Murray-Boyles,TOR,PF,ACTIVE,7.3,139.4,57,21.84,8.49,3.47,6,0.58,1.25,1.89,0.66,0.3,0.88,0.34,2.33,2.67,5,1.86,0.91,0.93,1.04,2.58,4,0,1462,25.65,66,22.9,8.92,3.65,6.3,0.58,1.32,2,0.66,0.3,0.89,0.34,5.2,1.89,1,1,1.11,1605,24.32,25.42,0.2105,25.6305,25.65,-0.0195,1460.94,42.2481,24.3,24.32,-0.02,1603.8,38.2009,0.466,0.0702,0.0,2.5405,
2530530,T.J. McConnell,IND,PG,DAY_TO_DAY,26.1,140.6,56,17.18,9.38,4.32,8.04,0.54,0.45,0.52,0.86,0.29,0.89,0.32,0.39,1.82,2.21,5.13,1,0.18,1.14,1.11,1,0,1430,25.54,70,17.8,9.43,4.29,8,0.54,0.61,0.8,0.78,0.24,0.7,0.34,2.5,4.9,1,0.2,1.4,1705,24.36,25.5,0.0536,25.5536,25.54,0.0136,1431.0,53.5465,24.36,24.36,0.0,1705.2,49.2674,0.1765,0.0179,0.0,0.4436,
4397189,Jalen Smith,CHI,PF/C,ACTIVE,1.2,140.3,53,20.64,10.21,3.68,7.62,0.48,1.3,1.75,0.74,1.55,4.15,0.37,1.85,4.85,6.7,1.23,0.45,0.79,1,2.09,9,0,1353,25.53,66,19.5,9.79,3.55,7.3,0.48,1.27,1.7,0.75,1.42,3.89,0.37,6.39,1.2,0.39,0.8,0.89,1476,22.36,25.02,0.5094,25.5294,25.53,-0.0006,1353.06,44.5281,22.35,22.36,-0.01,1475.1,41.2615,0.2761,0.1698,0.0,2.3594,
4592479,Julian Champagnie,SA,SF/PF,ACTIVE,19,134.1,82,27.65,11.11,3.67,8.4,0.44,1.39,1.65,0.84,2.38,6.24,0.38,0.9,4.87,5.77,1.55,0.76,0.46,0.84,1.6,7,0,2082,25.39,82,26.7,10.78,3.55,8.2,0.43,1.37,1.6,0.85,2.32,6.1,0.38,5.4,1.5,0.7,0.5,0.8,1914,23.34,25.14,0.2561,25.3961,25.39,0.0061,2082.48,33.0654,23.37,23.34,0.03,1916.34,31.5101,0.156,0.0854,0.0,1.1561,
2583632,Royce O'Neale,CHA,SF/PF,ACTIVE,1.8,140.7,78,28.37,9.81,3.37,8.01,0.42,0.35,0.49,0.71,2.72,6.67,0.41,0.76,4.01,4.77,2.67,1.08,0.41,1.32,2.27,2,0,1978,25.36,76,24.5,8.47,2.93,7,0.42,0.29,0.39,0.71,2.32,5.7,0.41,4.2,2.3,0.89,0.39,1.11,1619,21.3,25.31,0.0769,25.3869,25.36,0.0269,1980.18,32.2146,21.25,21.3,-0.05,1615.0,31.2245,0.1593,0.0256,0.0,0.8369,
4395723,Keldon Johnson,SA,SF/PF,ACTIVE,7.1,139.8,82,23.29,13.18,5.05,9.72,0.52,1.88,2.37,0.79,1.21,3.33,0.36,1.67,3.7,5.37,1.35,0.56,0.13,0.85,1.98,5,0,2073,25.28,77,25.1,13.65,5.13,10.51,0.49,2.05,2.6,0.79,1.34,3.9,0.34,5.19,1.81,0.6,0.19,1.1,1845,23.96,25.08,0.1829,25.2629,25.28,-0.0171,2071.56,39.0496,23.96,23.96,0.0,1844.92,34.3649,0.311,0.061,0.0,1.8529,
4683692,Cason Wallace,OKC,PG/SG,DAY_TO_DAY,14.3,137.5,77,26.6,8.57,3.27,7.58,0.43,0.71,0.88,0.81,1.31,3.74,0.35,0.82,2.27,3.09,2.6,1.95,0.36,0.95,2,1,0,1938,25.17,76,26.4,8.42,3.25,7.39,0.44,0.64,0.8,0.81,1.28,3.61,0.35,3.11,2.5,1.89,0.39,0.89,1833,24.12,25.12,0.039,25.159,25.17,-0.011,1937.24,34.0497,24.1,24.12,-0.02,1831.6,32.8636,0.2654,0.013,0.0,0.859,
3213,Al Horford,GS,PF/C,DAY_TO_DAY,1.7,140.2,45,21.58,8.27,3.07,7.2,0.43,0.49,0.58,0.85,1.64,4.56,0.36,0.98,3.89,4.87,2.58,0.67,1.13,0.93,1.13,0,0,1129,25.09,56,25.4,8.7,3.21,7.11,0.45,0.52,0.61,0.87,1.75,4.61,0.38,5.8,2.39,0.61,1,0.8,1405,25.09,25.11,0.0,25.11,25.09,0.02,1129.95,41.8888,25.09,25.09,0.0,1405.04,35.5606,0.2012,0.0,0.0,0.98,
4432810,Isaiah Stewart,MEM,PF/C,DAY_TO_DAY,3.4,140.6,58,22.66,10.02,3.81,6.93,0.55,1.71,2.26,0.76,0.69,2.07,0.33,1.66,3.34,5,1.14,0.28,1.6,1.16,2.86,2,0,1455,25.09,69,24.7,10.33,3.94,7.2,0.55,1.74,2.3,0.76,0.71,2.1,0.34,5.7,1.41,0.3,1.7,1.2,1743,25.26,24.99,0.1034,25.0934,25.09,0.0034,1455.42,39.866,25.28,25.26,0.02,1744.32,36.8453,0.332,0.0345,0.0,1.7634,
3134907,Kyle Kuzma,MIL,SF/PF,ACTIVE,4.5,140.4,69,26.23,12.99,4.91,9.99,0.49,1.96,2.7,0.73,1.2,3.46,0.35,0.83,3.71,4.54,2.67,0.67,0.41,1.72,1.94,4,0,1725,25,68,25.7,13.03,4.94,10.29,0.48,1.93,2.71,0.71,1.22,3.6,0.34,4.6,2.6,0.6,0.4,1.79,1583,23.28,24.87,0.1739,25.0439,25.0,0.0439,1728.03,34.3721,23.28,23.28,0.0,1583.04,32.6101,0.1828,0.058,0.0,1.0039,
3064560,Luke Kornet,SA,C,ACTIVE,1.3,139.9,68,21,6.53,2.57,4,0.64,1.38,1.68,0.82,0,0,0,2.66,3.43,6.09,1.85,0.47,0.96,0.41,1.76,3,0,1690,24.85,71,15.6,4.99,2.06,3.1,0.67,0.87,1.1,0.8,,,0.25,4.39,1.3,0.39,0.8,0.3,1204,16.96,24.72,0.1324,24.8524,24.85,0.0024,1689.96,42.604,16.93,16.96,-0.03,1202.03,39.0692,0.4368,0.0441,0.0,2.7924,
4278402,Jordan Goodwin,PHX,PG/SG,ACTIVE,0.1,140,70,22.51,8.7,3.27,7.93,0.41,0.56,0.8,0.7,1.6,4.31,0.37,1.97,2.9,4.87,2.16,1.51,0.2,0.97,1.9,2,0,1738,24.83,,,,,,,,,,,,,,,,,,,,24.73,0.0857,24.8157,24.83,-0.0143,1737.1,39.6875,0.0,0.0,0.0,0.0,,0.4045,0.0286,0.0,2.0557,
4432171,Moses Moody,GS,SG/SF,OUT,0.6,140,60,25.68,12.13,4.08,9.28,0.44,1.45,1.88,0.77,2.52,6.28,0.4,0.85,2.48,3.33,1.63,0.97,0.57,0.95,2.03,0,0,1487,24.78,12,24.7,11.58,3.92,8.92,0.44,1.42,1.83,0.78,2.33,5.83,0.4,3.17,1.5,0.92,0.5,0.92,269,22.42,24.8,0.0,24.8,24.78,0.02,1488.0,34.7664,22.43,22.42,0.01,269.16,32.6915,0.2553,0.0,0.0,0.85,
4066436,De'Anthony Melton,GS,PG/SG,DAY_TO_DAY,1.4,140.5,49,23,12.29,4.39,10.78,0.41,2.04,2.47,0.83,1.47,5,0.29,0.8,2.43,3.22,2.55,1.57,0.41,1.86,1.86,0,0,1208,24.65,65,23.1,12.15,4.34,10.71,0.41,1.98,2.4,0.82,1.49,5,0.3,3.2,2.6,1.6,0.4,1.8,1560,24,24.65,0.0,24.65,24.65,0.0,1207.85,38.5826,23.99,24.0,-0.01,1559.35,37.387,0.2484,0.0,0.0,0.8,
6585,Andre Drummond,NY,C,ACTIVE,1.4,140.1,63,19.6,6.4,2.52,5.35,0.47,0.84,1.33,0.63,0.51,1.43,0.36,3.17,5.27,8.44,1.27,0.6,0.78,0.97,1.98,17,0,1554,24.67,60,19.4,6.65,2.65,5.5,0.48,0.93,1.5,0.63,0.42,1.2,0.35,8.4,1.2,0.7,0.7,1,1242,20.7,23.84,0.8095,24.6495,24.67,-0.0205,1552.92,45.2746,20.7,20.7,0.0,1242.0,38.4124,0.3756,0.2698,0.0,3.9795,
4576060,Ryan Kalkbrenner,CHA,C,ACTIVE,1.7,140.7,69,21.45,7.55,3.17,4.22,0.75,1.2,1.68,0.72,0,0.07,0,2.42,3.04,5.46,0.78,0.46,1.46,0.9,1.55,3,0,1704,24.7,69,23.2,8.22,3.46,4.59,0.75,1.29,1.8,0.72,,0.1,,5.9,0.8,0.51,1.59,1,1652,23.94,24.51,0.1304,24.6404,24.7,-0.0596,1700.19,41.3546,23.94,23.94,0.0,1651.86,37.1483,0.4432,0.0435,0.0,2.5504,
4683678,Scoot Henderson,POR,PG/SG,ACTIVE,12.4,140.3,30,24.9,14.23,4.77,11.4,0.42,2.8,3.33,0.84,1.9,5.4,0.35,0.6,2.07,2.67,3.73,0.9,0.3,2.43,2.83,0,0,732,24.4,66,27,14.42,4.89,11.8,0.41,2.79,3.39,0.82,1.85,5.3,0.35,2.89,4.5,1,0.3,2.7,1674,25.36,24.41,0.0,24.41,24.4,0.01,732.3,35.2916,25.34,25.36,-0.02,1672.44,33.7867,0.2247,0.0,0.0,0.6,
4397040,Brandon Williams,GS,PG/SG,ACTIVE,0.3,140,66,22.18,13.02,4.41,9.35,0.47,3.65,4.61,0.79,0.55,2.35,0.23,0.45,2.44,2.89,3.88,0.94,0.3,1.89,1.56,1,0,1611,24.41,,,,,,,,,,,,,,,,,,,,24.36,0.0455,24.4055,24.41,-0.0045,1610.76,39.6121,0.0,0.0,0.0,0.0,,0.1557,0.0152,0.0,0.4955,
2991235,Steven Adams,HOU,C,ACTIVE,0.5,139.9,32,22.81,5.84,2.19,4.34,0.5,1.47,2.53,0.58,0,0,0,4.53,4.09,8.63,1.5,0.69,0.63,1.09,1.72,3,0,778,24.31,63,12,3.24,1.25,2.4,0.52,0.73,1.4,0.53,,,,4.7,0.9,0.3,0.4,0.7,667,10.59,24.08,0.2812,24.3613,24.31,0.0513,779.56,38.4483,10.57,10.59,-0.02,665.91,31.71,0.5249,0.0938,0.0,4.8113,
4396909,Aaron Nesmith,IND,SG/SF,ACTIVE,3.1,140.7,45,29.64,13.8,4.71,11.38,0.41,2.04,2.47,0.83,2.33,6.16,0.38,1.07,3.09,4.16,1.91,0.58,0.51,1.4,2.76,0,0,1096,24.36,64,28.2,13.06,4.59,9.7,0.47,1.78,2.09,0.85,2.09,5.09,0.41,4.09,1.5,0.8,0.5,1,1575,24.61,24.35,0.0,24.35,24.36,-0.01,1095.75,29.5749,24.61,24.61,0.0,1575.04,31.417,0.2572,0.0,0.0,1.07,
4066757,Sam Merrill,CLE,SG,ACTIVE,0.6,140.2,52,26.48,12.75,4.29,9.31,0.46,1.13,1.33,0.86,3.04,7.21,0.42,0.54,2.02,2.56,2.4,0.63,0.13,0.81,2.44,1,0,1263,24.29,62,23,10.6,3.56,7.9,0.45,0.87,1,0.86,2.6,6.31,0.41,2.31,2,0.6,0.1,0.69,1239,19.98,24.18,0.0577,24.2377,24.29,-0.0523,1260.36,32.9515,20.02,19.98,0.04,1241.24,31.3357,0.2109,0.0192,0.0,0.5977,
3936099,Derrick Jones Jr.,LAC,SF/PF,ACTIVE,0.8,140.4,50,26.94,10.08,3.78,7.58,0.5,1.42,1.86,0.76,1.1,3.06,0.36,1.22,2.24,3.46,1.38,0.9,1,0.8,2.08,1,0,1211,24.22,68,25.4,9.71,3.66,7.29,0.5,1.32,1.79,0.74,1.06,3,0.35,3.4,1.1,0.9,0.79,0.79,1435,21.1,24.16,0.06,24.22,24.22,0.0,1211.0,32.3653,21.11,21.1,0.01,1435.48,29.9197,0.3526,0.02,0.0,1.28,
4432907,Justin Champagnie,WSH,SF/PF,ACTIVE,0.2,140,69,19.96,8.65,3.36,6.7,0.5,1.16,1.48,0.78,0.77,2.41,0.32,2.1,3.46,5.57,1.22,0.86,0.62,0.65,1.65,4,0,1657,24.01,,,,,,,,,,,,,,,,,,,,23.85,0.1739,24.0239,24.01,0.0139,1657.65,43.3297,0.0,0.0,0.0,0.0,,0.377,0.058,0.0,2.2739,
4431823,Miles McBride,NY,PG/SG,ACTIVE,1.2,140.1,41,26.34,11.98,4.17,9.85,0.42,0.9,1.15,0.79,2.73,6.61,0.41,0.59,1.85,2.44,2.59,0.85,0.22,0.8,1.71,0,0,977,23.83,65,22.2,9.71,3.42,8.11,0.42,0.72,0.91,0.8,2.15,5.31,0.41,2.11,2.2,0.8,0.2,0.6,1281,19.71,23.84,0.0,23.84,23.83,0.01,977.44,32.5831,19.71,19.71,0.0,1281.15,31.9622,0.2418,0.0,0.0,0.59,
4601025,Pelle Larsson,MIA,SG/SF,DAY_TO_DAY,1.2,140,70,26.46,11.43,3.96,7.99,0.5,2.63,3.3,0.8,0.89,2.74,0.32,0.99,2.5,3.49,3.37,0.7,0.23,1.44,2.11,1,0,1656,23.66,,,,,,,,,,,,,,,,,,,,23.64,0.0429,23.6829,23.66,0.0229,1657.8,32.2216,0.0,0.0,0.0,0.0,,0.2837,0.0143,0.0,1.0329,
5105839,Brice Sensabaugh,UTAH,SG/SF,DAY_TO_DAY,3.1,140.5,75,23.51,14.88,5.25,11.43,0.46,2.21,2.68,0.83,2.16,5.89,0.37,0.75,2.33,3.08,1.91,0.72,0.16,1.65,1.91,0,0,1763,23.51,72,21.6,13.38,4.72,10.31,0.46,1.92,2.31,0.83,2.01,5.4,0.37,2.9,1.69,0.69,0.1,1.5,1483,20.6,23.51,0.0,23.51,23.51,0.0,1763.25,36.0,20.57,20.6,-0.03,1481.04,34.2833,0.2435,0.0,0.0,0.75,
4277813,Herbert Jones,NO,SF/PF,ACTIVE,2.3,140.4,56,28.38,8.86,3.27,8.54,0.38,0.89,1.11,0.81,1.43,4.63,0.31,0.84,2.55,3.39,2.77,1.57,0.48,1.3,3.16,0,0,1313,23.45,63,27.1,8.62,3.16,8,0.39,0.98,1.21,0.82,1.32,4.21,0.32,3.21,2.6,1.51,0.51,1.21,1392,22.1,23.44,0.0,23.44,23.45,-0.01,1312.64,29.7336,22.1,22.1,0.0,1392.3,29.3579,0.2478,0.0,0.0,0.84,
5105550,GG Jackson,MEM,PF,ACTIVE,1.7,140.6,55,21.42,12.47,4.64,9.35,0.5,2.04,2.75,0.74,1.16,3.51,0.33,0.89,3.38,4.27,1.47,0.56,0.8,1.55,1.36,1,0,1286,23.38,69,23,13.22,4.88,10.1,0.48,2.14,2.9,0.74,1.3,3.9,0.33,4.51,1.51,0.59,0.8,1.59,1610,23.33,23.29,0.0545,23.3445,23.38,-0.0355,1283.95,39.2345,23.33,23.33,0.0,1609.77,36.5165,0.2084,0.0182,0.0,0.9445,
2991139,Kris Dunn,LAC,PG/SG,ACTIVE,0.9,140.4,82,27.22,7.27,2.77,5.82,0.48,0.76,0.99,0.77,0.98,2.61,0.37,0.71,2.6,3.3,3.6,1.6,0.17,1.35,2.3,0,0,1911,23.3,75,22,5.99,2.36,5.11,0.46,0.44,0.6,0.74,0.83,2.31,0.36,2.91,3.11,1.4,0.31,1.11,1500,20,23.33,0.0,23.33,23.3,0.03,1913.06,30.8553,20.02,20.0,0.02,1501.5,32.76,0.2152,0.0,0.0,0.71,
4351851,Anfernee Simons,PHI,PG/SG,DAY_TO_DAY,33.8,140.2,55,24.93,14.27,5.18,11.78,0.44,1.25,1.4,0.9,2.65,6.89,0.39,0.56,1.89,2.45,2.44,0.49,0.15,1.24,1.71,0,0,1283,23.33,66,25.1,14.73,5.29,12.2,0.43,1.62,1.8,0.9,2.53,6.7,0.38,2.3,3,0.5,0.11,1.39,1544,23.39,23.32,0.0,23.32,23.33,-0.01,1282.6,33.6751,23.42,23.39,0.03,1545.72,33.5904,0.2286,0.0,0.0,0.56,
5106060,Jarace Walker,IND,SF/PF,ACTIVE,0.6,140.1,76,25.74,11.63,4.04,9.64,0.42,1.8,2.41,0.75,1.75,4.68,0.37,0.64,4.5,5.14,2.53,0.83,0.34,1.83,1.63,3,0,1763,23.2,63,18.6,7.71,2.75,6.3,0.44,1.02,1.4,0.73,1.21,3.1,0.39,3.6,1.79,0.7,0.3,1.21,1040,16.51,23.07,0.1184,23.1884,23.2,-0.0116,1762.32,32.4314,16.5,16.51,-0.01,1039.5,31.9355,0.1245,0.0395,0.0,0.7584,
4278562,Paul Reed,DET,PF/C,ACTIVE,1,140.2,65,13.83,7.75,3.22,5.22,0.62,1.12,1.69,0.66,0.2,0.62,0.33,2,2.52,4.52,1.23,0.88,0.92,0.89,1.85,3,0,1504,23.14,63,13.8,7.43,3.08,5.1,0.6,1.08,1.6,0.67,0.19,0.6,0.32,4.4,1.21,0.9,0.9,0.9,1285,20.4,23.0,0.1385,23.1385,23.14,-0.0015,1504.0,60.2303,20.38,20.4,-0.02,1283.94,53.1652,0.4425,0.0462,0.0,2.1385,
4433247,Jonathan Kuminga,MIN,SF/PF,ACTIVE,18.3,135.9,36,23.08,12.17,4.36,9.42,0.46,2.47,3.42,0.72,0.97,2.92,0.33,1.36,4.25,5.61,2.31,0.61,0.31,1.86,1.53,1,0,832,23.11,67,27.3,15.12,5.48,11.7,0.47,3.06,4.3,0.71,1.1,3.4,0.33,6.19,2.6,0.81,0.4,2.1,1759,26.25,23.04,0.0833,23.1233,23.11,0.0133,832.44,36.0676,26.27,26.25,0.02,1760.09,34.6418,0.2424,0.0278,0.0,1.4433,
4781746,Javon Small,MEM,PG,ACTIVE,0.1,140,41,20.24,9.66,3.27,7.02,0.47,1.66,2,0.83,1.46,3.46,0.42,0.88,2.24,3.12,3.68,0.83,0.22,1.37,1.59,0,0,948,23.12,,,,,,,,,,,,,,,,,,,,23.12,0.0,23.12,23.12,0.0,947.92,41.1225,0.0,0.0,0.0,0.0,,0.2821,0.0,0.0,0.88,
3157465,Duncan Robinson,DET,SG/SF,ACTIVE,3,140.5,77,27.44,12.19,4.13,9.06,0.46,1.08,1.43,0.75,2.86,6.96,0.41,0.38,2.29,2.66,2.06,0.57,0.29,0.7,2.18,0,0,1778,23.09,76,26.2,11.7,3.99,8.8,0.45,1,1.3,0.77,2.72,6.7,0.41,2.5,2.11,0.61,0.2,0.8,1642,21.61,23.1,0.0,23.1,23.09,0.01,1778.7,30.3061,21.66,21.61,0.05,1646.16,29.7618,0.1429,0.0,0.0,0.38,
4066372,Kevin Huerter,DET,SG/SF,ACTIVE,1.4,140.5,69,22.49,10.04,3.9,8.64,0.45,0.8,1.03,0.77,1.45,4.71,0.31,0.49,2.99,3.48,2.58,0.91,0.48,1.04,1.67,1,0,1592,23.07,69,23.6,10.32,3.99,8.9,0.45,0.77,1,0.77,1.58,5,0.32,3.51,2.59,0.9,0.51,1.1,1577,22.86,23.03,0.0435,23.0735,23.07,0.0035,1592.07,36.934,22.88,22.86,0.02,1578.72,34.9017,0.1408,0.0145,0.0,0.5335,
5174655,Chaney Johnson,BKN,SF,ACTIVE,0,140,17,20.29,8.18,3,5.53,0.54,1.65,2.06,0.8,0.53,1.76,0.3,1.94,2.71,4.65,2.12,0.88,0.53,1.18,3,1,0,392,23.06,,,,,,,,,,,,,,,,,,,,22.88,0.1765,23.0565,23.06,-0.0035,391.96,40.9085,0.0,0.0,0.0,0.0,,0.4172,0.0588,0.0,2.1165,THIN
3032979,Dennis Schroder,CHA,PG,ACTIVE,3.9,140.7,70,24.2,10.8,3.64,8.99,0.41,2.44,2.93,0.83,1.07,3.26,0.33,0.47,2.23,2.7,4.87,0.79,0.16,1.77,1.56,3,0,1607,22.96,72,24.7,11.17,3.88,9.31,0.42,2.08,2.5,0.84,1.33,3.81,0.35,2.5,4.9,0.69,0.19,1.69,1656,23,22.84,0.1286,22.9686,22.96,0.0086,1607.8,34.1681,22.97,23.0,-0.03,1653.84,33.4785,0.1741,0.0429,0.0,0.5986,
4845374,Bub Carrington,WSH,PG/SG,ACTIVE,2.6,140.7,82,27.71,10.71,3.83,9.04,0.42,0.99,1.35,0.73,2.06,5.05,0.41,0.4,2.96,3.37,4.65,0.63,0.21,2.33,2.24,0,0,1869,22.79,82,25.1,9.49,3.4,8.1,0.42,0.89,1.2,0.74,1.79,4.5,0.4,3.1,4.1,0.6,0.2,2,1652,20.15,22.8,0.0,22.8,22.79,0.01,1869.6,29.6211,20.17,20.15,0.02,1653.94,28.9291,0.1187,0.0,0.0,0.4,
4432735,Dariq Whitehead,FA,SF,ACTIVE,0.1,140,6,30.5,16.33,6.17,15.5,0.4,0.83,1.17,0.71,3.17,10,0.32,0.33,3.67,4,1.5,0.67,0,1.67,2.17,0,0,136,22.67,,,,,,,,,,,,,,,,,,,,22.67,0.0,22.67,22.67,0.0,136.02,26.758,0.0,0.0,0.0,0.0,,0.0825,0.0,0.0,0.33,THIN
4432068,Josh Oduro,FA,C,ACTIVE,0,140,3,27,8.33,3.67,5.67,0.65,1,2,0.5,0,0.67,0,3.67,4,7.67,1.33,0,0,0.67,4.67,1,0,68,22.67,,,,,,,,,,,,,,,,,,,,21.66,1.0,22.66,22.67,-0.01,67.98,30.2133,0.0,0.0,0.0,0.0,,0.4785,0.3333,0.0,4.67,THIN
4712896,Noah Clowney,BKN,PF,ACTIVE,0.4,140.1,66,27,12.26,3.79,9.56,0.4,2.73,3.39,0.8,1.95,5.94,0.33,0.79,3.35,4.14,1.64,0.76,0.68,1.55,2.55,1,0,1483,22.47,69,19.6,8.8,2.72,6.9,0.39,1.93,2.41,0.81,1.42,4.3,0.33,3.1,1.1,0.51,0.51,1.1,1066,15.45,22.44,0.0455,22.4855,22.47,0.0155,1484.04,29.9806,15.46,15.45,0.01,1066.74,28.3959,0.1908,0.0152,0.0,0.8355,
5061589,Yves Missi,NO,C,ACTIVE,2.8,140.8,66,19.62,5.71,2.42,4.45,0.54,0.86,1.55,0.56,0,0.02,0,2.77,3.06,5.83,1.27,0.3,1.53,0.82,1.71,5,0,1485,22.5,67,25.1,7.54,3.16,5.81,0.55,1.21,2.1,0.57,,,,7.51,1.6,0.4,1.81,1,1655,24.7,22.23,0.2273,22.4573,22.5,-0.0427,1482.18,41.206,24.71,24.7,0.01,1655.57,35.4406,0.4751,0.0758,0.0,2.9973,
4065778,Max Strus,LAC,SF,OUT,1,140.5,12,24,11.17,3.92,8.83,0.44,0.58,0.75,0.78,2.75,6.83,0.4,0.75,4.67,5.42,2,0.25,0,0.75,2.83,0,0,269,22.42,67,25.9,9.85,3.51,8.3,0.42,0.79,1,0.8,2.04,5.7,0.36,4,3.19,0.7,0.3,1.19,1501,22.4,22.43,0.0,22.43,22.42,0.01,269.16,33.645,22.4,22.4,0.0,1500.8,31.1351,0.1384,0.0,0.0,0.75,THIN
4278355,Obi Toppin,IND,PF,ACTIVE,3.7,140.3,24,17.71,11.63,4.17,8.29,0.5,1.75,1.92,0.91,1.54,4.38,0.35,0.54,3.88,4.42,2.29,0.5,0.04,1.17,1.17,0,0,538,22.42,63,20,10.59,4.06,7.51,0.54,1.11,1.4,0.8,1.35,3.6,0.38,4,1.7,0.6,0.4,0.9,1377,21.86,22.41,0.0,22.41,22.42,-0.01,537.84,45.5539,21.86,21.86,0.0,1377.18,39.348,0.1222,0.0,0.0,0.54,
4601023,Oso Ighodaro,PHX,PF,ACTIVE,16.1,136.7,82,22.07,6.48,2.91,4.46,0.65,0.65,1.43,0.45,0,0.01,0,1.68,3.41,5.1,2.26,0.89,0.7,1.23,2.66,4,0,1835,22.38,79,27.6,7.92,3.57,5.51,0.65,0.78,1.7,0.46,,,,6.3,2.7,1.1,0.9,1.51,2001,25.33,22.26,0.1463,22.4063,22.38,0.0263,1837.32,36.5486,25.31,25.33,-0.02,1999.49,33.013,0.3294,0.0488,0.0,1.8263,
2990992,Marcus Smart,HOU,PG/SG,ACTIVE,1.4,140.2,62,28.53,9.34,3.03,7.68,0.39,1.71,2.08,0.82,1.56,4.73,0.33,0.58,2.19,2.77,3,1.4,0.37,1.48,2.61,0,0,1389,22.4,62,24.4,9.18,3.05,7.6,0.4,1.6,2,0.8,1.48,4.5,0.33,2.4,3,1.31,0.31,1.6,1266,20.42,22.38,0.0,22.38,22.4,-0.02,1387.56,28.2397,20.44,20.42,0.02,1267.28,30.1574,0.2094,0.0,0.0,0.58,
5175643,Egor Demin,BKN,PG/SG,ACTIVE,34.1,134.9,52,25.1,10.31,3.44,8.63,0.4,1.04,1.25,0.83,2.38,6.19,0.39,0.4,2.77,3.17,3.33,0.81,0.33,1.65,1.79,1,0,1157,22.25,71,32.3,13.25,4.42,11.1,0.4,1.32,1.61,0.83,3.08,8,0.39,4.1,4.3,1,0.39,2.1,1979,27.87,22.22,0.0577,22.2777,22.25,0.0277,1158.44,31.9521,27.84,27.87,-0.03,1976.64,31.0291,0.1262,0.0192,0.0,0.4577,
4432827,Oscar Tshiebwe,HOU,C,ACTIVE,0,140,27,16.56,7.81,3.41,5.37,0.63,1,1.81,0.55,0,0,0,2.85,3.78,6.63,1.19,0.59,0.19,0.78,1.44,3,0,599,22.19,,,,,,,,,,,,,,,,,,,,21.87,0.3333,22.2033,22.19,0.0133,599.49,48.2681,0.0,0.0,0.0,0.0,,0.4299,0.1111,0.0,3.1833,
3134932,John Konchar,FA,SG,ACTIVE,0.1,140,56,19.93,4.43,1.68,3.55,0.47,0.57,0.79,0.73,0.5,1.77,0.28,1.32,2.96,4.29,2.11,1.48,0.68,0.63,1.41,3,2,1238,22.11,,,,,,,,,,,,,,,,,,,,21.73,0.375,22.105,22.11,-0.005,1237.88,39.9288,0.0,0.0,0.0,0.0,,0.3077,0.0536,0.0357,1.695,
4066262,Malik Monk,SAC,PG/SG,DAY_TO_DAY,29.2,139.6,62,21.98,12.45,4.47,10.19,0.44,1.52,1.73,0.88,2,5.06,0.39,0.24,1.65,1.89,2.98,0.6,0.39,1.47,1.6,0,0,1369,22.08,68,26.2,14.85,5.37,12.21,0.44,2.06,2.4,0.85,2.06,5.79,0.36,2.79,4.5,0.71,0.5,2,1885,27.72,22.1,0.0,22.1,22.08,0.02,1370.2,36.1965,27.73,27.72,0.01,1885.64,38.1023,0.127,0.0,0.0,0.24,
4870562,Dominick Barlow,PHI,PF/C,DAY_TO_DAY,0.4,139.9,71,23.73,7.68,3.03,5.62,0.54,1.32,1.85,0.72,0.3,1.14,0.26,1.87,2.92,4.79,1.23,0.89,0.75,0.79,2.11,2,0,1565,22.04,,,,,,,,,,,,,,,,,,,,21.99,0.0845,22.0745,22.04,0.0345,1567.29,33.4885,0.0,0.0,0.0,0.0,,0.3904,0.0282,0.0,1.9545,
4432582,Max Christie,DAL,SG,ACTIVE,2,140.7,77,29.13,12.27,4.16,9.42,0.44,1.62,1.81,0.9,2.34,5.79,0.4,0.19,3.04,3.23,1.96,0.61,0.35,1.25,1.27,0,0,1696,22.03,77,28.2,11.53,3.91,8.9,0.44,1.6,1.81,0.89,2.12,5.3,0.4,3.19,1.9,0.6,0.4,1.19,1614,20.96,22.0,0.0,22.0,22.03,-0.03,1694.0,27.1885,20.97,20.96,0.01,1614.69,26.7702,0.0588,0.0,0.0,0.19,
4592691,Jake LaRavia,LAL,SF/PF,ACTIVE,5.2,140.2,82,25.17,8.22,2.93,6.38,0.46,1.41,1.85,0.76,0.95,2.96,0.32,1.41,2.56,3.98,1.77,1.27,0.46,1.06,2.39,1,0,1802,21.98,77,29.2,9.65,3.43,7.51,0.46,1.66,2.19,0.76,1.13,3.4,0.33,4.7,2.19,1.4,0.51,1.3,1827,23.73,21.94,0.0366,21.9766,21.98,-0.0034,1802.08,31.4325,23.72,23.73,-0.01,1826.44,29.2438,0.3543,0.0122,0.0,1.4466,
4066650,Zach Collins,CHI,C,DAY_TO_DAY,0.1,140,10,18.4,9.7,3.7,6.4,0.58,1.4,2,0.7,0.9,2.1,0.43,1.6,4,5.6,1.5,0.2,0.4,1,1.8,1,0,219,21.9,56,14.7,6.98,2.64,5,0.53,1.09,1.39,0.77,0.61,1.7,0.36,4.2,1.5,0.3,0.39,0.89,883,15.77,21.6,0.3,21.9,21.9,0.0,219.0,42.8478,15.75,15.77,-0.02,882.0,38.5714,0.2857,0.1,0.0,1.9,THIN
2528210,Tim Hardaway Jr.,MIA,SG/SF,ACTIVE,4.2,140.2,80,26.65,13.49,4.35,9.74,0.45,1.99,2.45,0.81,2.8,6.88,0.41,0.21,2.36,2.58,1.35,0.53,0.13,0.54,1.25,0,0,1744,21.8,80,26.9,13.28,4.3,9.8,0.44,1.96,2.4,0.82,2.71,6.8,0.4,2.6,1.4,0.5,0.1,0.6,1676,20.95,21.84,0.0,21.84,21.8,0.04,1747.2,29.5024,20.95,20.95,0.0,1676.0,28.0372,0.0814,0.0,0.0,0.21,
4066399,Micah Potter,POR,C,ACTIVE,0.1,140,47,19.3,9.74,3.21,6.23,0.52,1.81,2.15,0.84,1.51,3.57,0.42,1.23,3.72,4.96,1.47,0.47,0.32,1,1.74,7,0,1026,21.83,,,,,,,,,,,,,,,,,,,,21.39,0.4468,21.8368,21.83,0.0068,1026.33,40.7319,0.0,0.0,0.0,0.0,,0.248,0.1489,0.0,1.6768,
4065732,De'Andre Hunter,SAC,SF/PF,ACTIVE,2.8,140.5,45,26.16,13.67,4.62,11.13,0.42,2.76,3.18,0.87,1.67,5.47,0.3,0.67,3.44,4.11,2,0.67,0.13,1.67,2.49,0,0,975,21.67,65,27.6,15.48,5.22,11.6,0.45,2.98,3.51,0.85,2.06,5.6,0.37,4,1.71,0.71,0.2,1.51,1552,23.88,21.67,0.0,21.67,21.67,0.0,975.15,29.8211,23.89,23.88,0.01,1552.85,31.1609,0.163,0.0,0.0,0.67,
5112087,Jaylen Wells,MEM,SG/SF,ACTIVE,1,140.4,69,26.39,12.54,4.36,10.12,0.43,1.94,2.48,0.78,1.87,5.29,0.35,0.88,2.3,3.19,1.61,0.88,0.13,1.07,2.14,0,0,1496,21.68,71,25,11.58,4.04,9.39,0.43,1.73,2.2,0.79,1.76,5,0.35,3.1,1.51,0.8,0.1,1,1369,19.28,21.66,0.0,21.66,21.68,-0.02,1494.54,29.5476,19.28,19.28,0.0,1368.88,27.7632,0.2759,0.0,0.0,0.88,
4997536,Gui Santos,GS,SF,DAY_TO_DAY,1.2,140.4,68,20.56,9.19,3.38,6.76,0.5,1.28,1.76,0.72,1.15,3.26,0.35,1.1,2.81,3.91,2.34,0.9,0.32,1.5,2.09,3,0,1466,21.56,66,23.9,7.39,2.65,5.7,0.46,1.02,1.39,0.73,1.08,3.2,0.33,5.39,2.39,0.8,0.3,1.3,1300,19.7,21.43,0.1324,21.5624,21.56,0.0024,1466.24,37.7551,19.67,19.7,-0.03,1298.22,29.6285,0.2813,0.0441,0.0,1.2324,
4348700,Goga Bitadze,ORL,C,ACTIVE,0.3,140.1,64,15.16,5.86,2.38,3.52,0.68,1.08,1.52,0.71,0.03,0.17,0.18,2.14,2.86,5,1.31,0.58,0.95,0.67,2.13,3,0,1368,21.38,65,13.3,5.03,2.05,3.11,0.66,0.91,1.31,0.69,0.03,0.2,0.16,4.31,1.2,0.51,0.91,0.6,1093,16.82,21.23,0.1406,21.3706,21.38,-0.0094,1367.72,50.7482,16.84,16.82,0.02,1094.6,45.582,0.428,0.0469,0.0,2.2806,
4683688,Dereck Lively II,DAL,C,DAY_TO_DAY,4.9,140.5,7,16.43,4.29,1.57,2.57,0.61,1.14,1.43,0.8,0,0,0,2,3.29,5.29,1.86,0.57,1.57,1.43,3,0,0,149,21.29,65,23.6,8.85,3.94,5.4,0.73,0.97,1.71,0.57,,,,7.2,1.6,0.6,1.51,1,1782,27.42,21.28,0.0,21.28,21.29,-0.01,148.96,46.6269,27.43,27.42,0.01,1782.95,41.8424,0.3781,0.0,0.0,2.0,THIN
4396963,Blake Hinson,UTAH,SF,ACTIVE,0,140,14,20.43,11.93,4.21,8.21,0.51,0.86,1.14,0.75,2.64,5.64,0.47,0.79,1.57,2.36,1.14,0.36,0.14,0.36,1.71,0,0,297,21.21,,,,,,,,,,,,,,,,,,,,21.21,0.0,21.21,21.21,0.0,296.94,37.3744,0.0,0.0,0.0,0.0,,0.3347,0.0,0.0,0.79,THIN
2993874,Kyle Anderson,TOR,SF/PF,ACTIVE,0.3,140.1,43,19.88,6.19,2.49,4.7,0.53,1.12,1.58,0.71,0.09,0.26,0.36,0.98,2.51,3.49,2.93,1.05,0.6,0.91,2.23,0,0,912,21.21,62,17.7,5.45,2.16,4.5,0.48,0.94,1.31,0.71,0.19,0.6,0.31,3.1,2.9,0.81,0.5,0.81,1092,17.61,21.21,0.0,21.21,21.21,0.0,912.03,38.4085,17.61,17.61,0.0,1091.82,35.8169,0.2808,0.0,0.0,0.98,
4432823,Jaylin Williams,OKC,PF/C,DAY_TO_DAY,2.1,139.9,65,19.68,7.22,2.29,5.42,0.42,1.12,1.42,0.79,1.51,3.94,0.38,0.49,5.02,5.51,2.43,0.48,0.65,1.03,1.95,6,0,1376,21.17,67,19,6.91,2.21,5.19,0.42,1.03,1.3,0.79,1.46,3.81,0.38,5.4,2.4,0.51,0.6,1,1337,19.96,20.91,0.2769,21.1869,21.17,0.0169,1377.15,38.7566,19.97,19.96,0.01,1337.99,37.8379,0.0889,0.0923,0.0,0.7669,
4702382,Tristan da Silva,ORL,SF/PF,ACTIVE,0.6,140.3,77,24.69,9.9,3.62,8.05,0.45,1.09,1.23,0.88,1.56,4.17,0.37,0.75,2.94,3.69,1.61,0.88,0.32,0.9,1.52,0,0,1633,21.21,77,21.4,8.34,3.06,6.9,0.45,0.88,1,0.88,1.32,3.6,0.37,3.19,1.4,0.7,0.3,0.81,1322,17.17,21.17,0.0,21.17,21.21,-0.04,1630.09,30.8676,17.13,17.17,-0.04,1319.01,28.8168,0.2033,0.0,0.0,0.75,
4277956,Jordan Poole,NO,PG/SG,ACTIVE,33,139.6,39,23.97,13.44,4.23,11.38,0.37,2.51,2.92,0.86,2.46,7.38,0.33,0.23,1.74,1.97,3.05,0.56,0.38,1.77,2.28,0,0,824,21.13,66,22.1,13.23,4.55,11.11,0.41,2.09,2.39,0.87,2.05,6,0.34,2,3.2,0.8,0.3,1.89,1451,21.98,21.09,0.0,21.09,21.13,-0.04,822.51,31.6746,21.99,21.98,0.01,1451.34,35.8208,0.1168,0.0,0.0,0.23,
4592965,Tristen Newton,SAC,PG,ACTIVE,0,140,1,12,12,4,9,0.44,2,3,0.67,2,5,0.4,2,1,3,0,1,0,0,0,0,0,21,21,,,,,,,,,,,,,,,,,,,,21.0,0.0,21.0,21.0,0.0,21.0,63.0,0.0,0.0,0.0,0.0,,0.6667,0.0,0.0,2.0,THIN
3448,Brook Lopez,LAC,C,ACTIVE,7.5,139.3,75,21.8,8.45,3.09,7.23,0.43,0.75,0.99,0.76,1.52,4.23,0.36,0.63,3.01,3.64,1.29,0.6,1.16,0.81,2.05,1,0,1575,21,72,26.2,10.63,3.94,8.31,0.47,1.13,1.4,0.81,1.61,4.4,0.37,4.31,1.5,0.6,1.69,0.9,1887,26.21,20.95,0.04,20.99,21.0,-0.01,1574.25,34.6624,26.21,26.21,0.0,1887.12,36.0137,0.1731,0.0133,0.0,0.67,
4066648,Rui Hachimura,LAC,SF/PF,ACTIVE,10.8,138.8,68,28.34,11.47,4.51,8.78,0.51,0.74,1.06,0.69,1.71,3.85,0.44,0.6,2.72,3.32,0.82,0.57,0.31,0.62,1.62,1,0,1429,21.01,71,27.7,11.83,4.61,8.9,0.52,1.01,1.39,0.73,1.61,3.7,0.43,3.7,1,0.61,0.3,0.61,1524,21.46,20.94,0.0441,20.9841,21.01,-0.0259,1426.92,26.6559,21.5,21.46,0.04,1526.5,27.9422,0.1807,0.0147,0.0,0.6441,
4432170,Isaiah Jackson,LAC,PF/C,ACTIVE,1.1,140.4,55,16.51,6.73,2.75,4.31,0.64,1.24,1.91,0.65,0,0.05,0,2.05,3.22,5.27,0.95,0.65,0.89,1.05,2.67,7,0,1150,20.91,67,18.4,7.55,3.06,4.81,0.64,1.43,2.19,0.65,,0.1,,5.9,1.1,0.7,1,1.19,1382,20.63,20.53,0.3818,20.9118,20.91,0.0018,1150.15,45.5981,20.62,20.63,-0.01,1381.54,40.3435,0.389,0.1273,0.0,2.4318,
5211175,Zaccharie Risacher,DAL,SF,ACTIVE,2.5,140.5,67,22.42,9.57,3.64,8,0.46,0.87,1.34,0.64,1.42,3.85,0.37,1.06,2.78,3.84,1.13,0.88,0.54,0.87,2.19,0,0,1400,20.9,68,22.8,10.1,3.82,8.4,0.46,0.99,1.5,0.66,1.47,4,0.37,3.79,1.21,0.9,0.5,0.9,1381,20.31,20.9,0.0,20.9,20.9,0.0,1400.3,33.5593,20.31,20.31,0.0,1381.08,32.0684,0.276,0.0,0.0,1.06,
4395650,Leaky Black,SAC,SF,ACTIVE,0.1,140,15,28.8,7.07,2.67,6.87,0.39,0.47,0.53,0.88,1.27,3.67,0.35,1,4,5,1.47,1.2,0.53,0.93,2.67,0,0,311,20.73,,,,,,,,,,,,,,,,,,,,20.75,0.0,20.75,20.73,0.02,311.25,25.9375,0.0,0.0,0.0,0.0,,0.2,0.0,0.0,1.0,THIN
4397227,Vince Williams Jr.,FA,PG/SG,OUT,0.1,140.1,40,20.52,7.5,2.58,7.3,0.35,0.97,1.25,0.78,1.38,4.42,0.31,0.97,2.9,3.88,4.17,0.72,0.4,1.75,2,1,0,829,20.73,,,,,,,,,,,,,,,,,,,,20.63,0.075,20.705,20.73,-0.025,828.2,36.3246,0.0,0.0,0.0,0.0,,0.25,0.025,0.0,1.045,
5107199,Daniss Jenkins,DET,PG,ACTIVE,0.4,140,72,20.18,9.32,3.22,7.89,0.41,1.86,2.24,0.83,1.01,2.71,0.37,0.71,1.6,2.31,3.86,0.89,0.21,1.6,1.49,3,0,1481,20.57,,,,,,,,,,,,,,,,,,,,20.44,0.125,20.565,20.57,-0.005,1480.68,36.6868,0.0,0.0,0.0,0.0,,0.3074,0.0417,0.0,0.835,
4395702,Isaiah Joe,DET,SG,ACTIVE,1.3,140.4,71,21.21,11.06,3.48,7.65,0.45,1.55,1.73,0.89,2.55,6.03,0.42,0.46,2.08,2.55,1.32,0.7,0.15,0.63,1.7,0,0,1460,20.56,72,21.1,10.75,3.44,7.6,0.45,1.33,1.5,0.89,2.53,6,0.42,2.5,1.4,0.69,0.19,0.6,1445,20.07,20.53,0.0,20.53,20.56,-0.03,1457.63,34.8458,20.01,20.07,-0.06,1440.72,34.1403,0.1804,0.0,0.0,0.46,
5107173,Danny Wolf,BKN,PF/C,ACTIVE,1.3,140.5,57,20.91,8.91,3.12,7.72,0.4,1.47,1.91,0.77,1.19,3.7,0.32,1,3.93,4.93,2.23,0.53,0.56,1.28,2.21,2,0,1167,20.47,71,24.1,10.28,3.61,8.9,0.41,1.69,2.2,0.77,1.38,4.3,0.32,5.7,2.61,0.61,0.61,1.51,1577,22.21,20.37,0.1053,20.4753,20.47,0.0053,1167.09,35.2515,22.25,22.21,0.04,1579.75,33.2365,0.2028,0.0351,0.0,1.1053,
4066796,DeJon Jarreau,MEM,PG,,0,140,11,20.91,8,3,7.55,0.4,1.64,2.09,0.78,0.36,2.73,0.13,1.09,3.55,4.64,3.27,0.91,0.73,2.36,2.55,0,0,225,20.45,,,,,,,,,,,,,,,,,,,,20.47,0.0,20.47,20.45,0.02,225.17,35.2425,0.0,0.0,0.0,0.0,,0.2349,0.0,0.0,1.09,THIN
4396818,Jordan Miller,LAC,SF,OUT,0.1,140,60,22.03,9.97,3.53,6.65,0.53,2.27,2.92,0.78,0.63,1.83,0.35,0.83,2.2,3.03,2.27,0.75,0.18,1.05,1.03,1,0,1227,20.45,,,,,,,,,,,,,,,,,,0,0,20.38,0.05,20.43,20.45,-0.02,1225.8,33.3854,0.0,0.0,0.0,0.0,,0.2739,0.0167,0.0,0.88,
4432241,Jamal Shead,TOR,PG,ACTIVE,1.9,140.7,82,22.52,6.65,2.26,6.15,0.37,1.11,1.41,0.78,1.02,3.2,0.32,0.32,1.43,1.74,5.41,0.93,0.18,1.37,1.98,2,0,1673,20.4,81,23.3,7.07,2.46,6.6,0.37,1.1,1.4,0.78,1.06,3.3,0.32,1.8,5.51,1,0.2,1.51,1680,20.74,20.32,0.0732,20.3932,20.4,-0.0068,1672.24,32.6001,20.75,20.74,0.01,1680.75,32.0601,0.1839,0.0244,0.0,0.3932,
3134903,Gary Payton II,GS,SG,DAY_TO_DAY,0.4,140.1,73,15.64,7.49,3.32,5.68,0.58,0.36,0.55,0.65,0.51,1.74,0.29,1.38,2.25,3.63,1.68,0.92,0.29,0.85,1.81,2,0,1485,20.34,,,,,,,,,,,,,,,,,,,,20.28,0.0822,20.3622,20.34,0.0222,1486.44,46.8695,0.0,0.0,0.0,0.0,,0.3802,0.0274,0.0,1.4622,
4397077,Jaxson Hayes,UTAH,C,ACTIVE,0.3,140,66,18.32,7.53,3,3.97,0.76,1.48,2.27,0.65,0.05,0.05,1,1.5,2.61,4.11,0.89,0.44,0.79,0.47,1.92,1,0,1335,20.23,64,16.8,6.34,2.58,3.5,0.74,1.16,1.8,0.64,0.03,0.09,0.27,3.91,0.8,0.5,0.7,0.59,1057,16.52,20.19,0.0455,20.2355,20.23,0.0055,1335.54,39.764,16.52,16.52,0.0,1057.28,35.4,0.365,0.0152,0.0,1.5455,
4065804,Sam Hauser,BOS,SF/PF,ACTIVE,1.9,140.4,78,24.78,9.22,3.23,7.71,0.42,0.22,0.26,0.85,2.54,6.46,0.39,0.72,3.13,3.85,1.46,0.49,0.29,0.45,1.45,0,0,1575,20.19,77,25.3,9.61,3.36,7.9,0.42,0.26,0.3,0.87,2.62,6.6,0.4,3.9,1.4,0.51,0.3,0.4,1551,20.14,20.18,0.0,20.18,20.19,-0.01,1574.04,29.3172,20.15,20.14,0.01,1551.55,28.6719,0.187,0.0,0.0,0.72,
4433137,Ziaire Williams,LAL,SG/SF,DAY_TO_DAY,0.5,140.3,56,22.86,10.23,3.29,7.73,0.42,2.13,2.5,0.85,1.54,4.48,0.34,0.54,1.86,2.39,1.07,1.36,0.38,1.05,2.07,0,0,1127,20.13,65,23,10.12,3.28,7.8,0.42,2.03,2.4,0.84,1.54,4.51,0.34,2.8,1.11,1.31,0.4,1.11,1279,19.68,20.18,0.0,20.18,20.13,0.05,1130.08,31.7795,19.69,19.68,0.01,1279.85,30.8191,0.2259,0.0,0.0,0.54,
4595400,Olivier-Maxence Prosper,MEM,PF,ACTIVE,0.2,140.1,53,18.55,10,3.62,6.6,0.55,1.62,2.15,0.75,1.13,2.79,0.41,1.11,2.42,3.53,0.96,0.75,0.25,0.89,1.57,1,0,1065,20.09,64,17.1,8.88,3.2,6,0.53,1.48,2,0.74,0.98,2.5,0.39,3.3,0.91,0.7,0.2,0.8,1081,16.89,20.02,0.0566,20.0766,20.09,-0.0134,1064.06,38.9627,16.86,16.89,-0.03,1079.04,35.4947,0.3144,0.0189,0.0,1.1666,
4279318,Daeqwon Plowden,SAC,SG,ACTIVE,0,140,32,26.34,10.75,3.75,8.72,0.43,1.31,1.53,0.86,1.94,5.81,0.33,1.03,2,3.03,1.28,0.72,0.22,0.81,2.44,0,0,640,20,,,,,,,,,,,,,,,,,,,,20.01,0.0,20.01,20.0,0.01,640.32,27.3485,0.0,0.0,0.0,0.0,,0.3399,0.0,0.0,1.03,
4065670,Bruce Brown,NY,SG/SF,ACTIVE,0.2,140.1,82,24.34,7.91,3.02,6.37,0.48,1.17,1.54,0.76,0.7,1.8,0.39,1.04,2.84,3.88,2.12,1.04,0.24,1.11,2.38,1,0,1642,20.02,,,,,,,,,,,,,,,,,,,,19.97,0.0366,20.0066,20.02,-0.0134,1640.54,29.5907,0.0,0.0,0.0,0.0,,0.268,0.0122,0.0,1.0766,
6578,Harrison Barnes,SA,SF/PF,ACTIVE,1,140.2,77,25.83,9.96,3.42,7.48,0.46,1.32,1.6,0.83,1.81,4.65,0.39,0.82,1.96,2.78,1.92,0.65,0.16,0.79,1.1,0,0,1534,19.92,80,20.5,8.65,2.98,6.2,0.48,1.3,1.6,0.81,1.4,3.5,0.4,2.4,1.2,0.5,0.1,0.5,1256,15.7,19.95,0.0,19.95,19.92,0.03,1536.15,27.8049,15.71,15.7,0.01,1256.8,27.5883,0.295,0.0,0.0,0.82,
5238230,Tre Johnson,WSH,SG,ACTIVE,1.8,140.3,60,23.97,12.22,4.52,10.78,0.42,1.27,1.45,0.87,1.92,5.35,0.36,0.48,2.35,2.83,2.03,0.55,0.3,1.55,2.03,0,0,1193,19.88,68,25.3,12.87,4.78,11.4,0.42,1.31,1.5,0.87,2,5.6,0.36,3,2.1,0.6,0.29,1.6,1389,20.43,19.89,0.0,19.89,19.88,0.01,1193.4,29.8723,20.4,20.43,-0.03,1387.2,29.0277,0.1696,0.0,0.0,0.48,
4432822,Isaac Okoro,CHI,SG/SF,ACTIVE,0.2,140.1,63,26.94,9.27,3.35,7.29,0.46,1.41,1.78,0.79,1.16,3.51,0.33,1.1,1.65,2.75,1.59,0.73,0.46,0.73,2.57,0,0,1247,19.79,68,21.6,7.38,2.68,5.79,0.46,1.09,1.4,0.78,0.94,2.79,0.34,2.29,1.29,0.6,0.4,0.6,1037,15.25,19.8,0.0,19.8,19.79,0.01,1247.4,26.4588,15.25,15.25,0.0,1037.0,25.4167,0.4,0.0,0.0,1.1,
4701233,Craig Porter Jr.,CLE,PG/SG,ACTIVE,0.1,140,64,17.92,4.52,1.81,4.03,0.45,0.38,0.63,0.6,0.52,1.45,0.35,1.33,2.11,3.44,3.2,0.89,0.59,0.92,1.09,0,0,1257,19.64,,,,,,,,,,,,,,,,,,,,19.63,0.0,19.63,19.64,-0.01,1256.32,39.4353,0.0,0.0,0.0,0.0,,0.3866,0.0,0.0,1.33,
4593041,David Roddy,FA,PF,ACTIVE,0,140,5,14.6,8,3,6,0.5,1.4,1.4,1,0.6,2.2,0.27,1.6,2.4,4,0.8,0.8,0.2,0.4,1.4,1,0,98,19.6,,,,,,,,,,,,,,,,,,,,19.0,0.6,19.6,19.6,0.0,98.0,48.3288,0.0,0.0,0.0,0.0,,0.4,0.2,0.0,2.2,THIN
6477,Jonas Valanciunas,FA,C,ACTIVE,0.4,140,65,13.4,8.72,3.49,6,0.58,1.62,2.09,0.77,0.12,0.4,0.31,1.62,3.45,5.06,1.2,0.22,0.57,1.12,2.05,5,0,1271,19.55,,,,,,,,,,,,,,,,,,,,19.35,0.2308,19.5808,19.55,0.0308,1272.75,52.6051,0.0,0.0,0.0,0.0,,0.3202,0.0769,0.0,1.8508,
4397475,AJ Green,MIL,SG,ACTIVE,0.8,140.2,78,29.14,10.37,3.36,7.92,0.42,0.68,0.79,0.85,2.97,7.1,0.42,0.37,2.36,2.73,1.95,0.5,0.1,0.96,2.29,0,0,1522,19.51,76,25.4,9.01,2.93,6.89,0.42,0.59,0.7,0.85,2.55,6.11,0.42,2.39,1.7,0.5,0.11,0.8,1295,17.04,19.51,0.0,19.51,19.51,0.0,1521.78,24.103,17.05,17.04,0.01,1295.8,24.1654,0.1355,0.0,0.0,0.37,
4277951,Luka Garza,BOS,C,ACTIVE,0.1,140,69,16.13,8.07,2.99,5.17,0.58,1.3,1.7,0.77,0.8,1.84,0.43,2.26,1.81,4.07,0.96,0.39,0.41,0.67,2.33,2,0,1343,19.46,,,,,,,,,,,,,,,,,,,,19.39,0.087,19.477,19.46,0.017,1343.91,43.47,0.0,0.0,0.0,0.0,,0.5553,0.029,0.0,2.347,
6609,Khris Middleton,WSH,SF/PF,ACTIVE,0.8,140.1,63,22.83,10.16,3.6,8.57,0.42,1.89,2.16,0.88,1.06,2.95,0.36,0.81,2.86,3.67,2.79,0.65,0.14,1.71,2.29,2,0,1228,19.49,53,20.3,10.09,3.72,8.09,0.46,1.55,1.79,0.86,1.11,3,0.37,3.4,3.21,0.7,0.21,1.6,1088,20.53,19.38,0.0952,19.4752,19.49,-0.0148,1226.94,30.71,20.57,20.53,0.04,1090.21,36.4788,0.2207,0.0317,0.0,0.9052,
4606840,Jamir Watkins,WSH,SG,OUT,0,140,50,20.6,7.36,2.64,5.92,0.45,1.14,1.64,0.7,0.94,3.16,0.3,0.98,2.9,3.88,1.34,1.08,0.5,0.8,2.58,0,0,971,19.42,,,,,,,,,,,,,,,,,,,,19.42,0.0,19.42,19.42,0.0,971.0,33.9379,0.0,0.0,0.0,0.0,,0.2526,0.0,0.0,0.98,
4397183,Aaron Wiggins,ATL,SG/SF,DAY_TO_DAY,2,140.4,65,21.8,9.4,3.55,8.25,0.43,0.82,1.11,0.74,1.48,4.15,0.36,0.63,2.43,3.06,1.68,0.92,0.43,1.25,1.28,0,0,1262,19.42,72,20.3,10.14,3.94,8.1,0.49,0.82,1,0.81,1.43,3.69,0.39,3.31,1.5,0.69,0.19,0.9,1385,19.24,19.39,0.0,19.39,19.42,-0.03,1260.35,32.0202,19.2,19.24,-0.04,1382.4,34.0493,0.2059,0.0,0.0,0.63,
4277869,Jose Alvarado,NY,PG,DAY_TO_DAY,1.9,140,69,19.87,7.39,2.71,6.51,0.42,0.51,0.67,0.76,1.46,4.16,0.35,0.38,2.1,2.48,3.39,0.96,0.12,1.12,1.87,1,0,1335,19.35,66,20.4,7.82,2.85,6.89,0.41,0.61,0.8,0.77,1.52,4.3,0.35,2.5,3.5,1,0.11,1.2,1285,19.47,19.32,0.0435,19.3635,19.35,0.0135,1336.08,35.0823,19.5,19.47,0.03,1287.0,34.4118,0.1532,0.0145,0.0,0.4235,
3064230,Cameron Payne,FA,PG,DAY_TO_DAY,0.1,140,22,17.05,7.41,2.55,6.77,0.38,0.86,1,0.86,1.45,4.41,0.33,0.14,1.86,2,2.64,1.09,0.32,0.5,1.36,1,0,423,19.23,,,,,,,,,,,,,,,,,,,,19.11,0.1364,19.2464,19.23,0.0164,423.42,40.6375,0.0,0.0,0.0,0.0,,0.07,0.0455,0.0,0.2764,
4066421,Lonzo Ball,FA,PG/SG,ACTIVE,0.9,139.8,35,20.8,4.57,1.51,5.03,0.3,0.4,0.6,0.67,1.14,4.2,0.27,0.74,3.26,4,3.89,1.29,0.26,1.49,1.31,0,0,673,19.23,,,,,,,,,,,,,,,,,,,,19.24,0.0,19.24,19.23,0.01,673.4,33.3,0.0,0.0,0.0,0.0,,0.185,0.0,0.0,0.74,
4702384,Nique Clifford,SAC,SG/SF,ACTIVE,1.2,140.4,75,25.09,8.6,3.32,7.95,0.42,0.93,1.29,0.72,1.03,3.08,0.33,0.87,2.89,3.76,2.39,0.91,0.32,1.55,2.08,0,0,1438,19.17,72,27.4,9.43,3.64,8.69,0.42,1.01,1.4,0.72,1.14,3.4,0.33,4.1,2.6,1,0.31,1.69,1432,19.89,19.19,0.0,19.19,19.17,0.02,1439.25,27.5345,19.93,19.89,0.04,1434.96,26.1854,0.2314,0.0,0.0,0.87,
3913174,Luke Kennard,PHX,SG,ACTIVE,1.2,140.3,78,21.56,8.36,3.03,5.68,0.53,0.81,0.88,0.91,1.5,3.14,0.48,0.41,1.92,2.33,2.23,0.71,0.1,0.77,1.29,1,1,1495,19.17,74,21.8,8.54,3.08,5.91,0.52,0.82,0.91,0.91,1.55,3.3,0.47,2.41,2.41,0.7,0.09,0.8,1412,19.08,19.07,0.1154,19.1854,19.17,0.0154,1496.46,32.035,19.04,19.08,-0.04,1408.96,31.4422,0.176,0.0128,0.0128,0.5254,
4066993,Dru Smith,MIA,PG,DAY_TO_DAY,0.1,140,70,16.37,5.64,1.93,4.64,0.42,1.24,1.5,0.83,0.54,1.84,0.29,0.89,1.59,2.47,2.57,1.43,0.3,0.79,1.56,0,0,1329,18.99,,,,,,,,,,,,,,,,,,,,18.98,0.0,18.98,18.99,-0.01,1328.6,41.7398,0.0,0.0,0.0,0.0,,0.3603,0.0,0.0,0.89,
3907823,Terance Mann,BKN,SG/SF,ACTIVE,0.4,140.3,63,24.3,7.22,2.67,5.83,0.46,1,1.27,0.79,0.89,2.43,0.37,1.11,2.06,3.17,3.02,0.65,0.24,1.13,2.46,0,0,1195,18.97,71,23.8,7.32,2.76,5.9,0.47,0.93,1.2,0.78,0.87,2.39,0.36,3.1,2.7,0.7,0.2,1,1254,17.66,18.97,0.0,18.97,18.97,0.0,1195.11,28.1037,17.64,17.66,-0.02,1252.44,26.6824,0.3502,0.0,0.0,1.11,
4433188,Devin Carter,BOS,PG,ACTIVE,0.1,140,38,18.45,8.92,3.18,7.68,0.41,1.76,2.47,0.71,0.79,3,0.26,0.95,2.34,3.29,2.66,0.89,0.24,1.42,1.32,0,0,719,18.92,,,,,,,,,,,,,,,,,,,,18.92,0.0,18.92,18.92,0.0,718.96,36.9171,0.0,0.0,0.0,0.0,,0.2888,0.0,0.0,0.95,
3907498,Matisse Thybulle,LAL,SF,DAY_TO_DAY,0.5,140.1,30,16.03,5.8,1.93,4.47,0.43,0.7,0.83,0.84,1.23,3.1,0.4,0.57,1.4,1.97,0.9,2,0.53,0.93,1.43,0,0,567,18.9,59,19.1,5.86,2.03,4.8,0.42,0.54,0.69,0.77,1.25,3.31,0.38,2.2,1.2,1.9,0.59,0.8,1134,19.22,18.89,0.0,18.89,18.9,-0.01,566.7,42.423,19.18,19.22,-0.04,1131.62,36.1508,0.2893,0.0,0.0,0.57,
2990962,Taurean Prince,DET,SF,ACTIVE,0.2,140,26,23.58,9.19,3.31,7.35,0.45,0.23,0.23,1,2.35,5.38,0.44,0.15,2.96,3.12,1.77,0.62,0.23,1.19,1.85,2,0,490,18.85,62,16.4,5.81,2.08,4.6,0.45,0.26,0.31,0.85,1.39,3.19,0.43,2.1,1.19,0.5,0.19,0.69,780,12.58,18.64,0.2308,18.8708,18.85,0.0208,490.64,28.8103,12.57,12.58,-0.01,779.34,27.5927,0.0481,0.0769,0.0,0.3808,
4683771,Ronald Holland II,DET,SF/PF,ACTIVE,0.8,140.2,78,19.79,8.21,3.01,6.97,0.43,1.54,1.91,0.81,0.64,2.54,0.25,1.06,2.97,4.04,1.22,1.18,0.35,1.23,2.35,2,0,1465,18.78,79,18.5,7.65,2.82,6.41,0.44,1.43,1.8,0.79,0.57,2.3,0.25,3.59,1.2,1,0.3,1.1,1272,16.1,18.73,0.0769,18.8069,18.78,0.0269,1466.94,34.2117,16.07,16.1,-0.03,1269.53,31.2714,0.2624,0.0256,0.0,1.1369,
3449,Kevin Love,FA,PF,ACTIVE,0.2,140,37,16.49,6.7,2.14,5.38,0.4,1,1.19,0.84,1.43,3.84,0.37,1.49,4.32,5.81,1.81,0.38,0.24,0.81,1.46,2,0,695,18.78,,,,,,,,,,,,,,,,,,,,18.62,0.1622,18.7822,18.78,0.0022,694.94,41.0041,0.0,0.0,0.0,0.0,,0.2565,0.0541,0.0,1.6522,
6475,Klay Thompson,MIA,SG/SF,ACTIVE,16.7,138,69,21.65,11.74,4.14,10.55,0.39,0.52,0.68,0.77,2.93,7.64,0.38,0.26,1.81,2.07,1.39,0.48,0.32,0.91,1.01,0,0,1292,18.72,70,23,12.4,4.39,11,0.4,0.66,0.8,0.81,2.97,7.7,0.39,2.3,1.5,0.5,0.3,1,1365,19.5,18.73,0.0,18.73,18.72,0.01,1292.37,31.1446,19.51,19.5,0.01,1365.7,30.5374,0.1256,0.0,0.0,0.26,
4397020,Luguentz Dort,ATL,SG/SF,DAY_TO_DAY,2.7,140.4,69,26.83,8.35,2.93,7.59,0.39,0.64,0.84,0.76,1.86,5.39,0.34,0.81,2.74,3.55,1.23,0.9,0.39,0.78,2.59,0,0,1289,18.68,72,28.1,9.58,3.35,8,0.42,0.78,1,0.78,2.11,5.5,0.38,3.81,1.4,1,0.5,0.81,1524,21.17,18.7,0.0,18.7,18.68,0.02,1290.3,25.0913,21.16,21.17,-0.01,1523.52,27.1089,0.2282,0.0,0.0,0.81,
3913220,DaQuan Jeffries,SAC,SG,,0,140,3,20,10.33,3.67,6.33,0.58,1.67,1.67,1,1.33,3,0.44,1,0.67,1.67,0.33,0.67,0,0,3,0,0,56,18.67,,,,,,,,,,,,,,,,,,,,18.68,0.0,18.68,18.67,0.01,56.04,33.624,0.0,0.0,0.0,0.0,,0.5988,0.0,0.0,1.0,THIN
4895758,Cody Williams,MIN,SG,ACTIVE,0.3,140.1,67,24.31,8.78,3.55,7.6,0.47,1.25,1.78,0.71,0.42,1.96,0.21,0.91,2.04,2.96,2.04,0.76,0.39,1.09,1.82,2,0,1249,18.64,64,22.8,7.92,3.19,7,0.46,1.13,1.59,0.71,0.42,1.91,0.22,2.7,1.91,0.7,0.41,1,1037,16.2,18.54,0.0896,18.6296,18.64,-0.0104,1248.18,27.588,16.22,16.2,0.02,1038.08,25.6105,0.3074,0.0299,0.0,0.9996,
3133602,Svi Mykhailiuk,UTAH,SG,ACTIVE,0.1,140,50,23.08,9.38,3.46,7.24,0.48,0.5,0.56,0.89,1.96,4.8,0.41,0.72,1.76,2.48,1.86,0.52,0.06,0.84,1.26,0,0,926,18.52,,,,,,,,,,,,,,,,,,,,18.52,0.0,18.52,18.52,0.0,926.0,28.8873,0.0,0.0,0.0,0.0,,0.2903,0.0,0.0,0.72,
4687718,Josh Minott,BKN,SF,ACTIVE,0.1,140,49,16.98,7.43,2.57,5.14,0.5,0.98,1.24,0.79,1.31,3.12,0.42,0.98,2.24,3.22,0.94,0.9,0.49,0.88,1.49,1,0,902,18.41,,,,,,,,,,,,,,,,,,,,18.36,0.0612,18.4212,18.41,0.0112,902.64,39.0556,0.0,0.0,0.0,0.0,,0.3043,0.0204,0.0,1.0412,
3912848,Dean Wade,PHI,PF,ACTIVE,0.7,139.9,59,22.39,5.8,2.07,4.71,0.44,0.46,0.64,0.71,1.2,3.32,0.36,0.9,3.29,4.19,1.49,0.75,0.39,0.27,1.53,1,0,1083,18.36,58,21.5,5.55,1.91,4.5,0.42,0.4,0.6,0.68,1.33,3.6,0.37,4.1,1.21,0.71,0.4,0.29,948,16.34,18.34,0.0508,18.3908,18.36,0.0308,1085.06,29.5699,16.38,16.34,0.04,950.04,27.427,0.2148,0.0169,0.0,0.9508,
5144126,Will Riley,WSH,SF,ACTIVE,0.4,140,74,22.04,10.32,3.66,8.35,0.44,1.95,2.43,0.8,1.05,3.34,0.32,0.76,2.11,2.86,1.97,0.73,0.12,1.27,1.23,2,0,1360,18.38,,,,,,,,,,,,,,,,,,,,18.28,0.0811,18.3611,18.38,-0.0189,1358.72,29.9909,0.0,0.0,0.0,0.0,,0.2657,0.027,0.0,0.8411,
4433629,Ryan Nembhard,DEN,PG/SG,ACTIVE,0.1,140,60,19.5,6.62,2.7,6.5,0.42,0.42,0.52,0.81,0.8,2.25,0.36,0.22,2,2.22,5.27,0.42,0.03,1.42,1.43,4,0,1101,18.35,,,,,,,,,,,,,,,,,,,,18.16,0.2,18.36,18.35,0.01,1101.6,33.8954,0.0,0.0,0.0,0.0,,0.0991,0.0667,0.0,0.42,
4592829,Quenton Jackson,IND,PG/SG,DAY_TO_DAY,0.1,140.1,49,18.33,9.14,3.14,6.69,0.47,2,2.43,0.82,0.86,2.41,0.36,0.57,1.76,2.33,2.86,0.63,0.12,1.27,1.67,1,0,898,18.33,,,,,,,,,,,,,,,,,,,,18.24,0.0612,18.3012,18.33,-0.0288,896.76,35.9435,0.0,0.0,0.0,0.0,,0.2446,0.0204,0.0,0.6312,
3136776,D'Angelo Russell,FA,PG/SG,ACTIVE,20.1,140,26,19.04,10.15,3.62,8.92,0.41,1.65,2.31,0.72,1.27,4.31,0.29,0.31,2.04,2.35,4,0.46,0.08,1.88,1.15,1,0,474,18.23,48,17.2,9.02,3.19,7.79,0.41,1.38,1.79,0.76,1.27,4,0.32,2,3.5,0.5,0.21,1.5,830,17.29,18.14,0.1154,18.2554,18.23,0.0254,474.64,34.5165,17.31,17.29,0.02,830.88,36.2302,0.1319,0.0385,0.0,0.4254,
3442,DeAndre Jordan,NO,C,ACTIVE,0.1,140,12,16.5,4.42,1.75,2.67,0.66,0.92,1.42,0.65,0,0,0,2.17,4.17,6.33,0.92,0.33,0.83,0.75,1.33,0,0,219,18.25,,,,,,,,,,,,,,,,,,,,18.23,0.0,18.23,18.25,-0.02,218.76,39.7745,0.0,0.0,0.0,0.0,,0.3428,0.0,0.0,2.17,THIN
4684806,Taylor Hendricks,MEM,PF,ACTIVE,0.2,140,59,19.03,7.42,2.76,6.02,0.46,0.83,1.22,0.68,1.07,3.12,0.34,1.1,2.64,3.75,0.93,0.85,0.51,0.85,1.68,2,0,1071,18.15,,,,,,,,,,,,,,,,,,,,18.05,0.1017,18.1517,18.15,0.0017,1070.95,34.3385,0.0,0.0,0.0,0.0,,0.2933,0.0339,0.0,1.2017,
4592492,Bones Hyland,MIN,PG,ACTIVE,0.6,140,71,16.61,8.51,2.99,6.59,0.45,0.9,1.15,0.78,1.63,4.21,0.39,0.32,1.46,1.79,2.65,0.62,0.24,0.99,1.69,0,0,1288,18.14,62,16.2,8.34,2.92,6.5,0.45,0.87,1.1,0.79,1.63,4.19,0.39,1.69,2.6,0.6,0.19,1,1062,17.13,18.15,0.0,18.15,18.14,0.01,1288.65,39.3377,17.13,17.13,0.0,1062.06,38.0667,0.1788,0.0,0.0,0.32,
4578893,Vit Krejci,POR,PG,ACTIVE,0.5,140.4,65,21.37,8.46,2.95,6.6,0.45,0.58,0.78,0.75,1.97,5.05,0.39,0.48,1.8,2.28,1.54,0.72,0.28,0.63,2.12,0,0,1177,18.11,65,25.7,8.71,3.08,6.2,0.5,0.65,0.91,0.72,1.91,4.4,0.43,3.31,3.11,0.8,0.51,1.11,1485,22.85,18.11,0.0,18.11,18.11,0.0,1177.15,30.5082,22.87,22.85,0.02,1486.55,32.0358,0.2105,0.0,0.0,0.48,
4896372,Walter Clayton Jr.,MEM,PG/SG,ACTIVE,1.1,140.4,69,20.45,7.8,2.57,6.68,0.38,1.58,1.75,0.9,1.09,3.54,0.31,0.36,1.65,2.01,4.04,0.64,0.28,1.68,1.72,1,0,1239,17.96,71,25.1,9.62,3.15,8.2,0.38,1.99,2.2,0.9,1.32,4.3,0.31,2.51,5,0.8,0.3,2.1,1530,21.55,17.95,0.0435,17.9935,17.96,0.0335,1241.55,31.6756,21.54,21.55,-0.01,1529.34,30.894,0.1791,0.0145,0.0,0.4035,
2991350,Alex Caruso,OKC,PG/SG,DAY_TO_DAY,7.1,138.7,56,18.25,6.21,2.27,5.36,0.42,0.73,0.91,0.8,0.95,3.23,0.29,0.5,2.27,2.77,1.96,1.29,0.3,0.86,1.21,0,0,1008,18,69,24.3,8.38,3.06,7.1,0.43,0.96,1.2,0.8,1.3,4.2,0.31,3.59,2.7,1.7,0.51,1.1,1659,24.04,17.99,0.0,17.99,18.0,-0.01,1007.44,35.4871,24.09,24.04,0.05,1662.21,35.6889,0.1805,0.0,0.0,0.5,
4397886,Charles Bassey,GS,C,ACTIVE,0.2,140,13,11.77,5.85,2.38,3.62,0.66,1.08,1.54,0.7,0,0,0,1.77,2.62,4.38,0.54,0.31,0.85,0.46,1.46,2,0,233,17.92,17,11.3,5.24,2.18,3.41,0.64,0.88,1.29,0.69,,,,4.29,0.53,0.29,0.82,0.53,247,14.53,17.48,0.4615,17.9415,17.92,0.0215,233.24,54.8764,14.51,14.53,-0.02,246.67,46.2265,0.4041,0.1538,0.0,2.2315,THIN
2581018,Kentavious Caldwell-Pope,PHI,SG/SF,ACTIVE,1,140,51,21.25,8.39,2.94,7.18,0.41,1.43,1.57,0.91,1.08,3.41,0.32,0.39,2.06,2.45,2.73,0.84,0.16,1.2,1.12,0,0,915,17.94,68,23.6,7.74,2.72,6.21,0.44,1.07,1.21,0.89,1.22,3.4,0.36,2,1.9,1,0.29,0.79,1186,17.44,17.93,0.0,17.93,17.94,-0.01,914.43,30.3755,17.43,17.44,-0.01,1185.24,26.5881,0.1592,0.0,0.0,0.39,
4066218,Grant Williams,CHA,PF,DAY_TO_DAY,0.3,140.1,36,19.81,7,2.17,5.08,0.43,1.22,1.5,0.81,1.44,3.72,0.39,1.28,2.67,3.94,1.56,0.47,0.5,0.86,1.56,0,0,645,17.92,63,19.4,6.89,2.21,5.1,0.43,1.13,1.4,0.81,1.35,3.51,0.39,3.7,1.51,0.51,0.51,0.9,1024,16.25,17.92,0.0,17.92,17.92,0.0,645.12,32.5654,16.29,16.25,0.04,1026.27,30.2289,0.3249,0.0,0.0,1.28,
4888725,Ryan Dunn,PHX,SF/PF,ACTIVE,0.6,140.3,70,19.37,5.81,2.34,5.17,0.45,0.33,0.67,0.49,0.8,2.41,0.33,1.41,2.83,4.24,1.46,0.86,0.41,0.8,1.86,2,0,1255,17.93,71,22.6,7.04,2.83,6.3,0.45,0.39,0.8,0.49,0.99,3,0.33,4.8,1.61,1,0.51,0.9,1365,19.23,17.83,0.0857,17.9157,17.93,-0.0143,1254.1,33.2971,19.24,19.23,0.01,1366.04,30.6478,0.3325,0.0286,0.0,1.4957,
4593016,Quinten Post,MEM,PF/C,ACTIVE,0.1,140,67,17.33,7.66,2.88,6.55,0.44,0.51,0.64,0.79,1.39,4.13,0.34,1.01,3,4.01,1.4,0.39,0.52,0.84,1.87,0,0,1201,17.93,,,,,,,,,,,,,,,,,,,,17.91,0.0,17.91,17.93,-0.02,1199.97,37.2048,0.0,0.0,0.0,0.0,,0.2519,0.0,0.0,1.01,
4592714,Pat Spencer,PHX,PG/SG,ACTIVE,0.1,140,66,18.56,7.21,2.82,6.61,0.43,0.67,0.86,0.77,0.91,2.55,0.36,0.77,1.62,2.39,3.52,0.73,0.08,1.29,1.14,1,0,1177,17.83,,,,,,,,,,,,,,,,,,,,17.82,0.0455,17.8655,17.83,0.0355,1179.12,34.6528,0.0,0.0,0.0,0.0,,0.3222,0.0152,0.0,0.8155,
2991043,Caris LeVert,MIL,SG/SF,ACTIVE,0.8,140.2,60,19.23,7.38,2.72,6.52,0.42,0.95,1.4,0.68,1,3,0.33,0.38,1.57,1.95,2.65,0.85,0.68,1.37,1.52,0,0,1073,17.88,61,20.7,8.54,3.11,7.3,0.43,1.18,1.7,0.69,1.13,3.3,0.34,2.3,2.9,0.9,0.61,1.39,1185,19.43,17.86,0.0,17.86,17.88,-0.02,1071.6,33.4353,19.43,19.43,0.0,1185.23,33.7913,0.1949,0.0,0.0,0.38,
4684272,Ja'Kobe Walter,TOR,SG,ACTIVE,0.6,140.2,72,20.44,7.51,2.5,5.61,0.45,0.99,1.25,0.79,1.53,3.74,0.41,0.78,1.79,2.57,1.19,1.01,0.19,0.51,2.25,0,0,1275,17.71,69,21.6,8.03,2.68,6.1,0.44,1.1,1.41,0.79,1.57,3.9,0.4,2.8,1.3,1,0.2,0.59,1213,17.58,17.68,0.0,17.68,17.71,-0.03,1272.96,31.1389,17.57,17.58,-0.01,1212.33,29.2833,0.3035,0.0,0.0,0.78,
4433144,Caleb Love,PHI,SG,ACTIVE,0.2,139.9,49,20.71,10.39,3.88,10,0.39,0.73,1,0.73,1.9,5.96,0.32,0.51,1.82,2.33,2.51,0.55,0.08,1.27,0.98,0,0,864,17.63,,,,,,,,,,,,,,,,,,,,17.62,0.0,17.62,17.63,-0.01,863.38,30.6287,0.0,0.0,0.0,0.0,,0.2189,0.0,0.0,0.51,
4701208,Moussa Cisse,DAL,C,ACTIVE,0,140,38,13.95,4.47,1.74,3.03,0.57,1,2.13,0.47,0,0,0,2.34,3.34,5.68,0.24,0.5,1.18,0.79,1.92,2,0,669,17.61,,,,,,,,,,,,,,,,,,,,17.43,0.1579,17.5879,17.61,-0.0221,668.34,45.3881,0.0,0.0,0.0,0.0,,0.412,0.0526,0.0,2.4979,
5279130,Nolan Traore,BKN,PG,ACTIVE,0.6,140.4,56,22.25,8.91,3.25,8.55,0.38,1.32,1.68,0.79,1.09,3.43,0.32,0.25,1.52,1.77,3.8,0.8,0.41,2.3,2.13,1,0,981,17.52,71,25,10.03,3.65,9.61,0.38,1.49,1.9,0.79,1.24,3.9,0.32,2,4.3,0.9,0.51,2.61,1389,19.56,17.45,0.0536,17.5036,17.52,-0.0164,980.2,28.3204,19.57,19.56,0.01,1389.47,28.1808,0.1412,0.0179,0.0,0.3036,
4702177,Keon Ellis,BKN,SG/SF,ACTIVE,0.9,140.3,72,20.5,6.67,2.35,5.33,0.44,0.71,0.97,0.73,1.26,3.49,0.36,0.53,1.35,1.88,1,1.15,0.64,0.57,1.86,0,0,1257,17.46,72,21,6.97,2.43,5.4,0.45,0.75,1,0.75,1.36,3.6,0.38,2,1.1,1.19,0.69,0.6,1303,18.1,17.47,0.0,17.47,17.46,0.01,1257.84,30.679,18.06,18.1,-0.04,1300.32,30.96,0.2819,0.0,0.0,0.53,
4433218,Jaden Ivey,FA,PG/SG,DAY_TO_DAY,0.4,140,37,18.11,8.54,3.08,6.92,0.45,1.03,1.27,0.81,1.35,3.62,0.37,0.65,1.81,2.46,1.84,0.62,0.38,1.11,1.43,0,0,646,17.46,,,,,,,,,,,,,,,,,,,,17.46,0.0,17.46,17.46,0.0,646.02,34.7079,0.0,0.0,0.0,0.0,,0.2642,0.0,0.0,0.65,
4997538,Karlo Matkovic,NO,PF,ACTIVE,0,140,62,14.68,5.68,2.29,3.79,0.6,0.48,0.66,0.73,0.61,1.45,0.42,1.16,2.53,3.69,0.81,0.4,0.87,0.55,1.69,1,0,1080,17.42,,,,,,,,,,,,,,,,,,,,17.35,0.0484,17.3984,17.42,-0.0216,1078.7,42.6663,0.0,0.0,0.0,0.0,,0.3144,0.0161,0.0,1.2084,
2596112,Javonte Green,DET,SF,ACTIVE,0.1,140,82,17.62,6.94,2.26,5.05,0.45,1.28,1.52,0.84,1.15,3.01,0.38,0.76,2.05,2.8,0.68,1.24,0.3,0.55,1.3,1,0,1424,17.37,,,,,,,,,,,,,,,,,,,,17.3,0.0366,17.3366,17.37,-0.0334,1421.6,35.4209,0.0,0.0,0.0,0.0,,0.2714,0.0122,0.0,0.7966,
4594326,Kris Murray,MEM,PF,ACTIVE,0.1,140.1,57,23.46,5.81,2.26,4.84,0.47,0.68,1,0.68,0.6,2.14,0.28,1.58,2.04,3.61,1.42,0.89,0.39,0.82,1.61,0,0,985,17.28,68,21.9,5.6,2.19,4.79,0.46,0.65,1,0.65,0.57,2.1,0.27,3.4,1.29,0.79,0.4,0.79,991,14.57,17.28,0.0,17.28,17.28,0.0,984.96,26.5166,14.57,14.57,0.0,990.76,23.9507,0.4377,0.0,0.0,1.58,
4997537,Tristan Vukcevic,WSH,PF,OUT,0.2,140.1,49,13.67,9,3.1,6.47,0.48,1.78,2.27,0.78,1.02,2.94,0.35,0.65,2.35,3,1.12,0.47,0.67,1.27,1.67,1,0,846,17.27,61,13.8,9,3.13,6.51,0.48,1.72,2.2,0.78,1.02,2.9,0.35,3.1,1.1,0.51,0.7,1.3,1028,16.85,17.17,0.0612,17.2312,17.27,-0.0388,844.33,45.3785,16.83,16.85,-0.02,1026.63,43.9043,0.2167,0.0204,0.0,0.7112,
4277922,Jericho Sims,MIL,C,ACTIVE,0.1,140,67,19.69,4.99,2.16,2.76,0.78,0.66,1.06,0.62,0,0,0,2.19,3.33,5.52,1.55,0.28,0.25,1.12,2.18,6,1,1155,17.24,64,18.5,4.44,1.94,2.5,0.77,0.56,0.91,0.62,,,,5.2,1.41,0.3,0.3,1,887,13.86,16.84,0.3582,17.1982,17.24,-0.0418,1152.28,31.4442,13.89,13.86,0.03,888.96,27.0292,0.3967,0.0896,0.0149,2.5482,
5044385,Leonard Miller,CHI,SF,ACTIVE,0.2,140,46,15.67,7.85,3.15,5.7,0.55,0.85,1.15,0.74,0.7,2.15,0.32,1.17,2.76,3.93,0.87,0.37,0.33,0.78,1.41,3,0,787,17.11,62,13.6,6.87,2.76,5,0.55,0.74,1,0.74,0.61,1.9,0.32,3.4,0.81,0.31,0.31,0.69,857,13.82,16.93,0.1957,17.1257,17.11,0.0157,787.78,39.3442,13.86,13.82,0.04,859.32,36.6882,0.2977,0.0652,0.0,1.3657,
3914044,Landry Shamet,NY,SG,ACTIVE,0.6,139.9,51,23,9.31,3.12,7.14,0.44,1.06,1.49,0.71,2.02,5.16,0.39,0.45,1.35,1.8,1.41,0.61,0.18,0.59,1.51,0,0,869,17.04,67,20.8,8.39,2.87,6.51,0.44,0.87,1.19,0.72,1.79,4.6,0.39,1.6,1.19,0.6,0.19,0.6,1007,15.03,17.05,0.0,17.05,17.04,0.01,869.55,26.687,15.03,15.03,0.0,1007.01,26.0135,0.25,0.0,0.0,0.45,
4397449,Elijah Harkless,DET,SG,ACTIVE,0,140,26,20.96,6.85,2.08,6.19,0.34,1.88,2.46,0.77,0.81,3.38,0.24,0.38,1.65,2.04,2.88,1.19,0.23,1,2,1,0,443,17.04,,,,,,,,,,,,,,,,,,,,16.91,0.1154,17.0254,17.04,-0.0146,442.66,29.2421,0.0,0.0,0.0,0.0,,0.1863,0.0385,0.0,0.4954,
4432174,Cam Thomas,FA,SG/SF,ACTIVE,20,140,42,21.02,13.5,4.5,10.98,0.41,3.26,4.02,0.81,1.24,4,0.31,0.26,1.43,1.69,2.57,0.21,0.1,1.76,1.02,0,0,706,16.81,,,,,,,,,,,,,,,,,,,,16.81,0.0,16.81,16.81,0.0,706.02,28.7897,0.0,0.0,0.0,0.0,,0.1538,0.0,0.0,0.26,
3899664,Simone Fontecchio,MIA,SF,ACTIVE,0.2,140.1,70,16.81,8.53,2.77,6.73,0.41,1.23,1.46,0.84,1.76,4.69,0.38,0.8,2.21,3.01,1.44,0.53,0.13,0.7,1.49,0,0,1176,16.8,71,17.1,8.2,2.69,6.51,0.41,1.18,1.39,0.84,1.63,4.39,0.37,3,1.39,0.51,0.1,0.7,1086,15.3,16.8,0.0,16.8,16.8,0.0,1176.0,35.9786,15.31,15.3,0.01,1087.01,32.2316,0.2658,0.0,0.0,0.8,
5105637,Adem Bona,PHI,C,DAY_TO_DAY,0.6,139.9,71,17.39,4.85,1.85,3.1,0.6,1.13,1.59,0.71,0.03,0.08,0.33,1.8,2.52,4.32,0.45,0.42,1.15,0.79,2.15,1,0,1193,16.8,69,17.2,4.93,1.88,3.1,0.61,1.13,1.59,0.7,0.03,0.1,0.32,4.3,0.51,0.41,1.2,0.8,1057,15.32,16.74,0.0423,16.7823,16.8,-0.0177,1191.54,34.7419,15.32,15.32,0.0,1057.08,32.0651,0.4167,0.0141,0.0,1.8423,
4897262,Will Richard,GS,SG/SF,ACTIVE,0.1,140,69,19.96,6.39,2.35,5.01,0.47,0.67,0.78,0.85,1.03,3.07,0.33,0.97,1.52,2.49,1.35,1.16,0.13,0.77,1.9,0,0,1157,16.77,,,,,,,,,,,,,,,,,,,,16.78,0.0,16.78,16.77,0.01,1157.82,30.2645,0.0,0.0,0.0,0.0,,0.3896,0.0,0.0,0.97,
4432117,Isaiah Stevens,FA,PG,ACTIVE,0,140,3,14.33,3.33,1,2.33,0.43,1.33,1.33,1,0,0.33,0,0.67,0.33,1,3.33,1.67,0,0.67,0.67,0,0,50,16.67,,,,,,,,,,,,,,,,,,,,16.67,0.0,16.67,16.67,0.0,50.01,41.8786,0.0,0.0,0.0,0.0,,0.67,0.0,0.0,0.67,THIN
5105592,Cam Whitmore,DEN,SF/PF,ACTIVE,2.2,140,21,16.86,9.19,3.67,8.05,0.46,1.1,1.48,0.74,0.76,2.67,0.29,0.9,1.86,2.76,0.71,0.71,0.38,0.86,1.19,0,0,349,16.62,,,,,,,,,,,,,,,,,,,,16.58,0.0,16.58,16.62,-0.04,348.18,35.4021,0.0,0.0,0.0,0.0,,0.3261,0.0,0.0,0.9,
4683689,Jordan Walsh,BOS,SF,ACTIVE,0.6,140.3,68,17.85,5.35,2,3.93,0.51,0.65,0.84,0.77,0.71,1.84,0.38,1.25,2.75,4,0.79,0.72,0.46,0.51,2.01,2,0,1125,16.54,71,21.5,6.35,2.37,4.7,0.5,0.76,1,0.77,0.86,2.3,0.38,4.8,1,0.9,0.61,0.61,1322,18.62,16.47,0.0882,16.5582,16.54,0.0182,1125.96,33.3948,18.63,18.62,0.01,1322.73,31.1944,0.3125,0.0294,0.0,1.3382,
4683934,Jahmai Mashack,MEM,SG,ACTIVE,0,140,31,21.61,6.19,2.48,6.29,0.39,0.61,1.13,0.54,0.61,2.42,0.25,0.74,1.87,2.61,2.23,1.19,0.45,1.58,2.16,2,1,514,16.58,,,,,,,,,,,,,,,,,,,,16.16,0.3871,16.5471,16.58,-0.0329,512.96,27.5657,0.0,0.0,0.0,0.0,,0.2835,0.0645,0.0323,1.1271,
4432173,Sharife Cooper,FA,PG,ACTIVE,0.1,139.9,41,17.1,8.12,3.1,6.02,0.51,1.22,1.46,0.83,0.71,1.85,0.38,0.44,1.66,2.1,3.02,0.39,0.12,1.49,1.49,0,0,673,16.41,,,,,,,,,,,,,,,,,,,,16.41,0.0,16.41,16.41,0.0,672.81,34.5474,0.0,0.0,0.0,0.0,,0.2095,0.0,0.0,0.44,
4997526,Ousmane Dieng,MIL,SF,ACTIVE,0.3,140,57,19.37,7.56,2.95,6.98,0.42,0.56,0.79,0.71,1.11,3.25,0.34,0.51,2.65,3.16,2.39,0.44,0.3,1.32,1.37,5,0,933,16.37,,,,,,,,,,,,,,,,,,,,16.13,0.2632,16.3932,16.37,0.0232,934.41,30.4674,0.0,0.0,0.0,0.0,,0.1614,0.0877,0.0,0.7732,
5214640,Kasparas Jakucionis,MIL,PG,ACTIVE,0.8,140.3,53,17.91,6.19,1.92,4.49,0.43,1.09,1.25,0.88,1.25,2.94,0.42,0.81,1.79,2.6,2.58,0.62,0.13,0.94,1.87,0,0,867,16.36,68,22.6,7.85,2.44,5.71,0.43,1.41,1.6,0.88,1.56,3.71,0.42,3.29,3.29,0.79,0.21,1.21,1351,19.87,16.32,0.0,16.32,16.36,-0.04,864.96,32.804,19.84,19.87,-0.03,1349.12,31.6035,0.3115,0.0,0.0,0.81,
4592427,Spencer Jones,DEN,SF/PF,DAY_TO_DAY,0.1,140,64,22.16,5.5,2.06,4.09,0.5,0.48,0.8,0.61,0.89,2.25,0.4,1.17,2.09,3.27,0.8,0.81,0.45,0.48,2.73,1,0,1042,16.28,,,,,,,,,,,,,,,,,,,,16.22,0.0469,16.2669,16.28,-0.0131,1041.08,26.4263,0.0,0.0,0.0,0.0,,0.3578,0.0156,0.0,1.2169,
4576086,Bryce McGowens,NO,SG,ACTIVE,0,140,42,20.98,8.1,2.71,5.64,0.48,1.76,2.26,0.78,0.9,2.21,0.41,0.29,1.81,2.1,1.48,0.64,0.21,0.4,2.1,0,0,682,16.24,,,,,,,,,,,,,,,,,,,,16.23,0.0,16.23,16.24,-0.01,681.66,27.8494,0.0,0.0,0.0,0.0,,0.1381,0.0,0.0,0.29,
3155535,Kevon Looney,LAL,C,ACTIVE,0.3,140,21,14.62,2.81,1.19,2.86,0.42,0.33,0.48,0.7,0.1,0.62,0.15,2.29,3.33,5.62,1.62,0.43,0.48,0.43,1.62,0,0,340,16.19,65,15.4,4.23,1.77,3.31,0.53,0.68,1.11,0.62,0.02,0.11,0.2,5.8,1.71,0.51,0.4,0.6,1020,15.69,16.21,0.0,16.21,16.19,0.02,340.41,39.9152,15.71,15.69,0.02,1021.15,36.7247,0.4075,0.0,0.0,2.29,
4431675,Trendon Watford,NO,SF/PF,ACTIVE,0,140,53,16.3,6.53,2.6,5.06,0.51,1.13,1.45,0.78,0.19,0.94,0.2,0.72,2.57,3.28,2.49,0.3,0.42,1.21,2.02,1,1,856,16.15,,,,,,,,,,,,,,,,,,,,15.98,0.1698,16.1498,16.15,-0.0002,855.94,35.6683,0.0,0.0,0.0,0.0,,0.2195,0.0189,0.0189,0.8898,
4433076,Ben Sheppard,IND,SG/SF,ACTIVE,0.2,140.1,65,21.4,7.06,2.58,5.95,0.43,0.6,0.78,0.76,1.29,3.57,0.36,0.66,2.34,3,1.75,0.6,0.09,0.63,1.75,0,0,1044,16.06,62,18.7,5.61,2.05,4.9,0.42,0.42,0.5,0.83,1.1,3.19,0.34,2.5,1.4,0.6,0.1,0.4,812,13.1,16.04,0.0,16.04,16.06,-0.02,1042.6,26.9832,13.13,13.1,0.03,814.06,25.277,0.22,0.0,0.0,0.66,
4280151,Corey Kispert,ATL,SG/SF,ACTIVE,0.3,140.1,58,18.66,9.17,3.17,6.79,0.47,1.33,1.67,0.79,1.5,4.09,0.37,0.47,1.81,2.28,1.59,0.28,0.16,0.78,1.03,0,0,926,15.97,65,20.3,9.86,3.45,7.4,0.47,1.35,1.71,0.8,1.62,4.4,0.37,2.4,1.6,0.31,0.2,0.8,1082,16.65,16.01,0.0,16.01,15.97,0.04,928.58,30.8875,16.66,16.65,0.01,1082.9,29.5448,0.2061,0.0,0.0,0.47,
2581184,Anthony Gill,WSH,PF,ACTIVE,0,140,55,17.33,5.84,2.45,3.91,0.63,0.62,0.84,0.74,0.31,0.87,0.35,1.05,1.82,2.87,1.25,0.56,0.38,0.65,1.6,0,0,871,15.84,,,,,,,,,,,,,,,,,,,,15.8,0.0,15.8,15.84,-0.04,869.0,32.8217,0.0,0.0,0.0,0.0,,0.3659,0.0,0.0,1.05,
3102529,Clint Capela,HOU,C,ACTIVE,0.6,140.1,75,12.33,3.76,1.57,3.03,0.52,0.6,1.04,0.58,0.01,0.03,0.5,2.13,2.47,4.6,0.67,0.48,0.84,0.55,0.99,1,0,1181,15.75,62,16.8,6.63,2.84,5.1,0.56,0.95,1.6,0.59,,,0.29,6.69,0.9,0.5,0.9,0.69,1196,19.29,15.69,0.04,15.73,15.75,-0.02,1179.75,45.927,19.27,19.29,-0.02,1194.74,41.2929,0.463,0.0133,0.0,2.17,
4432809,Cole Anthony,FA,PG/SG,ACTIVE,0.3,140,35,15.06,6.69,2.8,6.6,0.42,0.46,0.74,0.62,0.63,2.06,0.31,0.46,2.03,2.49,3.46,0.57,0.31,1.86,2.09,0,0,550,15.71,,,,,,,,,,,,,,,,,,,,15.71,0.0,15.71,15.71,0.0,549.85,37.5538,0.0,0.0,0.0,0.0,,0.1847,0.0,0.0,0.46,
2990984,Buddy Hield,CHI,SG/SF,ACTIVE,1.1,140.1,51,16.08,7.65,2.8,6.41,0.44,0.59,0.73,0.81,1.45,4.16,0.35,0.53,1.75,2.27,1.39,0.76,0.18,0.94,1.12,0,0,797,15.63,62,18.2,8.73,3.19,7.4,0.43,0.58,0.69,0.82,1.76,4.9,0.36,2.5,1.5,0.81,0.19,1,1045,16.85,15.61,0.0,15.61,15.63,-0.02,796.11,34.9478,16.86,16.85,0.01,1045.32,33.3495,0.2335,0.0,0.0,0.53,
4278077,Jarred Vanderbilt,LAL,SF/PF,ACTIVE,0.3,140,65,17.35,4.43,1.74,3.69,0.47,0.51,0.86,0.59,0.45,1.52,0.29,1.23,3.26,4.49,1.29,0.85,0.29,0.86,1.6,1,0,1007,15.49,62,17.6,4.55,1.79,3.69,0.48,0.6,1,0.6,0.37,1.31,0.29,4.69,1.19,1,0.31,0.9,924,14.9,15.46,0.0462,15.5062,15.49,0.0162,1007.9,32.1742,14.92,14.9,0.02,925.04,30.5182,0.2739,0.0154,0.0,1.2762,
5106268,Nae'Qwan Tomlin,CLE,PF,ACTIVE,0.1,140,64,15.73,5.84,2.34,4.91,0.48,0.73,0.95,0.77,0.42,1.8,0.23,1.34,1.56,2.91,0.83,0.64,0.53,0.45,1.95,0,0,993,15.52,,,,,,,,,,,,,,,,,,,,15.5,0.0,15.5,15.52,-0.02,992.0,35.4736,0.0,0.0,0.0,0.0,,0.4605,0.0,0.0,1.34,
4712863,Mouhamed Gueye,ATL,PF,DAY_TO_DAY,0.2,140.1,77,15.3,4.44,1.7,3.77,0.45,0.52,0.81,0.65,0.52,1.69,0.31,1.16,2.42,3.57,0.9,0.79,0.51,0.43,1.65,3,0,1177,15.29,70,15.4,4.56,1.76,3.9,0.45,0.53,0.8,0.66,0.51,1.7,0.3,3.6,0.9,0.8,0.5,0.4,995,14.21,15.17,0.1169,15.2869,15.29,-0.0031,1177.09,35.9691,14.22,14.21,0.01,995.4,33.2416,0.3249,0.039,0.0,1.2769,
4683024,Killian Hayes,FA,PG,ACTIVE,0.2,140,23,17.61,5.52,1.83,6,0.3,1.13,1.22,0.93,0.74,2.74,0.27,0.17,2.17,2.35,3.52,0.91,0.17,1.22,1.57,0,0,352,15.3,,,,,,,,,,,,,,,,,,,,15.27,0.0,15.27,15.3,-0.03,351.21,31.2164,0.0,0.0,0.0,0.0,,0.0723,0.0,0.0,0.17,
4593841,Baylor Scheierman,BOS,SG,ACTIVE,0.8,140.3,77,18.62,5.55,1.96,4.32,0.45,0.36,0.4,0.9,1.26,3.16,0.4,0.74,2.75,3.49,1.51,0.55,0.08,0.6,1.4,4,0,1160,15.06,72,25.1,7.51,2.64,5.9,0.45,0.54,0.6,0.89,1.69,4.31,0.4,4.69,2,0.81,0.1,0.81,1384,19.22,14.94,0.1558,15.0958,15.06,0.0358,1162.38,29.1864,19.23,19.22,0.01,1384.56,27.5809,0.212,0.0519,0.0,0.8958,
3133626,Kenrich Williams,OKC,SF,ACTIVE,0.2,140.1,56,15.25,6.48,2.5,5.29,0.47,0.59,0.93,0.63,0.89,2.3,0.39,1.05,2.29,3.34,1.41,0.55,0.09,0.77,1.05,1,0,843,15.05,65,15.4,6.32,2.46,5.2,0.47,0.51,0.8,0.64,0.89,2.31,0.39,3.31,1.4,0.6,0.11,0.71,921,14.17,14.97,0.0536,15.0236,15.05,-0.0264,841.32,35.4655,14.17,14.17,0.0,921.05,33.1247,0.3144,0.0179,0.0,1.1036,
5242502,Ben Saraf,BKN,SG,ACTIVE,0.1,140,44,20.82,7.55,2.73,6.89,0.4,1.66,2,0.83,0.43,2.05,0.21,0.45,1.64,2.09,3.3,0.86,0.18,2.25,1.84,0,0,661,15.02,,,,,,,,,,,,,,,,,,,,15.01,0.0,15.01,15.02,-0.01,660.44,25.9539,0.0,0.0,0.0,0.0,,0.2153,0.0,0.0,0.45,
4431687,Patrick Williams,CHI,PF,ACTIVE,0.3,140.1,72,20.5,7.01,2.47,6.64,0.37,0.75,1.04,0.72,1.32,3.81,0.35,0.68,2.31,2.99,1.46,0.68,0.36,1.04,1.29,0,0,1081,15.01,72,20,6.89,2.46,6.5,0.38,0.72,1,0.72,1.25,3.6,0.35,2.9,1.4,0.69,0.4,1,1035,14.38,15.01,0.0,15.01,15.01,0.0,1080.72,26.359,14.34,14.38,-0.04,1032.48,25.812,0.2274,0.0,0.0,0.68,
4602025,Sion James,CHA,SF,ACTIVE,0.1,140,82,22.44,5.38,1.68,4.54,0.37,1,1.2,0.84,1.01,2.88,0.35,0.6,2.9,3.5,1.99,0.63,0.24,0.8,1.8,0,0,1230,15,,,,,,,,,,,,,,,,,,,,14.97,0.0,14.97,15.0,-0.03,1227.54,24.016,0.0,0.0,0.0,0.0,,0.1714,0.0,0.0,0.6,
4702352,Kobe Sanders,LAC,SG,DAY_TO_DAY,0.1,140,68,19.9,7.28,2.63,5.65,0.47,0.84,1.01,0.83,1.18,2.88,0.41,0.43,1.82,2.25,1.6,0.72,0.15,1.19,2.15,0,0,1011,14.87,,,,,,,,,,,,,,,,,,,,14.88,0.0,14.88,14.87,0.01,1011.84,26.9186,0.0,0.0,0.0,0.0,,0.1911,0.0,0.0,0.43,
4997528,Nikola Jovic,MIA,PF,ACTIVE,1.8,139.8,47,17.23,7.32,2.45,6.68,0.37,1.47,2.15,0.68,0.96,3.55,0.27,0.53,2.72,3.26,2.17,0.55,0.36,1.38,1.38,0,0,697,14.83,71,22.9,9.68,3.28,8.51,0.39,1.76,2.51,0.7,1.35,4.61,0.29,4.2,2.8,0.7,0.39,1.7,1358,19.13,14.83,0.0,14.83,14.83,0.0,697.01,30.9855,19.09,19.13,-0.04,1355.39,30.0105,0.1626,0.0,0.0,0.53,
4278516,Ethan Thompson,FA,SG,ACTIVE,0,140,32,20.47,6.97,2.31,6.13,0.38,1.16,1.47,0.79,1.19,3.63,0.33,0.53,1.63,2.16,1.78,0.63,0.28,0.78,2.16,0,0,469,14.66,,,,,,,,,,,,,,,,,,,,14.67,0.0,14.67,14.66,0.01,469.44,25.7997,0.0,0.0,0.0,0.0,,0.2454,0.0,0.0,0.53,
3936296,Skal Labissiere,WSH,PF,,0,140,3,12.67,4.33,2,3.33,0.6,0,0,0,0.33,1.67,0.2,1,2,3,1,0.67,0.33,0.33,1,0,0,44,14.67,,,,,,,,,,,,,,,,,,,,14.67,0.0,14.67,14.67,0.0,44.01,41.6827,0.0,0.0,0.0,0.0,,0.3333,0.0,0.0,1.0,THIN
3195,Mike Conley,BOS,PG,ACTIVE,0.5,140,54,18.41,4.54,1.33,3.98,0.33,0.83,0.93,0.9,1.04,3.07,0.34,0.33,1.39,1.72,2.91,0.65,0.26,0.63,1.56,0,0,778,14.41,55,17.6,4.93,1.51,4.11,0.37,0.82,0.91,0.9,1.09,3,0.36,1.71,3,0.71,0.2,0.71,812,14.76,14.41,0.0,14.41,14.41,0.0,778.14,28.1782,14.77,14.76,0.01,812.35,30.2114,0.1919,0.0,0.0,0.33,
2528426,Jordan Clarkson,NY,SG/SF,ACTIVE,1,139.9,72,17.79,8.64,3.29,7.31,0.45,1.08,1.31,0.83,0.97,2.97,0.33,0.86,0.9,1.76,1.33,0.42,0.13,0.88,1.71,0,0,1035,14.38,66,19,9.59,3.58,8.11,0.44,1.32,1.61,0.83,1.12,3.39,0.33,2,1.7,0.5,0.11,1.11,995,15.08,14.37,0.0,14.37,14.38,-0.01,1034.64,29.0793,15.09,15.08,0.01,995.94,28.5916,0.4886,0.0,0.0,0.86,
4683778,Jared McCain,OKC,PG/SG,ACTIVE,14,137.9,67,17.36,8.33,3.04,7.16,0.42,0.76,0.88,0.86,1.48,3.84,0.39,0.34,1.7,2.04,1.34,0.52,0.07,0.84,1.21,0,0,965,14.4,69,24.7,12.06,4.41,10.3,0.43,1.13,1.3,0.87,2.12,5.51,0.39,2.9,2,0.7,0.1,1.2,1393,20.19,14.35,0.0,14.35,14.4,-0.05,961.45,29.7581,20.23,20.19,0.04,1395.87,29.485,0.1667,0.0,0.0,0.34,
3037789,Bogdan Bogdanovic,HOU,SG/SF,ACTIVE,0.4,140,23,19.7,7.43,2.57,6.61,0.39,0.87,1.09,0.8,1.43,4.13,0.35,0.26,2.3,2.57,2.22,0.43,0.13,1.17,2,0,0,330,14.35,65,17.6,8.75,3.09,7.31,0.42,0.98,1.11,0.9,1.58,4.31,0.37,2.11,1.91,0.6,0.2,0.91,1066,16.4,14.34,0.0,14.34,14.35,-0.01,329.82,26.2051,16.38,16.4,-0.02,1064.7,33.5045,0.1012,0.0,0.0,0.26,
3934723,Thomas Bryant,CLE,C,ACTIVE,0.2,140,60,12.23,6.17,2.25,4.45,0.51,0.88,1.1,0.8,0.78,2.18,0.36,0.98,2.43,3.42,0.55,0.3,0.43,0.47,1.25,1,0,860,14.33,68,12.6,6.19,2.28,4.5,0.51,0.9,1.1,0.81,0.74,2.1,0.35,3.5,0.6,0.29,0.5,0.5,929,13.66,14.26,0.05,14.31,14.33,-0.02,858.6,42.1226,13.65,13.66,-0.01,928.2,39.0,0.2865,0.0167,0.0,1.03,
4592435,Branden Carlson,POR,C,ACTIVE,0,140,42,11.69,5.76,2.33,4.43,0.53,0.36,0.62,0.58,0.74,2.05,0.36,0.69,2.26,2.95,0.69,0.19,0.64,0.38,0.86,3,0,600,14.29,,,,,,,,,,,,,,,,,,,,14.05,0.2143,14.2643,14.29,-0.0257,599.1,43.9277,0.0,0.0,0.0,0.0,,0.2339,0.0714,0.0,0.9043,
3133635,Jevon Carter,ORL,PG,ACTIVE,0.1,140,53,16.38,6.4,2.32,5.79,0.4,0.28,0.36,0.79,1.47,4.06,0.36,0.26,1.42,1.68,1.64,0.75,0.19,0.68,1.08,0,0,757,14.28,51,15.4,6.06,2.22,5.61,0.4,0.24,0.29,0.79,1.39,3.9,0.36,1.61,1.61,0.71,0.2,0.61,685,13.43,14.26,0.0,14.26,14.28,-0.02,755.78,31.3407,13.48,13.43,0.05,687.48,31.5117,0.1548,0.0,0.0,0.26,
5157066,Johnny Furphy,IND,SG,OUT,0.2,140,35,18.29,5.14,2,4.26,0.47,0.49,1,0.49,0.66,2.03,0.32,0.91,3.46,4.37,1.17,0.57,0.2,0.83,1.86,1,0,496,14.17,61,16.1,4.54,1.75,3.8,0.46,0.46,0.9,0.52,0.57,1.8,0.32,3.8,1,0.51,0.2,0.7,707,11.59,14.07,0.0857,14.1557,14.17,-0.0143,495.45,27.8625,11.61,11.59,0.02,708.21,25.9602,0.2082,0.0286,0.0,0.9957,
5211176,Tidjane Salaun,CHA,PF,ACTIVE,0.1,140,37,15.57,6,2.16,4.3,0.5,0.7,1.08,0.65,0.97,2.24,0.43,0.7,3.32,4.03,0.73,0.43,0.19,0.7,1.46,1,0,517,13.97,,,,,,,,,,,,,,,,,,,,13.88,0.0811,13.9611,13.97,-0.0089,516.56,32.28,0.0,0.0,0.0,0.0,,0.1737,0.027,0.0,0.7811,
4280245,Jamaree Bouyea,PHX,PG,ACTIVE,0,140,46,14.02,5.72,2.35,5.13,0.46,0.52,0.76,0.69,0.5,1.7,0.29,0.39,1.39,1.78,1.78,0.63,0.35,0.65,0.83,0,0,639,13.89,,,,,,,,,,,,,,,,,,,,13.9,0.0,13.9,13.89,0.01,639.4,35.6919,0.0,0.0,0.0,0.0,,0.2191,0.0,0.0,0.39,
4278076,Nick Richards,MIA,C,ACTIVE,0.2,140,48,14.65,5.75,2.15,4.19,0.51,1.35,2.1,0.64,0.1,0.38,0.28,1.6,3.46,5.06,0.33,0.21,0.67,1.23,1.83,4,0,664,13.83,,,,,,,,,,,,,,,,,,,,13.59,0.25,13.84,13.83,0.01,664.32,34.0096,0.0,0.0,0.0,0.0,,0.3162,0.0833,0.0,1.85,
5159925,Nikola Topic,OKC,PG,DAY_TO_DAY,0.2,140,10,16.1,5.2,2.2,5.1,0.43,0.2,0.5,0.4,0.6,1.5,0.4,0.7,1.2,1.9,4.4,0.5,0,2.5,1.3,2,0,138,13.8,,,,,,,,,,,,,,,,,,,,13.2,0.6,13.8,13.8,0.0,138.0,30.8571,0.0,0.0,0.0,0.0,,0.3684,0.2,0.0,1.3,THIN
4711297,Justin Edwards,PHI,SF,ACTIVE,0.2,139.9,64,15.23,6.03,2.23,5,0.45,0.52,0.61,0.85,1.05,2.81,0.37,0.41,1.06,1.47,1.25,0.84,0.17,0.56,1.42,0,0,881,13.77,,,,,,,,,,,,,,,,,,,,13.75,0.0,13.75,13.77,-0.02,880.0,32.5016,0.0,0.0,0.0,0.0,,0.2789,0.0,0.0,0.41,
4278046,Olivier Sarr,FA,C,ACTIVE,0,140,4,9.75,3.5,1.25,1.75,0.71,0.5,1.25,0.4,0.5,0.75,0.67,0.5,2.25,2.75,1.25,0.5,0.75,0.5,2.25,0,0,55,13.75,,,,,,,,,,,,,,,,,,,,13.75,0.0,13.75,13.75,0.0,55.0,50.7692,0.0,0.0,0.0,0.0,,0.1818,0.0,0.0,0.5,THIN
4432179,MarJon Beauchamp,FA,SG,ACTIVE,0,140,14,14,6.79,2.36,5.43,0.43,0.93,1.36,0.68,1.14,3.36,0.34,0.5,1.79,2.29,1.07,0.64,0.29,0.93,0.93,0,0,190,13.57,,,,,,,,,,,,,,,,,,,,13.58,0.0,13.58,13.57,0.01,190.12,34.92,0.0,0.0,0.0,0.0,,0.2183,0.0,0.0,0.5,THIN
4397179,Tyrese Martin,FA,SF,ACTIVE,0,140,46,16.85,6.3,2.37,6.02,0.39,0.41,0.61,0.68,1.15,3.59,0.32,0.74,1.78,2.52,1.7,0.54,0.13,0.87,0.72,0,0,625,13.59,,,,,,,,,,,,,,,,,,,,13.57,0.0,13.57,13.59,-0.02,624.22,28.9923,0.0,0.0,0.0,0.0,,0.2937,0.0,0.0,0.74,
4291678,Haywood Highsmith,PHX,SF,ACTIVE,0,140,7,13,5.43,1.71,3.29,0.52,0.86,1,0.86,1.14,2,0.57,0.86,1,1.86,1,0.57,0,0,1.29,0,0,95,13.57,,,,,,,,,,,,,,,,,,,,13.56,0.0,13.56,13.57,-0.01,94.92,37.5508,0.0,0.0,0.0,0.0,,0.4624,0.0,0.0,0.86,THIN
4397821,Nate Williams,FA,SG,ACTIVE,0.1,140,14,17.21,8,3.07,6.29,0.49,0.93,1.07,0.87,0.93,2.14,0.43,1.43,0.71,2.14,1,0.36,0,1.07,1.86,0,0,189,13.5,,,,,,,,,,,,,,,,,,,,13.51,0.0,13.51,13.5,0.01,189.14,28.2603,0.0,0.0,0.0,0.0,,0.6682,0.0,0.0,1.43,THIN
4431752,Kobe Brown,IND,PF,ACTIVE,0.2,139.9,61,15.77,5.79,2.08,4.44,0.47,0.77,0.97,0.8,0.85,2.28,0.37,1.11,1.92,3.03,1.31,0.38,0.2,0.87,1.13,0,0,823,13.49,62,10.8,3.42,1.32,2.9,0.46,0.31,0.4,0.78,0.47,1.4,0.33,2.1,0.9,0.31,0.1,0.5,499,8.05,13.5,0.0,13.5,13.49,0.01,823.5,30.818,8.08,8.05,0.03,500.96,26.9333,0.3663,0.0,0.0,1.11,
4432887,Tyson Etienne,FA,PG,ACTIVE,0,140,24,15.83,7.88,2.42,6.04,0.4,1.25,1.5,0.83,1.79,4.5,0.4,0.21,0.92,1.13,1.67,0.46,0,0.67,1.96,0,0,321,13.38,,,,,,,,,,,,,,,,,,,,13.4,0.0,13.4,13.38,0.02,321.6,30.4738,0.0,0.0,0.0,0.0,,0.1858,0.0,0.0,0.21,
2531367,Dwight Powell,DAL,C,ACTIVE,0.1,140,63,14.38,3.33,1.03,1.6,0.64,1.24,1.78,0.7,0.03,0.11,0.29,1.52,2.56,4.08,1.08,0.54,0.33,0.65,2.11,3,0,843,13.38,,,,,,,,,,,,,,,,,,,,13.22,0.1429,13.3629,13.38,-0.0171,841.86,33.4536,0.0,0.0,0.0,0.0,,0.3725,0.0476,0.0,1.6629,
4017844,Guerschon Yabusele,FA,PF/C,ACTIVE,0.2,140,67,14.99,5.57,1.87,4.66,0.4,0.81,1.07,0.75,1.03,2.93,0.35,0.84,2.66,3.49,0.94,0.39,0.24,0.61,1.21,4,0,876,13.07,,,,,,,,,,,,,,,,,,,,12.93,0.1791,13.1091,13.07,0.0391,878.31,31.4828,0.0,0.0,0.0,0.0,,0.2407,0.0597,0.0,1.0191,
4397233,Pete Nance,MIL,PF,ACTIVE,0,140,47,15.57,5.4,2.13,4.13,0.52,0.09,0.23,0.36,1.06,2.53,0.42,0.57,2.09,2.66,1.02,0.3,0.3,0.55,1.32,1,0,614,13.06,,,,,,,,,,,,,,,,,,,,13.02,0.0638,13.0838,13.06,0.0238,614.94,30.2516,0.0,0.0,0.0,0.0,,0.2143,0.0213,0.0,0.6338,
5099752,Rayan Rupert,PHI,SG,ACTIVE,0.1,140,64,16.75,5.19,1.92,4.89,0.39,0.66,0.84,0.78,0.69,2.13,0.32,0.75,2.19,2.94,1.06,0.86,0.14,0.86,1.94,3,1,830,12.97,61,15.7,4.87,1.8,4.61,0.39,0.62,0.8,0.78,0.64,2,0.32,2.7,1,0.8,0.1,0.8,673,11.03,12.74,0.2344,12.9744,12.97,0.0044,830.36,27.8852,11.02,11.03,-0.01,672.22,25.2688,0.2551,0.0469,0.0156,0.9844,
4432181,Julian Strawther,DEN,SF,ACTIVE,0.2,140,57,15.11,7.25,2.61,5.6,0.47,1,1.23,0.81,1.02,2.63,0.39,0.21,1.79,2,1.07,0.44,0.11,0.63,1.28,0,0,737,12.93,66,16,7.45,2.7,5.89,0.46,0.97,1.2,0.81,1.09,2.89,0.37,2,1.11,0.5,0.11,0.7,862,13.06,12.95,0.0,12.95,12.93,0.02,738.15,30.8537,13.08,13.06,0.02,863.28,29.43,0.105,0.0,0.0,0.21,
4277843,Gary Trent Jr.,MIL,SG/SF,ACTIVE,0.4,140,65,21.18,8.14,2.82,7.28,0.39,0.62,0.8,0.77,1.89,5.26,0.36,0.12,0.91,1.03,1.22,0.52,0.05,0.63,1.31,0,0,832,12.8,67,22.3,8.93,3.1,7.81,0.4,0.7,0.9,0.79,2.01,5.4,0.37,1.3,1.19,0.6,0.1,0.6,968,14.45,12.82,0.0,12.82,12.8,0.02,833.3,21.7904,14.41,14.45,-0.04,965.47,23.2628,0.1165,0.0,0.0,0.12,
4065663,Josh Okogie,UTAH,SF,ACTIVE,0.1,140,78,17.44,4.53,1.6,3.77,0.43,0.53,0.88,0.59,0.79,2.06,0.39,1.04,1.53,2.56,0.88,0.81,0.21,0.53,1.37,1,0,999,12.81,,,,,,,,,,,,,,,,,,,,12.78,0.0385,12.8185,12.81,0.0085,999.84,26.4601,0.0,0.0,0.0,0.0,,0.4062,0.0128,0.0,1.0785,
5081727,Sidy Cissoko,POR,SG,ACTIVE,0.1,140,75,19.12,5.11,1.77,4.45,0.4,0.77,1.17,0.66,0.79,2.64,0.3,0.83,1.39,2.21,1.47,0.69,0.33,0.93,2.44,0,0,960,12.8,62,16.2,4.45,1.55,3.81,0.41,0.73,1.1,0.65,0.63,2.19,0.29,2,1.31,0.6,0.31,0.81,658,10.61,12.79,0.0,12.79,12.8,-0.01,959.25,24.0816,10.64,10.61,0.03,659.68,23.6444,0.3756,0.0,0.0,0.83,
3914285,Drew Eubanks,NY,C,ACTIVE,0.1,140,42,13.19,5.21,2.21,3.71,0.6,0.76,1.36,0.56,0.02,0.17,0.14,0.93,2.1,3.02,0.45,0.36,0.62,0.71,1.36,1,0,536,12.76,,,,,,,,,,,,,,,,,,,,12.69,0.0714,12.7614,12.76,0.0014,535.98,34.8303,0.0,0.0,0.0,0.0,,0.3079,0.0238,0.0,1.0014,
4277919,Mo Bamba,UTAH,C,ACTIVE,0.2,139.9,4,11,2.5,1.25,2.75,0.45,0,0,0,0,0,0,2.5,3,5.5,0.25,0,0.75,0.5,1.5,0,0,51,12.75,,,,,,,,,,,,,,,,,,,,12.75,0.0,12.75,12.75,0.0,51.0,41.7273,0.0,0.0,0.0,0.0,,0.4545,0.0,0.0,2.5,THIN
4398390,Jalen Pickett,LAC,PG/SG,ACTIVE,0.1,140,50,16.12,5.2,1.96,4.64,0.42,0.3,0.38,0.79,0.98,2.54,0.39,0.36,1.92,2.28,2.3,0.26,0.1,0.68,0.84,0,0,635,12.7,49,11.3,3.55,1.35,3.2,0.42,0.16,0.2,0.79,0.69,1.8,0.39,1.51,1.59,0.2,0.1,0.51,421,8.59,12.7,0.0,12.7,12.7,0.0,635.0,28.3623,8.57,8.59,-0.02,419.93,27.3027,0.1579,0.0,0.0,0.36,
4868423,Jaden Hardy,LAL,SG,ACTIVE,0.1,140,57,15.79,9.18,3.19,7.53,0.42,0.96,1.32,0.73,1.82,4.6,0.4,0.26,1.25,1.51,1.02,0.28,0.11,1.09,1.56,0,0,723,12.68,60,15.3,8.57,3.05,7.2,0.42,0.95,1.3,0.73,1.52,3.9,0.39,1.6,1.2,0.3,0.1,1.1,722,12.03,12.68,0.0,12.68,12.68,0.0,722.76,28.9094,12.04,12.03,0.01,722.4,28.3294,0.1722,0.0,0.0,0.26,
3150844,Moritz Wagner,BKN,C,ACTIVE,0.3,140,36,11.86,6.86,2.31,5.42,0.43,1.64,2,0.82,0.61,1.94,0.31,0.75,2.44,3.19,0.75,0.42,0.06,0.53,1.61,0,0,453,12.58,62,13.3,8.03,2.77,5.9,0.47,1.84,2.31,0.8,0.65,2,0.32,3.5,0.9,0.5,0.1,0.69,878,14.16,12.61,0.0,12.61,12.58,0.03,453.96,38.2766,14.17,14.16,0.01,878.54,38.3549,0.2351,0.0,0.0,0.75,
4697268,Kam Jones,MIL,PG,ACTIVE,0,140,37,16.65,4.38,1.84,4.57,0.4,0.11,0.22,0.5,0.59,2.03,0.29,0.41,1.22,1.62,3.22,0.49,0,0.97,1.05,1,0,463,12.51,,,,,,,,,,,,,,,,,,,,12.46,0.0811,12.5411,12.51,0.0311,464.02,27.1159,0.0,0.0,0.0,0.0,,0.2531,0.027,0.0,0.4911,
2326307,Seth Curry,FA,PG/SG,ACTIVE,0.7,139.6,10,13.2,7.1,2.4,4.9,0.49,1.1,1.2,0.92,1.2,2.5,0.48,0.4,0.8,1.2,1,0.3,0,0.2,0.7,0,0,125,12.5,,,,,,,,,,,,,,,,,,,,12.5,0.0,12.5,12.5,0.0,125.0,34.0909,0.0,0.0,0.0,0.0,,0.3333,0.0,0.0,0.4,THIN
4432821,E.J. Liddell,FA,PF,ACTIVE,0,140,26,13.42,5.65,2.08,4.27,0.49,0.81,1,0.81,0.69,2,0.35,0.54,2.12,2.65,0.92,0.23,0.38,0.58,1.73,1,0,325,12.5,,,,,,,,,,,,,,,,,,,,12.35,0.1154,12.4654,12.5,-0.0346,324.1,33.4392,0.0,0.0,0.0,0.0,,0.2038,0.0385,0.0,0.6554,
4701225,PJ Hall,CHA,PF,ACTIVE,0,140,19,11.26,4.53,1.58,3.11,0.51,1.21,1.53,0.79,0.16,0.26,0.6,1.74,2.21,3.95,0.53,0.16,0.53,0.84,1.16,1,0,235,12.37,,,,,,,,,,,,,,,,,,,,12.25,0.1579,12.4079,12.37,0.0379,235.75,39.67,0.0,0.0,0.0,0.0,,0.4405,0.0526,0.0,1.8979,THIN
5037873,Drake Powell,BKN,SG,ACTIVE,0.1,140,63,20.94,6.48,2.29,5.68,0.4,1.1,1.22,0.9,0.81,2.89,0.28,0.33,1.43,1.76,1.44,0.57,0.22,0.95,1.41,0,0,775,12.3,,,,,,,,,,,,,,,,,,,,12.3,0.0,12.3,12.3,0.0,774.9,21.1461,0.0,0.0,0.0,0.0,,0.1875,0.0,0.0,0.33,
4684275,Rob Dillingham,FA,PG,DAY_TO_DAY,0.7,140,65,14.91,6.29,2.51,6.34,0.4,0.63,0.85,0.75,0.65,2.05,0.32,0.29,1.72,2.02,2.2,0.72,0.09,1.54,1.75,0,0,799,12.29,68,20.5,8.6,3.46,8.71,0.4,0.81,1.1,0.74,0.88,2.79,0.32,2.71,3.1,1,0.1,2.1,1123,16.51,12.27,0.0,12.27,12.29,-0.02,797.55,29.6258,16.51,16.51,0.0,1122.68,28.9932,0.1436,0.0,0.0,0.29,
4432813,Jeremiah Robinson-Earl,DAL,PF,,0.1,140,22,16.45,4.59,1.68,4.55,0.37,0.77,0.82,0.94,0.45,1.86,0.24,1.64,3.05,4.68,0.68,0.41,0.05,0.55,1.18,0,0,269,12.23,,,,,,,,,,,,,,,,,,,,12.22,0.0,12.22,12.23,-0.01,268.84,26.7429,0.0,0.0,0.0,0.0,,0.3504,0.0,0.0,1.64,
5214637,Noah Penda,ORL,PF,DAY_TO_DAY,0.1,140,59,12.9,3.85,1.39,3.44,0.4,0.56,0.81,0.69,0.51,1.58,0.32,1.14,2.03,3.17,1.19,0.51,0.31,0.71,1.19,2,0,711,12.05,,,,,,,,,,,,,,,,,,,,12.0,0.1017,12.1017,12.05,0.0517,714.0,33.7722,0.0,0.0,0.0,0.0,,0.3596,0.0339,0.0,1.2417,
4873201,Asa Newell,ATL,PF,ACTIVE,0.3,140,44,11.41,5.16,2.07,3.84,0.54,0.36,0.66,0.55,0.66,1.7,0.39,1,1.18,2.18,0.59,0.36,0.34,0.52,1.48,2,0,532,12.09,66,14.1,6.32,2.53,4.7,0.54,0.44,0.8,0.55,0.82,2.11,0.39,2.7,0.7,0.39,0.39,0.61,869,13.17,11.94,0.1364,12.0764,12.09,-0.0136,531.36,38.1025,13.14,13.17,-0.03,867.24,33.5489,0.4587,0.0455,0.0,1.1364,
4433268,Trey Alexander,UTAH,SG,ACTIVE,0,140,9,12.33,5.22,2.11,4.11,0.51,0.33,0.56,0.6,0.67,1.33,0.5,0.11,1.11,1.22,1,0.67,0.22,0.33,1.44,0,0,108,12,,,,,,,,,,,,,,,,,,,,12.0,0.0,12.0,12.0,0.0,108.0,35.0365,0.0,0.0,0.0,0.0,,0.0902,0.0,0.0,0.11,THIN
4431778,Christian Koloko,NO,C,ACTIVE,0,140,27,13.26,2.7,1.15,2.74,0.42,0.37,0.56,0.67,0.04,0.33,0.11,1.15,1.85,3,0.67,0.52,0.85,0.59,1.78,0,0,321,11.89,,,,,,,,,,,,,,,,,,,,11.9,0.0,11.9,11.89,0.01,321.3,32.3077,0.0,0.0,0.0,0.0,,0.3833,0.0,0.0,1.15,
3416,Nicolas Batum,FA,PF,ACTIVE,0.1,140,74,17.46,3.96,1.3,3.22,0.4,0.12,0.15,0.82,1.24,3.08,0.4,0.31,2.18,2.49,0.86,0.64,0.31,0.5,1.35,0,0,878,11.86,,,,,,,,,,,,,,,,,,,,11.87,0.0,11.87,11.86,0.01,878.38,24.4742,0.0,0.0,0.0,0.0,,0.1245,0.0,0.0,0.31,
5175647,Hugo Gonzalez,BOS,SF,ACTIVE,0.8,140.1,74,14.64,3.91,1.58,3.32,0.48,0.18,0.35,0.5,0.57,1.57,0.36,0.84,2.49,3.32,0.54,0.57,0.28,0.51,1.68,2,0,876,11.84,74,21.7,5.77,2.34,4.91,0.48,0.26,0.5,0.5,0.84,2.3,0.36,4.91,0.8,0.8,0.41,0.8,1173,15.85,11.77,0.0811,11.8511,11.84,0.0111,876.98,29.142,15.89,15.85,0.04,1175.86,26.3613,0.253,0.027,0.0,0.9211,
4433225,Tyler Kolek,NY,PG,ACTIVE,0.3,139.9,62,11.76,4.42,1.74,4,0.44,0.23,0.32,0.7,0.71,1.84,0.39,0.26,1.32,1.58,2.74,0.35,0.06,0.89,1.05,2,0,734,11.84,,,,,,,,,,,,,,,,,,,,11.7,0.0968,11.7968,11.84,-0.0432,731.4,36.1126,0.0,0.0,0.0,0.0,,0.1646,0.0323,0.0,0.3568,
2779,Chris Paul,FA,PG,ACTIVE,5.4,139.9,16,14.25,2.94,1.13,3.5,0.32,0.06,0.13,0.5,0.63,1.88,0.33,0.38,1.38,1.75,3.31,0.69,0,1,1.44,0,0,188,11.75,,,,,,,,,,,,,,,,,,,,11.77,0.0,11.77,11.75,0.02,188.32,29.7347,0.0,0.0,0.0,0.0,,0.2171,0.0,0.0,0.38,THIN
3138160,Caleb Martin,DAL,SG,ACTIVE,0.2,140,58,14.83,3.91,1.47,3.26,0.45,0.64,1.05,0.61,0.34,0.98,0.35,0.48,1.98,2.47,1.4,0.69,0.26,0.69,1.48,0,0,677,11.67,67,17,4.73,1.76,4,0.44,0.75,1.19,0.62,0.46,1.3,0.35,2.7,1.51,0.7,0.3,0.81,829,12.37,11.69,0.0,11.69,11.67,0.02,678.02,28.3776,12.37,12.37,0.0,828.79,26.1953,0.1943,0.0,0.0,0.48,
4397071,Mac McClung,FA,SG,ACTIVE,0.1,139.9,11,12.27,6.09,2.09,5.36,0.39,1.27,1.64,0.78,0.64,2.73,0.23,0.18,0.73,0.91,0.91,1,0.27,0.82,1.73,0,0,127,11.55,,,,,,,,,,,,,,,,,,,,11.53,0.0,11.53,11.55,-0.02,126.83,33.8289,0.0,0.0,0.0,0.0,,0.1978,0.0,0.0,0.18,THIN
4592699,Enrique Freeman,MIN,PF,ACTIVE,0,140,4,9.25,3.25,1,2,0.5,0.75,1,0.75,0.5,1,0.5,0.5,2,2.5,0.5,0.5,0.75,0.5,1.25,0,0,46,11.5,,,,,,,,,,,,,,,,,,,,11.5,0.0,11.5,11.5,0.0,46.0,44.7568,0.0,0.0,0.0,0.0,,0.2,0.0,0.0,0.5,THIN
4432107,Marcus Sasser,DAL,PG,ACTIVE,0.1,140,38,12.05,5.18,1.82,4.66,0.39,0.39,0.47,0.83,1.16,2.79,0.42,0.18,0.84,1.03,1.97,0.53,0.11,0.82,1.08,0,0,429,11.29,60,13.1,5.73,2.05,5,0.41,0.5,0.6,0.84,1.13,2.8,0.41,1.1,2.2,0.6,0.1,0.9,742,12.37,11.31,0.0,11.31,11.29,0.02,429.78,33.7892,12.36,12.37,-0.01,741.6,33.9664,0.1748,0.0,0.0,0.18,
4431772,Myron Gardner,MIA,SF,ACTIVE,0,140,45,9.16,3.62,1.31,2.73,0.48,0.42,0.58,0.73,0.58,1.42,0.41,0.87,1.84,2.71,0.98,0.44,0.18,0.38,1.73,1,0,507,11.27,,,,,,,,,,,,,,,,,,,,11.19,0.0667,11.2567,11.27,-0.0133,506.55,44.2402,0.0,0.0,0.0,0.0,,0.321,0.0222,0.0,0.9367,
5279133,Joan Beringer,MIN,C,ACTIVE,0.7,140,40,7.88,3.9,1.63,2.45,0.66,0.65,0.93,0.7,0,0,0,1.13,1.18,2.3,0.3,0.17,0.65,0.28,1.18,1,0,451,11.28,,,,,,,,,,,,,,,,,,,,11.18,0.075,11.255,11.28,-0.025,450.2,51.4188,0.0,0.0,0.0,0.0,,0.4913,0.025,0.0,1.205,
5106258,Gradey Dick,LAC,SG/SF,ACTIVE,1.9,139.9,76,14.04,5.99,2.12,5.05,0.42,1.01,1.16,0.88,0.74,2.45,0.3,0.55,1.38,1.93,0.67,0.59,0.09,0.55,1.33,1,0,856,11.26,72,25.8,11.24,3.96,9.5,0.42,1.83,2.1,0.87,1.49,4.69,0.32,3.4,1.31,1,0.19,1.1,1402,19.47,11.21,0.0395,11.2495,11.26,-0.0105,854.96,28.8448,19.46,19.47,-0.01,1401.12,27.1535,0.285,0.0132,0.0,0.5895,
5108024,Yanic Konan Niederhauser,LAC,C,OUT,0.4,140,41,10.37,4.29,1.56,2.44,0.64,1.15,1.51,0.76,0.02,0.12,0.2,0.9,1.95,2.85,0.29,0.12,0.73,0.56,1.61,0,0,462,11.27,,,,,,,,,,,,,,,,,,,,11.24,0.0,11.24,11.27,-0.03,460.84,39.0203,0.0,0.0,0.0,0.0,,0.3158,0.0,0.0,0.9,
4433159,Dalen Terry,GS,SF,ACTIVE,0.1,140,48,11.46,3.67,1.42,3.23,0.44,0.33,0.63,0.53,0.5,1.38,0.36,0.54,1.25,1.79,1.38,0.6,0.31,0.54,1.02,0,0,535,11.15,,,,,,,,,,,,,,,,,,,,11.13,0.0,11.13,11.15,-0.02,534.24,34.9634,0.0,0.0,0.0,0.0,,0.3017,0.0,0.0,0.54,
4397018,Ochai Agbaji,NY,SF,ACTIVE,0.1,140,62,15.74,5.06,1.97,4.52,0.44,0.58,0.69,0.84,0.55,2.06,0.27,0.74,1.53,2.27,0.76,0.39,0.27,0.5,1.5,0,0,688,11.1,,,,,,,,,,,,,,,,,,,,11.09,0.0,11.09,11.1,-0.01,687.58,25.3647,0.0,0.0,0.0,0.0,,0.326,0.0,0.0,0.74,
3431,Eric Gordon,FA,SG,ACTIVE,0.1,140,6,12.33,5.5,2,3.5,0.57,0.17,0.33,0.5,1.33,2.33,0.57,0.17,0.17,0.33,0.5,0.67,0.17,0.5,0.5,0,0,66,11,,,,,,,,,,,,,,,,,,,,11.03,0.0,11.03,11.0,0.03,66.18,32.2044,0.0,0.0,0.0,0.0,,0.5152,0.0,0.0,0.17,THIN
4432185,Micah Peavy,MEM,SF,DAY_TO_DAY,0,140,61,14.97,4.3,1.74,4.51,0.39,0.36,0.48,0.76,0.46,1.77,0.26,0.75,1.16,1.92,1,0.7,0.15,0.33,1.57,0,0,673,11.03,,,,,,,,,,,,,,,,,,,,11.02,0.0,11.02,11.03,-0.01,672.22,26.501,0.0,0.0,0.0,0.0,,0.3906,0.0,0.0,0.75,
4433246,Patrick Baldwin Jr.,FA,SF,ACTIVE,0,140,9,11.44,3.67,1.22,3,0.41,0.56,0.78,0.71,0.67,1.56,0.43,1.33,1.22,2.56,0.56,0.33,0.56,0.56,1.67,0,0,99,11,,,,,,,,,,,,,,,,,,,,11.01,0.0,11.01,11.0,0.01,99.09,34.6469,0.0,0.0,0.0,0.0,,0.5195,0.0,0.0,1.33,THIN
2580365,Larry Nance Jr.,IND,PF,DAY_TO_DAY,0.2,140.1,35,12.86,3.74,1.49,3.54,0.42,0.17,0.37,0.46,0.6,1.8,0.33,0.83,1.83,2.66,0.97,0.6,0.17,0.57,1.57,0,0,383,10.94,62,17.8,5.9,2.34,4.5,0.52,0.5,0.69,0.71,0.73,1.81,0.41,4.19,1.5,0.81,0.31,0.69,1046,16.87,10.95,0.0,10.95,10.94,0.01,383.25,30.6532,16.91,16.87,0.04,1048.42,34.2,0.312,0.0,0.0,0.83,
4432446,Jabari Walker,PHI,PF,ACTIVE,0.1,140,64,11.84,4.31,1.52,3.33,0.46,0.78,1.06,0.74,0.5,1.48,0.34,1.13,1.88,3,0.53,0.36,0.2,0.42,1.61,2,0,699,10.92,,,,,,,,,,,,,,,,,,,,10.83,0.0938,10.9238,10.92,0.0038,699.12,33.2141,0.0,0.0,0.0,0.0,,0.3767,0.0312,0.0,1.2237,
4431684,Trayce Jackson-Davis,TOR,PF,DAY_TO_DAY,0.3,140.1,53,9.42,3.42,1.34,2.34,0.57,0.72,1.4,0.51,0.02,0.02,1,1.25,1.49,2.74,0.74,0.32,0.45,0.43,0.85,1,0,574,10.83,65,15.9,6.83,2.89,4.6,0.63,1.05,1.91,0.55,,,0.25,4.91,1.4,0.4,0.8,0.71,1186,18.25,10.79,0.0566,10.8466,10.83,0.0166,574.87,41.452,18.24,18.25,-0.01,1185.6,41.2981,0.4562,0.0189,0.0,1.3066,
5157587,Rocco Zikarsky,MIN,C,ACTIVE,0.1,139.9,5,7.4,2.8,1,1.6,0.63,0.8,0.8,1,0,0,0,0.4,2.4,2.8,0.4,0,1,0.2,0.6,0,0,54,10.8,,,,,,,,,,,,,,,,,,,,10.8,0.0,10.8,10.8,0.0,54.0,52.5405,0.0,0.0,0.0,0.0,,0.1429,0.0,0.0,0.4,THIN
5159895,Yuki Kawamura,LAC,PG,ACTIVE,0.2,139.9,18,11.72,3.44,0.94,2.89,0.33,0.94,1.06,0.89,0.61,2.06,0.3,0.39,1.44,1.83,2.61,0.5,0,0.78,0.83,0,0,195,10.83,,,,,,,,,,,,,,,,,,,,10.8,0.0,10.8,10.83,-0.03,194.4,33.1741,0.0,0.0,0.0,0.0,,0.2131,0.0,0.0,0.39,THIN
4432811,Josh Green,UTAH,SG,ACTIVE,0.1,140,58,15.66,4.29,1.43,3.12,0.46,0.43,0.48,0.89,1,2.38,0.42,0.78,0.98,1.76,0.81,0.6,0.1,0.6,1.1,0,0,624,10.76,59,18.3,4.98,1.71,3.8,0.45,0.49,0.59,0.81,1.07,2.59,0.41,2,1,0.69,0.1,0.69,671,11.37,10.74,0.0,10.74,10.76,-0.02,622.92,24.6897,11.35,11.37,-0.02,669.65,22.3279,0.4432,0.0,0.0,0.78,
4397882,Tolu Smith,DET,PF,ACTIVE,0,140,15,9.13,3.73,1.2,2.4,0.5,1.33,2,0.67,0,0,0,1.47,1.8,3.27,0.87,0.13,0.4,0.47,1.53,0,0,161,10.73,,,,,,,,,,,,,,,,,,,,10.72,0.0,10.72,10.73,-0.01,160.8,42.2694,0.0,0.0,0.0,0.0,,0.4495,0.0,0.0,1.47,THIN
4683834,KJ Simpson,FA,PG,ACTIVE,0,140,20,12.85,4.55,1.7,4.95,0.34,0.55,0.9,0.61,0.6,2,0.3,0.45,1.4,1.85,2.15,0.8,0,1.25,0.9,0,0,211,10.55,,,,,,,,,,,,,,,,,,,,10.55,0.0,10.55,10.55,0.0,211.0,29.5564,0.0,0.0,0.0,0.0,,0.2432,0.0,0.0,0.45,THIN
6580,Bradley Beal,LAC,SG/SF,DAY_TO_DAY,2.9,140.6,6,20.17,8.17,3,8,0.38,1,1.33,0.75,1.17,3.17,0.37,0.33,0.5,0.83,1.67,0.5,0,1.5,2.33,0,0,63,10.5,62,25.3,13.56,5.23,10.4,0.5,1.61,2,0.81,1.5,3.69,0.4,2.9,3.31,0.81,0.4,1.69,1593,25.69,10.51,0.0,10.51,10.5,0.01,63.06,18.7586,25.71,25.69,0.02,1594.02,36.5834,0.3976,0.0,0.0,0.33,THIN
4278572,Jamal Cain,ORL,SF,ACTIVE,0.1,140.1,40,12.07,5.38,1.85,3.8,0.49,0.97,1.15,0.85,0.7,1.82,0.38,0.7,1.25,1.95,0.72,0.28,0.1,0.47,1.32,0,0,418,10.45,69,19.3,8.29,2.88,6.1,0.47,1.45,1.8,0.81,1.07,2.9,0.37,3.1,1.1,0.59,0.2,0.8,1075,15.58,10.47,0.0,10.47,10.45,0.02,418.8,31.2278,15.53,15.58,-0.05,1071.57,28.9679,0.359,0.0,0.0,0.7,
4431714,Jalen Wilson,ATL,PF,ACTIVE,0.2,140,54,15.94,6.35,2.04,5.15,0.4,1.28,1.78,0.72,1,2.81,0.36,0.31,1.8,2.11,0.93,0.41,0.04,0.7,1.57,0,0,563,10.43,63,18,6.95,2.27,5.7,0.4,1.33,1.79,0.74,1.08,3.1,0.35,2.4,1.1,0.4,,0.79,693,11,10.46,0.0,10.46,10.43,0.03,564.84,23.6236,11.03,11.0,0.03,694.89,22.06,0.1469,0.0,0.0,0.31,
5023693,Tyrese Proctor,CLE,SG,ACTIVE,0.1,140,50,10.98,5.44,1.86,4.5,0.41,0.8,0.9,0.89,0.92,2.62,0.35,0.22,1.06,1.28,1.48,0.5,0,0.8,1.18,1,0,520,10.4,,,,,,,,,,,,,,,,,,,,10.34,0.06,10.4,10.4,0.0,520.0,34.0984,0.0,0.0,0.0,0.0,,0.1719,0.02,0.0,0.28,
4432819,Tre Mann,WSH,PG/SG,ACTIVE,0.2,140.1,53,12.64,5.49,2.06,5.72,0.36,0.43,0.51,0.85,0.94,2.92,0.32,0.38,1.36,1.74,1.62,0.47,0.09,1.02,1.3,0,0,548,10.34,67,16.3,7.22,2.72,7.3,0.37,0.6,0.7,0.85,1.19,3.6,0.33,2.19,2.1,0.6,0.1,1.3,875,13.06,10.31,0.0,10.31,10.34,-0.03,546.43,29.3639,13.04,13.06,-0.02,873.68,28.8,0.2184,0.0,0.0,0.38,
4397251,Ron Harper Jr.,BOS,SG,ACTIVE,0.1,140,29,10.9,4.24,1.59,3.79,0.42,0.1,0.14,0.75,0.97,2.76,0.35,0.52,1.14,1.66,0.76,0.34,0.31,0.28,0.69,0,0,299,10.31,,,,,,,,,,,,,,,,,,,,10.3,0.0,10.3,10.31,-0.01,298.7,34.0183,0.0,0.0,0.0,0.0,,0.3133,0.0,0.0,0.52,
5105806,Jett Howard,DAL,SF,ACTIVE,0.1,140,55,12.71,5.47,1.91,4.56,0.42,0.67,0.71,0.95,0.98,2.64,0.37,0.42,1.16,1.58,0.82,0.18,0.2,0.27,1.2,0,0,566,10.29,66,12.4,5.21,1.85,4.5,0.41,0.55,0.61,0.92,0.97,2.7,0.36,1.5,0.8,0.2,0.2,0.3,620,9.39,10.29,0.0,10.29,10.29,0.0,565.95,29.1456,9.42,9.39,0.03,621.72,27.3484,0.2658,0.0,0.0,0.42,
4683935,Blake Wesley,LAC,SG,ACTIVE,0,140,31,11.71,4.77,1.81,4,0.45,0.84,1.52,0.55,0.32,1.16,0.28,0.26,1,1.26,2,0.52,0.16,1,1.1,0,0,318,10.26,,,,,,,,,,,,,,,,,,,,10.27,0.0,10.27,10.26,0.01,318.37,31.573,0.0,0.0,0.0,0.0,,0.2063,0.0,0.0,0.26,
5167876,Tyler Smith,FA,SF,ACTIVE,0,140,12,13.92,4.67,1.75,4.17,0.42,0.33,0.5,0.67,0.83,2.92,0.29,1,1.75,2.75,0.42,0.5,0,0.5,1.08,0,0,123,10.25,,,,,,,,,,,,,,,,,,,,10.25,0.0,10.25,10.25,0.0,123.0,26.5086,0.0,0.0,0.0,0.0,,0.3636,0.0,0.0,1.0,THIN
3135046,Tyus Jones,DEN,PG,ACTIVE,0.9,140.1,67,14.64,2.97,1.13,3.25,0.35,0.1,0.13,0.78,0.6,2.04,0.29,0.18,0.96,1.13,2.37,0.55,0.04,0.37,0.46,0,0,687,10.25,69,17.5,4.7,1.78,4.51,0.4,0.25,0.3,0.84,0.88,2.59,0.34,1.41,3.1,0.59,0.1,0.51,963,13.96,10.22,0.0,10.22,10.25,-0.03,684.74,25.1311,13.93,13.96,-0.03,961.17,28.656,0.1593,0.0,0.0,0.18,
4432247,Jaylen Clark,MIN,SG,ACTIVE,0.3,140,68,13.07,4.04,1.46,3.35,0.43,0.65,0.99,0.66,0.49,1.49,0.33,0.79,0.97,1.76,0.63,0.69,0.13,0.34,1.28,0,0,693,10.19,68,13.1,4.04,1.44,3.29,0.44,0.66,1,0.67,0.5,1.5,0.34,1.71,0.6,0.71,0.1,0.29,636,9.35,10.17,0.0,10.17,10.19,-0.02,691.56,28.0122,9.36,9.35,0.01,636.48,25.7221,0.4489,0.0,0.0,0.79,
4431690,Zeke Nnaji,DEN,PF/C,ACTIVE,0.1,140,52,12.06,3.65,1.37,2.9,0.47,0.65,0.85,0.77,0.27,1.04,0.26,0.63,1.98,2.62,0.56,0.33,0.46,0.52,1.37,2,0,528,10.15,,,,,,,,,,,,,,,,,,,,10.05,0.1154,10.1654,10.15,0.0154,528.6,30.3444,0.0,0.0,0.0,0.0,,0.2405,0.0385,0.0,0.7454,
4703421,Taelon Peter,SA,SG,ACTIVE,0,140,38,12.95,4.5,1.58,4.16,0.38,0.26,0.42,0.63,1.08,3.29,0.33,0.26,1.29,1.55,1.05,0.68,0.11,0.71,1,0,0,383,10.08,,,,,,,,,,,,,,,,,,,,10.07,0.0,10.07,10.08,-0.01,382.66,27.9938,0.0,0.0,0.0,0.0,,0.1677,0.0,0.0,0.26,
5105977,Rasheer Fleming,PHX,PF,ACTIVE,0.1,140,55,12.31,4.33,1.58,3.91,0.4,0.35,0.62,0.56,0.82,2.36,0.35,1.04,1.22,2.25,0.29,0.4,0.38,0.53,1.16,0,0,554,10.07,,,,,,,,,,,,,,,,,,,,10.06,0.0,10.06,10.07,-0.01,553.3,29.42,0.0,0.0,0.0,0.0,,0.4622,0.0,0.0,1.04,
3922230,Aaron Holiday,FA,PG,ACTIVE,0,140,57,13.67,5.47,1.84,4.42,0.42,0.61,0.72,0.85,1.18,2.98,0.39,0.23,0.79,1.02,1.05,0.47,0.09,0.67,1.26,0,0,574,10.07,,,,,,,,,,,,,,,,,,,,10.05,0.0,10.05,10.07,-0.02,572.85,26.4667,0.0,0.0,0.0,0.0,,0.2255,0.0,0.0,0.23,
3913180,Garrison Mathews,FA,SG,ACTIVE,0,140,15,13.07,5.2,1.4,3.47,0.4,1.27,1.53,0.83,1.13,3.07,0.37,0.13,1,1.13,0.67,0.4,0.2,0.2,1.27,0,0,150,10,,,,,,,,,,,,,,,,,,,,10.0,0.0,10.0,10.0,0.0,150.0,27.544,0.0,0.0,0.0,0.0,,0.115,0.0,0.0,0.13,THIN
4065673,Tony Bradley,NY,C,ACTIVE,0,140,40,11.32,4.05,1.6,2.92,0.55,0.8,1.07,0.74,0.05,0.1,0.5,1.5,1.4,2.9,0.55,0.15,0.17,0.45,1.55,0,0,400,10,,,,,,,,,,,,,,,,,,,,9.99,0.0,9.99,10.0,-0.01,399.6,31.7703,0.0,0.0,0.0,0.0,,0.5172,0.0,0.0,1.5,
4610139,Jeremy Sochan,POR,PF,ACTIVE,0.6,140.3,44,10.68,3.59,1.45,2.93,0.5,0.43,0.59,0.73,0.25,1.02,0.24,0.84,1.59,2.43,0.91,0.39,0.16,0.48,1.41,0,0,439,9.98,66,21.3,8.55,3.44,7.2,0.48,1.11,1.5,0.73,0.56,1.89,0.3,4.89,2.2,0.7,0.39,1.3,1283,19.44,9.98,0.0,9.98,9.98,0.0,439.12,33.6404,19.45,19.44,0.01,1283.7,32.8732,0.3457,0.0,0.0,0.84,
2528588,Doug McDermott,FA,SF,ACTIVE,0,140,29,15.14,5.66,1.86,4.79,0.39,0.28,0.31,0.89,1.66,4.24,0.39,0.24,1.03,1.28,0.76,0.21,0.14,0.45,0.97,0,0,282,9.72,,,,,,,,,,,,,,,,,,,,9.76,0.0,9.76,9.72,0.04,283.04,23.2074,0.0,0.0,0.0,0.0,,0.1875,0.0,0.0,0.24,
4431786,Keshad Johnson,MIA,PF,OUT,0,140,32,8.72,4.25,1.59,3.25,0.49,0.66,0.91,0.72,0.41,1.38,0.3,0.81,1.13,1.94,0.25,0.47,0.25,0.41,0.88,1,0,312,9.75,,,,,,,,,,,,,,,,,,,,9.65,0.0938,9.7437,9.75,-0.0063,311.8,40.2265,0.0,0.0,0.0,0.0,,0.4175,0.0312,0.0,0.9038,
5061568,Carter Bryant,SA,SF,ACTIVE,1.6,139.8,71,11.51,4.2,1.52,3.73,0.41,0.42,0.59,0.71,0.73,2.18,0.34,0.54,1.97,2.51,0.66,0.23,0.32,0.46,1.32,0,0,689,9.7,,,,,,,,,,,,,,,,,,,,9.72,0.0,9.72,9.7,0.02,690.12,30.4014,0.0,0.0,0.0,0.0,,0.2151,0.0,0.0,0.54,
4431734,Tristan Enaruna,CLE,SF,ACTIVE,0,140,9,9.56,4.11,1.56,3.11,0.5,0.67,0.89,0.75,0.33,1.11,0.3,0.78,0.78,1.56,0.78,0.56,0,0.33,0.33,0,0,87,9.67,,,,,,,,,,,,,,,,,,,,9.71,0.0,9.71,9.67,0.04,87.39,36.5649,0.0,0.0,0.0,0.0,,0.5,0.0,0.0,0.78,THIN
3137259,Gabe Vincent,FA,PG,ACTIVE,0.1,140.1,53,16.55,4.36,1.43,4.08,0.35,0.38,0.43,0.87,1.11,3.26,0.34,0.32,0.7,1.02,1.43,0.51,0.06,0.51,1.49,0,0,512,9.66,,,,,,,,,,,,,,,,,,,,9.66,0.0,9.66,9.66,0.0,511.98,21.0127,0.0,0.0,0.0,0.0,,0.3137,0.0,0.0,0.32,
5203685,Khaman Maluach,PHX,C,ACTIVE,4.3,140.1,46,8.91,3.02,1.22,2.28,0.53,0.48,0.67,0.71,0.11,0.46,0.24,1.07,1.83,2.89,0.13,0.11,0.72,0.54,0.93,1,0,441,9.59,65,23,7.77,3.14,5.91,0.53,1.2,1.71,0.71,0.29,1.2,0.24,7.51,0.31,0.31,1.91,1.4,1437,22.11,9.56,0.0652,9.6252,9.59,0.0352,442.76,38.8898,22.13,22.11,0.02,1438.45,34.6383,0.3702,0.0217,0.0,1.1352,
4713010,David Jones Garcia,SA,SF,DAY_TO_DAY,0,140,11,6.36,2.91,1.18,2.27,0.52,0.27,0.55,0.5,0.27,0.45,0.6,0.36,0.82,1.18,1.64,0.55,0.09,0.45,0.55,0,0,104,9.45,,,,,,,,,,,,,,,,,,,,9.47,0.0,9.47,9.45,0.02,104.17,53.6038,0.0,0.0,0.0,0.0,,0.3051,0.0,0.0,0.36,THIN
4683686,Nick Smith Jr.,FA,SG,ACTIVE,0.1,140,30,12.5,6.17,2.33,5.37,0.43,0.37,0.5,0.73,1.13,2.87,0.4,0.1,0.67,0.77,1.03,0.3,0.07,0.7,0.93,0,0,284,9.47,,,,,,,,,,,,,,,,,,,,9.47,0.0,9.47,9.47,0.0,284.1,27.2736,0.0,0.0,0.0,0.0,,0.1299,0.0,0.0,0.1,
3948153,Chris Boucher,FA,PF/C,ACTIVE,0.3,140,9,10.44,2.33,0.89,2.78,0.32,0.33,0.44,0.75,0.22,1.67,0.13,0.22,1.78,2,0.33,0.56,0.78,0.11,1.89,0,0,85,9.44,,,,,,,,,,,,,,,,,,,,9.46,0.0,9.46,9.44,0.02,85.14,32.6207,0.0,0.0,0.0,0.0,,0.11,0.0,0.0,0.22,THIN
2578185,Dorian Finney-Smith,ATL,PF,ACTIVE,0.1,140,37,16.73,3.32,1.19,3.57,0.33,0.22,0.24,0.89,0.73,2.7,0.27,0.95,1.57,2.51,0.97,0.43,0.16,0.59,1.65,0,0,349,9.43,64,18.1,4.33,1.56,4.09,0.38,0.23,0.3,0.77,0.97,3,0.33,2.7,1,0.5,0.2,0.59,678,10.59,9.42,0.0,9.42,9.43,-0.01,348.54,20.2702,10.58,10.59,-0.01,677.12,21.0431,0.3785,0.0,0.0,0.95,
3986,Taj Gibson,FA,PF,ACTIVE,0.1,140,10,9.7,3.4,1.2,2.6,0.46,0.7,0.8,0.88,0.3,0.6,0.5,1.1,1.6,2.7,0.6,0.2,0.1,0.1,1.4,0,0,94,9.4,,,,,,,,,,,,,,,,,,,,9.4,0.0,9.4,9.4,0.0,94.0,34.8866,0.0,0.0,0.0,0.0,,0.4074,0.0,0.0,1.1,THIN
4067017,A.J. Lawson,FA,SG,ACTIVE,0,140,24,9.42,4.21,1.42,3.25,0.44,0.58,0.75,0.78,0.79,1.88,0.42,0.38,1.42,1.79,0.29,0.5,0.17,0.25,1.13,0,0,224,9.33,,,,,,,,,,,,,,,,,,,,9.35,0.0,9.35,9.33,0.02,224.4,35.7325,0.0,0.0,0.0,0.0,,0.2123,0.0,0.0,0.38,
4065654,Jonathan Isaac,ORL,PF,DAY_TO_DAY,0.1,140,52,10,2.58,0.88,2.1,0.42,0.67,1.12,0.6,0.13,0.73,0.18,0.83,1.71,2.54,0.42,0.38,0.6,0.35,0.79,0,0,488,9.38,55,11.3,3.35,1.16,2.71,0.43,0.76,1.2,0.63,0.25,1.11,0.23,3,0.51,0.51,0.71,0.4,598,10.87,9.35,0.0,9.35,9.38,-0.03,486.2,33.66,10.87,10.87,0.0,597.85,34.6301,0.3268,0.0,0.0,0.83,
4279118,Keaton Wallace,FA,PG,ACTIVE,0,140,53,10.09,3.51,1.28,3.23,0.4,0.23,0.34,0.67,0.72,1.92,0.37,0.06,1,1.06,1.77,0.45,0.09,0.53,0.91,0,0,490,9.25,,,,,,,,,,,,,,,,,,,,9.21,0.0,9.21,9.25,-0.04,488.13,32.8603,0.0,0.0,0.0,0.0,,0.0566,0.0,0.0,0.06,
4565201,Malaki Branham,ORL,SG,ACTIVE,0,140,28,9.86,4.57,1.54,3.25,0.47,1,1.21,0.82,0.5,1.32,0.38,0.43,1.14,1.57,0.82,0.36,0.11,0.54,0.75,0,0,255,9.11,,,,,,,,,,,,,,,,,,,,9.13,0.0,9.13,9.11,0.02,255.64,33.3347,0.0,0.0,0.0,0.0,,0.2739,0.0,0.0,0.43,
4431941,RayJ Dennis,ATL,PG,ACTIVE,0,140,17,12.12,4.35,1.53,4.88,0.31,0.47,0.53,0.89,0.82,2.65,0.31,0.47,1.06,1.53,1.94,0.24,0.24,1,1.24,0,0,154,9.06,,,,,,,,,,,,,,,,,,,,9.09,0.0,9.09,9.06,0.03,154.53,27.0,0.0,0.0,0.0,0.0,,0.3072,0.0,0.0,0.47,THIN
4433378,Colby Jones,FA,SG,ACTIVE,0,140,1,7,2,1,3,0.33,0,0,0,0,2,0,0,4,4,2,0,0,0,1,0,0,9,9,,,,,,,,,,,,,,,,,,,,9.0,0.0,9.0,9.0,0.0,9.0,46.2857,0.0,0.0,0.0,0.0,,0.0,0.0,0.0,0.0,THIN
4432847,Terrence Shannon Jr.,MIN,SG,ACTIVE,0.6,140,43,12.42,5.6,1.79,3.98,0.45,1.3,1.63,0.8,0.72,1.77,0.41,0.23,0.91,1.14,0.88,0.33,0.02,0.56,1.16,0,0,388,9.02,69,20.7,9.23,2.99,6.59,0.45,2.09,2.59,0.8,1.17,2.9,0.41,2,1.51,0.51,0.1,0.9,1030,14.93,9.0,0.0,9.0,9.02,-0.02,387.0,26.087,14.95,14.93,0.02,1031.55,26.0,0.2018,0.0,0.0,0.23,
2999547,Gary Harris,FA,SG,ACTIVE,0.1,140,48,13.83,2.67,0.96,2.17,0.44,0.17,0.19,0.89,0.58,1.42,0.41,0.33,0.94,1.27,1.06,0.56,0.19,0.4,1.1,0,0,428,8.92,48,14.5,2.88,1.04,2.4,0.43,0.17,0.21,0.81,0.63,1.6,0.4,1.29,1,0.6,0.21,0.4,427,8.9,8.9,0.0,8.9,8.92,-0.02,427.2,23.167,8.88,8.9,-0.02,426.24,22.0469,0.2598,0.0,0.0,0.33,
5239561,Jase Richardson,ORL,SG,ACTIVE,0.2,140,54,10.91,4.43,1.65,3.48,0.47,0.61,0.85,0.72,0.52,1.46,0.35,0.39,0.78,1.17,1.07,0.35,0.04,0.46,0.98,0,0,478,8.85,54,10.9,4.48,1.65,3.5,0.47,0.65,0.91,0.72,0.54,1.5,0.35,1.2,1.09,0.41,,0.5,463,8.57,8.87,0.0,8.87,8.85,0.02,478.98,29.2686,8.58,8.57,0.01,463.32,28.3376,0.3333,0.0,0.0,0.39,
4683750,Jordan Hawkins,MEM,SG,ACTIVE,0.1,140,51,13.51,5.06,1.84,5.04,0.37,0.45,0.53,0.85,0.92,2.65,0.35,0.39,1.33,1.73,0.82,0.25,0.2,0.67,0.59,0,0,448,8.78,65,15.4,6.18,2.18,5.91,0.37,0.68,0.8,0.84,1.14,3.31,0.34,1.91,0.91,0.31,0.2,0.71,650,10,8.76,0.0,8.76,8.78,-0.02,446.76,23.3427,10.0,10.0,0.0,650.0,23.3766,0.2254,0.0,0.0,0.39,
4871141,Ariel Hukporti,PHI,C,OUT,0.1,140,54,9.3,2.17,0.83,1.48,0.56,0.48,0.61,0.79,0.02,0.07,0.25,1.04,1.91,2.94,0.54,0.17,0.48,0.59,1.24,0,0,470,8.7,,,,,,,,,,,,,,,,,,,,8.72,0.0,8.72,8.7,0.02,470.88,33.7548,0.0,0.0,0.0,0.0,,0.3537,0.0,0.0,1.04,
5239590,Liam McNeeley,CHA,SF,ACTIVE,0.2,140.1,31,11.81,4.26,1.23,3.06,0.4,1.03,1.26,0.82,0.77,1.94,0.4,0.42,1.94,2.35,0.77,0.16,0.1,0.42,1.16,0,0,270,8.71,64,19.5,7.09,2.05,5.09,0.4,1.72,2.09,0.82,1.28,3.2,0.4,3.91,1.3,0.3,0.2,0.7,902,14.09,8.71,0.0,8.71,8.71,0.0,270.01,26.5504,14.12,14.09,0.03,903.68,26.0677,0.1787,0.0,0.0,0.42,
2489663,Kelly Olynyk,FA,C,ACTIVE,0.2,140,41,8.83,3.24,1.15,2.34,0.49,0.66,0.93,0.71,0.29,1.15,0.26,0.59,1.27,1.85,1.2,0.37,0.07,0.59,0.95,0,0,354,8.63,,,,,,,,,,,,,,,,,,,,8.64,0.0,8.64,8.63,0.01,354.24,35.2254,0.0,0.0,0.0,0.0,,0.3189,0.0,0.0,0.59,
3074213,Omer Yurtseven,FA,C,ACTIVE,0.1,139.9,9,11.56,3.78,1.22,2.89,0.42,1.33,2,0.67,0,0.44,0,1.44,1.89,3.33,0.89,0.22,0.11,1,1.67,0,0,77,8.56,,,,,,,,,,,,,,,,,,,,8.53,0.0,8.53,8.56,-0.03,76.77,26.564,0.0,0.0,0.0,0.0,,0.4324,0.0,0.0,1.44,THIN
4997539,Luke Travers,FA,SG,ACTIVE,0,140,12,8.75,2.33,0.75,3,0.25,0.75,0.75,1,0.08,1.33,0.06,0.75,1.25,2,0.75,0.58,0.33,0.25,0.5,0,0,100,8.33,,,,,,,,,,,,,,,,,,,,8.3,0.0,8.3,8.33,-0.03,99.6,34.1486,0.0,0.0,0.0,0.0,,0.375,0.0,0.0,0.75,THIN
3138161,Cody Martin,IND,SG,,0,140,4,13.75,1.75,0.5,2.5,0.2,0.75,1.5,0.5,0,1.25,0,0.25,3.25,3.5,0.5,1,0.5,1,1.25,0,0,33,8.25,,,,,,,,,,,,,,,,,,,,8.25,0.0,8.25,8.25,0.0,33.0,21.6,0.0,0.0,0.0,0.0,,0.0714,0.0,0.0,0.25,THIN
4397885,Dalano Banton,FA,PG,ACTIVE,0.1,140,6,10.33,2,0.67,2,0.33,0.67,0.67,1,0,0.17,0,0.33,0.5,0.83,1.83,0.33,0.83,1.33,0.5,0,0,49,8.17,,,,,,,,,,,,,,,,,,,,8.14,0.0,8.14,8.17,-0.03,48.84,28.3679,0.0,0.0,0.0,0.0,,0.3976,0.0,0.0,0.33,THIN
2488653,Mason Plumlee,FA,C,ACTIVE,0.1,140,20,8.6,1.55,0.55,0.7,0.79,0.45,0.7,0.64,0,0,0,0.85,1.8,2.65,1,0.5,0,0.6,0.85,0,0,160,8,,,,,,,,,,,,,,,,,,,,8.0,0.0,8.0,8.0,0.0,160.0,33.4884,0.0,0.0,0.0,0.0,,0.3208,0.0,0.0,0.85,THIN
2960236,Maxi Kleber,FA,PF,ACTIVE,0.1,140,43,10.7,2,0.77,1.7,0.45,0.33,0.6,0.54,0.14,0.6,0.23,0.84,1.12,1.95,0.63,0.42,0.26,0.4,1.4,0,0,329,7.65,,,,,,,,,,,,,,,,,,,,7.68,0.0,7.68,7.65,0.03,330.24,25.8393,0.0,0.0,0.0,0.0,,0.4308,0.0,0.0,0.84,
4897943,Dalton Knecht,LAL,SG/SF,ACTIVE,0.5,140,54,10.22,4.22,1.61,3.54,0.46,0.3,0.41,0.73,0.7,2.06,0.34,0.26,1.13,1.39,0.39,0.2,0.2,0.43,0.83,0,0,416,7.7,66,12,5.18,1.97,4.3,0.46,0.36,0.5,0.74,0.88,2.5,0.35,1.7,0.5,0.2,0.2,0.39,597,9.05,7.66,0.0,7.66,7.7,-0.04,413.64,26.9824,9.08,9.05,0.03,599.28,27.24,0.1871,0.0,0.0,0.26,
4433607,DaRon Holmes II,DEN,PF,ACTIVE,0.1,140,25,8.36,3.72,1.24,2.44,0.51,0.44,0.56,0.79,0.8,1.8,0.44,0.32,1.08,1.4,0.64,0.04,0.24,0.48,0.76,0,0,190,7.6,,,,,,,,,,,,,,,,,,,,7.6,0.0,7.6,7.6,0.0,190.0,32.7273,0.0,0.0,0.0,0.0,,0.2286,0.0,0.0,0.32,
5177362,Riley Minix,CLE,SF,ACTIVE,0,140,9,6.56,3.89,1.56,2.56,0.61,0.33,0.33,1,0.44,1.33,0.33,0.22,0.44,0.67,0.56,0.22,0.11,0.33,0.56,0,0,68,7.56,,,,,,,,,,,,,,,,,,,,7.56,0.0,7.56,7.56,0.0,68.04,41.4878,0.0,0.0,0.0,0.0,,0.3284,0.0,0.0,0.22,THIN
4898369,Curtis Jones,CLE,SG,ACTIVE,0,140,10,8.7,2.9,1.1,2.7,0.41,0.1,0.2,0.5,0.6,1.8,0.33,0.2,0.9,1.1,1,0.4,0,0.2,0.6,0,0,74,7.4,,,,,,,,,,,,,,,,,,,,7.4,0.0,7.4,7.4,0.0,74.0,30.6207,0.0,0.0,0.0,0.0,,0.1818,0.0,0.0,0.2,THIN
5289900,Mohamed Diawara,NY,PF,ACTIVE,0.3,139.9,69,9.2,3.57,1.3,3.09,0.42,0.26,0.35,0.75,0.7,1.88,0.37,0.22,1.14,1.36,0.77,0.25,0.09,0.43,0.72,0,0,502,7.28,69,9.2,3.54,1.3,3.1,0.42,0.23,0.3,0.75,0.7,1.9,0.37,1.41,0.8,0.2,0.1,0.41,488,7.07,7.31,0.0,7.31,7.28,0.03,504.39,28.6043,7.06,7.07,-0.01,487.14,27.6261,0.1618,0.0,0.0,0.22,
4696317,Miles Kelly,GS,PG,ACTIVE,0,140,14,9.64,3.07,1.14,3.14,0.36,0.07,0.07,1,0.71,2.36,0.3,0.36,1.36,1.71,0.86,0.29,0.07,0.43,0.86,0,0,102,7.29,,,,,,,,,,,,,,,,,,,,7.29,0.0,7.29,7.29,0.0,102.06,27.2241,0.0,0.0,0.0,0.0,,0.2105,0.0,0.0,0.36,THIN
4431695,Drew Timme,MIN,C,ACTIVE,0,140,27,8.74,3.41,1.41,2.44,0.58,0.19,0.33,0.56,0.41,0.93,0.44,0.37,0.85,1.22,0.85,0.22,0,0.48,0.74,0,0,196,7.26,,,,,,,,,,,,,,,,,,,,7.27,0.0,7.27,7.26,0.01,196.29,29.9451,0.0,0.0,0.0,0.0,,0.3033,0.0,0.0,0.37,
4066387,Amir Coffey,FA,SG,ACTIVE,0,140,46,10.67,3.24,1.2,2.46,0.49,0.48,0.61,0.79,0.37,1.07,0.35,0.41,0.83,1.24,0.59,0.2,0.11,0.2,0.65,0,0,325,7.07,,,,,,,,,,,,,,,,,,,,7.09,0.0,7.09,7.07,0.02,326.14,23.9213,0.0,0.0,0.0,0.0,,0.3306,0.0,0.0,0.41,
3059310,Monte Morris,FA,PG,ACTIVE,0,140,6,10.67,3,1.17,3.33,0.35,0.33,0.67,0.5,0.33,1.33,0.25,0.17,1,1.17,1.5,0.17,0.17,0.33,0.5,0,0,42,7,,,,,,,,,,,,,,,,,,,,7.04,0.0,7.04,7.0,0.04,42.24,23.7526,0.0,0.0,0.0,0.0,,0.1453,0.0,0.0,0.17,THIN
4702602,CJ Huntley,PHX,SF,ACTIVE,0,140,4,10,3,1.5,2.75,0.55,0,0,0,0,0.75,0,0.5,0.75,1.25,0.5,0.25,0,0,0.5,0,0,28,7,,,,,,,,,,,,,,,,,,,,7.0,0.0,7.0,7.0,0.0,28.0,25.2,0.0,0.0,0.0,0.0,,0.4,0.0,0.0,0.5,THIN
4432872,Emanuel Miller,DEN,PF,ACTIVE,0,140,5,6.6,3,1.2,2.6,0.46,0.2,0.4,0.5,0.4,1.2,0.33,0.2,0.4,0.6,0.8,0.4,0,0,0.4,0,0,35,7,,,,,,,,,,,,,,,,,,,,7.0,0.0,7.0,7.0,0.0,35.0,38.1818,0.0,0.0,0.0,0.0,,0.3333,0.0,0.0,0.2,THIN
4683774,Bronny James,LAL,PG/SG,ACTIVE,4.7,138,42,8.98,2.9,1.12,2.74,0.41,0.14,0.17,0.86,0.52,1.36,0.39,0.12,0.43,0.55,1.21,0.45,0.1,0.6,0.67,0,0,294,7,63,11.9,3.89,1.48,3.7,0.4,0.25,0.3,0.84,0.68,1.79,0.38,0.79,1.6,0.6,0.1,0.79,566,8.98,6.98,0.0,6.98,7.0,-0.02,293.16,27.9822,8.99,8.98,0.01,566.37,27.1966,0.2182,0.0,0.0,0.12,
4576085,JD Davison,ORL,PG,ACTIVE,0,140,28,7.82,2.46,0.86,2.29,0.38,0.46,0.68,0.68,0.29,1.14,0.25,0.11,1.11,1.21,1.25,0.21,0.21,0.25,0.61,0,0,196,7,,,,,,,,,,,,,,,,,,,,6.96,0.0,6.96,7.0,-0.04,194.88,32.0409,0.0,0.0,0.0,0.0,,0.0909,0.0,0.0,0.11,
3136777,Jae'Sean Tate,HOU,SF,ACTIVE,0.1,140,46,8.78,2.8,1.22,2.37,0.51,0.15,0.24,0.64,0.22,0.7,0.31,0.72,0.87,1.59,0.54,0.22,0.07,0.35,1.04,0,0,314,6.83,54,12.1,3.5,1.41,2.91,0.48,0.41,0.59,0.67,0.28,0.91,0.32,2.3,0.8,0.5,0.09,0.41,483,8.94,6.85,0.0,6.85,6.83,0.02,315.1,28.0866,8.95,8.94,0.01,483.3,26.6281,0.4528,0.0,0.0,0.72,
5105553,Julian Phillips,HOU,SF,ACTIVE,0.1,140,48,8.94,2.92,1.06,2.52,0.42,0.38,0.48,0.78,0.42,1.35,0.31,0.48,0.54,1.02,0.21,0.48,0.15,0.23,0.9,0,0,326,6.79,52,10.1,3.23,1.15,2.69,0.43,0.46,0.6,0.78,0.46,1.5,0.31,1.31,0.31,0.5,0.19,0.31,377,7.25,6.82,0.0,6.82,6.79,0.03,327.36,27.4631,7.23,7.25,-0.02,375.96,25.7703,0.4706,0.0,0.0,0.48,
4432808,James Wiseman,NY,C,ACTIVE,0.1,140,4,14.75,3.25,1.5,2.5,0.6,0.25,0.5,0.5,0,0,0,1.25,0.75,2,0.75,0,0.25,1.25,2.5,0,0,27,6.75,,,,,,,,,,,,,,,,,,,,6.75,0.0,6.75,6.75,0.0,27.0,16.4746,0.0,0.0,0.0,0.0,,0.625,0.0,0.0,1.25,THIN
4066268,Duop Reath,PHX,C,ACTIVE,0,140,32,8,2.94,1.03,2.31,0.45,0.16,0.19,0.83,0.72,1.72,0.42,0.31,0.88,1.19,0.31,0.16,0.25,0.22,0.88,0,0,214,6.69,,,,,,,,,,,,,,,,,,,,6.7,0.0,6.7,6.69,0.01,214.4,30.15,0.0,0.0,0.0,0.0,,0.2605,0.0,0.0,0.31,
4702134,Norchad Omier,MIN,PF,ACTIVE,0,140,6,3.83,2.83,1.17,1.67,0.7,0.5,0.5,1,0,0.17,0,0.67,0.5,1.17,0.33,0.17,0,0,0.67,0,0,40,6.67,,,,,,,,,,,,,,,,,,,,6.68,0.0,6.68,6.67,0.01,40.08,62.7885,0.0,0.0,0.0,0.0,,0.5726,0.0,0.0,0.67,THIN
4592187,Wendell Moore Jr.,FA,SF,ACTIVE,0,140,6,10,1.67,0.67,1.17,0.57,0.33,0.33,1,0,0.17,0,0.17,0.83,1,0.67,0.33,0.33,0.17,0.5,0,0,40,6.67,,,,,,,,,,,,,,,,,,,,6.65,0.0,6.65,6.67,-0.02,39.9,23.94,0.0,0.0,0.0,0.0,,0.17,0.0,0.0,0.17,THIN
4411057,Kevin McCullar Jr.,NY,SF,ACTIVE,0,140,21,7.38,2.38,0.95,2.24,0.43,0.1,0.24,0.4,0.38,1.14,0.33,0.52,0.81,1.33,0.95,0.43,0,0.57,1.05,0,0,139,6.62,,,,,,,,,,,,,,,,,,,,6.61,0.0,6.61,6.62,-0.01,138.81,32.2439,0.0,0.0,0.0,0.0,,0.391,0.0,0.0,0.52,
4277957,Isaiah Livers,FA,PF,ACTIVE,0,140,36,9.69,1.81,0.61,1.78,0.34,0.25,0.33,0.75,0.33,1.11,0.3,0.53,1.17,1.69,0.58,0.36,0.22,0.33,0.78,0,0,236,6.56,,,,,,,,,,,,,,,,,,,,6.54,0.0,6.54,6.56,-0.02,235.44,24.2972,0.0,0.0,0.0,0.0,,0.3136,0.0,0.0,0.53,
4591259,Koby Brea,PHX,SG,ACTIVE,0.1,140,12,7.08,3.75,1.25,3,0.42,0.17,0.17,1,1.08,2.5,0.43,0.08,0.58,0.67,0.83,0.08,0,0.33,0.5,0,0,77,6.42,63,10.2,5.35,1.79,4.3,0.42,0.21,0.21,1,1.56,3.6,0.43,1,1.21,0.1,,0.51,565,8.97,6.4,0.0,6.4,6.42,-0.02,76.8,32.5424,8.99,8.97,0.02,566.37,31.7294,0.1194,0.0,0.0,0.08,THIN
4433622,Chris Livingston,WSH,SF,ACTIVE,0,140,3,5.67,3,1.33,2.33,0.57,0.33,0.33,1,0,1,0,0,1,1,0.33,0.33,0,0,1.33,0,0,19,6.33,,,,,,,,,,,,,,,,,,,,6.31,0.0,6.31,6.33,-0.02,18.93,40.0635,0.0,0.0,0.0,0.0,,0.0,0.0,0.0,0.0,THIN
4431893,Jamison Battle,TOR,SF,DAY_TO_DAY,0,140,61,8.51,3.15,1.21,2.38,0.51,0.15,0.23,0.64,0.57,1.39,0.41,0.33,1.13,1.46,0.39,0.11,0.05,0.31,0.69,0,0,384,6.3,,,,,,,,,,,,,,,,,,,,6.27,0.0,6.27,6.3,-0.03,382.47,26.5241,0.0,0.0,0.0,0.0,,0.226,0.0,0.0,0.33,
5107897,Jonathan Mogbo,SAC,PF,ACTIVE,0.1,140,40,6.28,1.52,0.65,1.1,0.59,0.23,0.35,0.64,0,0.03,0,0.47,1.23,1.7,0.63,0.28,0.2,0.35,0.65,0,0,249,6.22,66,12.6,3.45,1.41,2.8,0.5,0.55,0.8,0.69,0.09,0.39,0.23,3.2,1.3,0.5,0.39,0.7,745,11.29,6.25,0.0,6.25,6.22,0.03,250.0,35.828,11.27,11.29,-0.02,743.82,32.2,0.2765,0.0,0.0,0.47,
4593049,Orlando Robinson,CHI,C,ACTIVE,0,140,4,6.25,1.75,0.75,1.25,0.6,0,0,0,0.25,0.5,0.5,0.5,0.5,1,0.75,0.25,0,0,0.75,0,0,25,6.25,,,,,,,,,,,,,,,,,,,,6.25,0.0,6.25,6.25,0.0,25.0,36.0,0.0,0.0,0.0,0.0,,0.5,0.0,0.0,0.5,THIN
4684208,Brooks Barnhizer,OKC,SF,ACTIVE,0,140,40,8.72,1.7,0.68,1.77,0.38,0.17,0.25,0.7,0.17,0.6,0.29,0.47,1.48,1.95,0.55,0.28,0.13,0.25,0.68,0,0,240,6,,,,,,,,,,,,,,,,,,,,6.04,0.0,6.04,6.0,0.04,241.6,24.9358,0.0,0.0,0.0,0.0,,0.241,0.0,0.0,0.47,
3134916,Jordan McLaughlin,SA,PG,ACTIVE,0.1,140,44,6.43,2.02,0.75,1.8,0.42,0.14,0.16,0.86,0.39,0.91,0.42,0.16,0.57,0.73,0.86,0.45,0.05,0.34,0.25,0,0,265,6.02,64,10.1,3.19,1.13,2.5,0.45,0.31,0.41,0.77,0.63,1.41,0.44,1.09,1.59,0.59,0.09,0.41,620,9.69,6.02,0.0,6.02,6.02,0.0,264.88,33.7045,9.65,9.69,-0.04,617.6,34.396,0.2192,0.0,0.0,0.16,
2578239,Pat Connaughton,CHA,SG,ACTIVE,0.1,140,42,7,2.62,0.9,2.02,0.45,0.31,0.48,0.65,0.5,1.24,0.4,0.36,1.1,1.45,0.43,0.26,0.02,0.26,0.21,0,0,253,6.02,66,9.4,3.24,1.17,2.61,0.45,0.35,0.5,0.69,0.56,1.5,0.38,1.8,0.8,0.3,0.11,0.3,516,7.82,6.0,0.0,6.0,6.02,-0.02,252.0,30.8571,7.82,7.82,0.0,516.12,29.9489,0.2483,0.0,0.0,0.36,
4432190,Andre Jackson Jr.,FA,SG,ACTIVE,0.1,140,48,8.46,2.35,0.81,2.48,0.33,0.42,0.67,0.63,0.31,1.25,0.25,0.52,0.98,1.5,0.9,0.4,0.08,0.65,0.9,0,0,288,6,,,,,,,,,,,,,,,,,,,,5.99,0.0,5.99,6.0,-0.01,287.52,25.4894,0.0,0.0,0.0,0.0,,0.3467,0.0,0.0,0.52,
4683749,TyTy Washington Jr.,FA,PG,ACTIVE,0,140,16,5.38,1.31,0.56,1.19,0.47,0,0,0,0.19,0.5,0.38,0.06,0.31,0.38,1.06,0.38,0.19,0.19,0.44,0,0,94,5.88,,,,,,,,,,,,,,,,,,,,5.89,0.0,5.89,5.88,0.01,94.24,39.4126,0.0,0.0,0.0,0.0,,0.1579,0.0,0.0,0.06,THIN
2968436,Joe Ingles,FA,SF,ACTIVE,0.1,140,27,5.63,1.52,0.59,1,0.59,0.07,0.07,1,0.26,0.59,0.44,0,0.7,0.7,1.26,0.33,0.07,0.52,0.33,1,0,159,5.89,,,,,,,,,,,,,,,,,,,,5.74,0.1111,5.8511,5.89,-0.0389,157.98,37.4139,0.0,0.0,0.0,0.0,,0.0,0.037,0.0,0.1111,
4845363,Cam Christie,LAC,SG,ACTIVE,0,140,55,8.71,2.84,0.96,2.53,0.38,0.69,0.91,0.76,0.22,0.89,0.24,0.35,1.07,1.42,0.56,0.29,0.05,0.4,0.35,0,0,314,5.71,,,,,,,,,,,,,,,,,,,,5.68,0.0,5.68,5.71,-0.03,312.4,23.4765,0.0,0.0,0.0,0.0,,0.2465,0.0,0.0,0.35,
4702745,Amari Williams,BOS,C,ACTIVE,0.1,140,22,6.59,1.36,0.45,0.91,0.5,0.45,0.64,0.71,0,0,0,0.41,1.41,1.82,0.45,0.14,0.45,0.5,0.86,0,0,125,5.68,,,,,,,,,,,,,,,,,,,,5.65,0.0,5.65,5.68,-0.03,124.3,30.8649,0.0,0.0,0.0,0.0,,0.2253,0.0,0.0,0.41,
4277964,Xavier Tillman,FA,PF,ACTIVE,0.1,140,30,6.2,1.47,0.67,1.53,0.43,0.03,0.13,0.25,0.1,0.6,0.17,0.63,0.8,1.43,0.43,0.3,0.17,0.27,0.5,0,0,166,5.53,,,,,,,,,,,,,,,,,,,,5.54,0.0,5.54,5.53,0.01,166.2,32.1677,0.0,0.0,0.0,0.0,,0.4406,0.0,0.0,0.63,
5170947,AJ Johnson,NO,SG,ACTIVE,0.1,140,48,9.48,3.33,1.19,3.67,0.32,0.71,0.83,0.85,0.25,1.19,0.21,0.29,0.85,1.15,0.98,0.23,0.06,0.63,0.63,0,0,263,5.48,,,,,,,,,,,,,,,,,,,,5.47,0.0,5.47,5.48,-0.01,262.56,20.7722,0.0,0.0,0.0,0.0,,0.2522,0.0,0.0,0.29,
5091709,Lachlan Olbrich,CHI,PF,,0,140,26,6.27,1.31,0.54,1.19,0.45,0.15,0.46,0.33,0.08,0.31,0.25,0.62,1.23,1.85,0.65,0.23,0.08,0.31,1,0,0,139,5.35,,,,,,,,,,,,,,,,,,,,5.36,0.0,5.36,5.35,0.01,139.36,30.7751,0.0,0.0,0.0,0.0,,0.3351,0.0,0.0,0.62,
4702972,Chris Manon,LAL,SG,ACTIVE,0,140,9,5.22,0.78,0.22,0.67,0.33,0.33,0.44,0.75,0,0.33,0,0.22,0.89,1.11,0.33,0.56,0.22,0.11,0.67,0,0,48,5.33,,,,,,,,,,,,,,,,,,,,5.33,0.0,5.33,5.33,0.0,47.97,36.7586,0.0,0.0,0.0,0.0,,0.1982,0.0,0.0,0.22,THIN
4592686,Antonio Reeves,MIN,SG,ACTIVE,0,140,10,6.9,2.7,1,2,0.5,0,0,0,0.7,1.3,0.54,0.2,0.6,0.8,0.3,0.1,0,0.1,0.3,0,0,52,5.2,,,,,,,,,,,,,,,,,,,,5.2,0.0,5.2,5.2,0.0,52.0,27.1304,0.0,0.0,0.0,0.0,,0.25,0.0,0.0,0.2,THIN
4702656,Alijah Martin,TOR,SG,ACTIVE,0,140,23,6.3,2.22,0.7,2.17,0.32,0.65,0.83,0.79,0.17,0.91,0.19,0.39,0.52,0.91,0.52,0.35,0.17,0.35,0.52,0,0,119,5.17,,,,,,,,,,,,,,,,,,,,5.16,0.0,5.16,5.17,-0.01,118.68,29.4857,0.0,0.0,0.0,0.0,,0.4286,0.0,0.0,0.39,
4432180,Hunter Dickinson,FA,C,ACTIVE,0,140,5,8.6,2.4,1,2.8,0.36,0.4,0.4,1,0,0.8,0,0.4,0.6,1,0.4,0.2,0.4,0.6,1.2,0,0,25,5,,,,,,,,,,,,,,,,,,,,5.0,0.0,5.0,5.0,0.0,25.0,20.9302,0.0,0.0,0.0,0.0,,0.4,0.0,0.0,0.4,THIN
4593043,John Tonje,POR,SF,ACTIVE,0,140,6,7,2.5,0.67,2.33,0.29,0.67,0.67,1,0.5,1.67,0.3,0,1,1,0.33,0.33,0,0,0.83,0,0,30,5,,,,,,,,,,,,,,,,,,,,4.99,0.0,4.99,5.0,-0.01,29.94,25.6629,0.0,0.0,0.0,0.0,,0.0,0.0,0.0,0.0,THIN
4395620,Hunter Tyson,FA,SF,ACTIVE,0,140,21,7.71,2.19,0.67,2.48,0.27,0.52,0.62,0.85,0.33,1.57,0.21,0.19,1.52,1.71,0.81,0.1,0.05,0.24,0.62,0,0,103,4.9,,,,,,,,,,,,,,,,,,,,4.92,0.0,4.92,4.9,0.02,103.32,22.9728,0.0,0.0,0.0,0.0,,0.1111,0.0,0.0,0.19,
4702159,Dillon Jones,PHI,SF,ACTIVE,0,140,7,5.57,1.29,0.29,1.29,0.22,0.57,0.57,1,0.14,0.71,0.2,0.29,0.71,1,0.57,0.43,0,0,0.86,0,0,34,4.86,,,,,,,,,,,,,,,,,,,,4.87,0.0,4.87,4.86,0.01,34.09,31.4758,0.0,0.0,0.0,0.0,,0.29,0.0,0.0,0.29,THIN
4592857,Isaiah Crawford,HOU,SF,ACTIVE,0,140,14,6.71,2,0.71,1.71,0.42,0.36,0.43,0.83,0.21,0.93,0.23,0.21,0.93,1.14,0.36,0.14,0.21,0.29,0.29,0,0,67,4.79,,,,,,,,,,,,,,,,,,,,4.74,0.0,4.74,4.79,-0.05,66.36,25.4307,0.0,0.0,0.0,0.0,,0.1842,0.0,0.0,0.21,THIN
3102533,Thanasis Antetokounmpo,FA,SF,ACTIVE,0.3,139.8,34,4.32,1.38,0.44,0.94,0.47,0.5,0.88,0.57,0,0.12,0,0.35,0.53,0.88,0.44,0.38,0.18,0.29,0.53,0,0,160,4.71,,,,,,,,,,,,,,,,,,,,4.71,0.0,4.71,4.71,0.0,160.14,39.25,0.0,0.0,0.0,0.0,,0.3977,0.0,0.0,0.35,
4683736,Kobe Bufkin,NO,PG,ACTIVE,0.1,140,16,7.44,2.88,0.94,3.13,0.3,0.69,0.75,0.92,0.31,1.63,0.19,0.06,0.75,0.81,0.63,0.13,0.19,0.31,0.56,0,0,74,4.63,,,,,,,,,,,,,,,,,,,,4.67,0.0,4.67,4.63,0.04,74.72,22.5968,0.0,0.0,0.0,0.0,,0.0741,0.0,0.0,0.06,THIN
5060631,Adou Thiero,LAL,SF,ACTIVE,0.1,140,25,6.04,1.88,0.64,1.24,0.52,0.56,0.88,0.64,0.04,0.12,0.33,0.36,0.76,1.12,0.4,0.28,0.08,0.36,0.76,0,0,116,4.64,,,,,,,,,,,,,,,,,,,,4.64,0.0,4.64,4.64,0.0,116.0,27.6556,0.0,0.0,0.0,0.0,,0.3214,0.0,0.0,0.36,
4433623,Caleb Houstan,NO,SF,ACTIVE,0,140,18,4.17,2.33,0.78,1.44,0.54,0.17,0.17,1,0.61,1.17,0.52,0.28,0.33,0.61,0.22,0.11,0.06,0.22,0.61,0,0,83,4.61,,,,,,,,,,,,,,,,,,,,4.63,0.0,4.63,4.61,0.02,83.34,39.9712,0.0,0.0,0.0,0.0,,0.459,0.0,0.0,0.28,THIN
4066317,Lindy Waters III,FA,SG,ACTIVE,0,140,40,7.17,2.38,0.82,2.2,0.38,0.05,0.07,0.67,0.68,1.98,0.34,0.07,0.65,0.72,0.47,0.15,0.03,0.17,0.6,0,0,183,4.58,,,,,,,,,,,,,,,,,,,,4.59,0.0,4.59,4.58,0.01,183.6,23.046,0.0,0.0,0.0,0.0,,0.0972,0.0,0.0,0.07,
4432452,Alex Antetokounmpo,FA,SF,ACTIVE,0.1,139.9,6,3.33,3.17,0.5,1.33,0.38,1.83,2.5,0.73,0.33,1.17,0.29,0.33,0.67,1,0.17,0,0.17,0.17,0.17,0,0,27,4.5,,,,,,,,,,,,,,,,,,,,4.51,0.0,4.51,4.5,0.01,27.06,48.7568,0.0,0.0,0.0,0.0,,0.33,0.0,0.0,0.33,THIN
4706557,Chris Youngblood,POR,SG,ACTIVE,0.1,139.9,34,5.5,2.09,0.65,1.85,0.35,0.26,0.29,0.9,0.53,1.59,0.33,0.21,0.62,0.82,0.35,0.12,0.09,0.06,0.65,0,0,152,4.47,,,,,,,,,,,,,,,,,,,,4.49,0.0,4.49,4.47,0.02,152.66,29.3891,0.0,0.0,0.0,0.0,,0.2561,0.0,0.0,0.21,
4700852,Chaz Lanier,DET,SG,ACTIVE,0,140,34,7.76,2.35,0.82,2.62,0.31,0.15,0.18,0.83,0.56,1.97,0.28,0.24,0.44,0.68,0.5,0.21,0,0.09,0.35,0,0,152,4.47,,,,,,,,,,,,,,,,,,,,4.48,0.0,4.48,4.47,0.01,152.32,20.7835,0.0,0.0,0.0,0.0,,0.3529,0.0,0.0,0.24,
4592401,N'Faly Dante,FA,C,OUT,0,140,4,4,0.75,0.25,1,0.25,0.25,0.25,1,0,0,0,0.75,1,1.75,0,0.5,0,0.25,0.25,0,0,17,4.25,,,,,,,,,,,,,,,,,,,,4.25,0.0,4.25,4.25,0.0,17.0,38.25,0.0,0.0,0.0,0.0,,0.4286,0.0,0.0,0.75,THIN
4906923,Bobi Klintman,FA,PF,ACTIVE,0,140,12,6.17,1.83,0.75,2.25,0.33,0,0.25,0,0.33,1.08,0.31,0.42,1.17,1.58,0.5,0.25,0,0.5,0.92,0,0,50,4.17,,,,,,,,,,,,,,,,,,,,4.16,0.0,4.16,4.17,-0.01,49.92,24.2723,0.0,0.0,0.0,0.0,,0.2658,0.0,0.0,0.42,THIN
5217746,Yang Hansen,POR,C,ACTIVE,0.7,139.9,43,7,2.21,0.72,2.33,0.31,0.65,0.79,0.82,0.12,0.98,0.12,0.47,1.07,1.53,0.51,0.07,0.23,0.74,1,0,0,174,4.05,65,12.7,3.98,1.31,4.2,0.31,1.15,1.4,0.82,0.22,1.8,0.12,2.8,0.91,0.11,0.4,1.4,404,6.22,4.04,0.0,4.04,4.05,-0.01,173.72,20.7771,6.23,6.22,0.01,404.95,17.6598,0.3072,0.0,0.0,0.47,
4397204,Colin Castleton,ORL,C,ACTIVE,0,140,4,5.25,1.25,0.5,1.25,0.4,0.25,0.25,1,0,0,0,0.5,1.5,2,0.25,0.25,0,0.5,0.5,0,0,16,4,,,,,,,,,,,,,,,,,,,,4.0,0.0,4.0,4.0,0.0,16.0,27.4286,0.0,0.0,0.0,0.0,,0.25,0.0,0.0,0.5,THIN
4397689,Drew Peterson,CHI,SF,ACTIVE,0,140,6,10.83,0.83,0.33,2.67,0.13,0.17,0.33,0.5,0,2,0,0.5,1,1.5,0.33,0.5,0.17,0,0.5,0,0,24,4,,,,,,,,,,,,,,,,,,,,4.0,0.0,4.0,4.0,0.0,24.0,13.2964,0.0,0.0,0.0,0.0,,0.3333,0.0,0.0,0.5,THIN
4279532,Stanley Umude,FA,SG,ACTIVE,0,140,2,3,1,0.5,1,0.5,0,0,0,0,0.5,0,0,0,0,0.5,0.5,0,0,1,0,0,8,4,,,,,,,,,,,,,,,,,,,,4.0,0.0,4.0,4.0,0.0,8.0,48.0,0.0,0.0,0.0,0.0,,,0.0,0.0,0.0,THIN
3209,Jeff Green,FA,PF,ACTIVE,0,140.1,30,5.87,2.23,0.83,2.27,0.37,0.17,0.17,1,0.4,1.47,0.27,0.23,0.6,0.83,0.27,0.07,0.07,0.13,0.4,0,0,117,3.9,,,,,,,,,,,,,,,,,,,,3.92,0.0,3.92,3.9,0.02,117.6,24.0409,0.0,0.0,0.0,0.0,,0.2771,0.0,0.0,0.23,
3059409,Nigel Hayes-Davis,FA,SF,ACTIVE,0.1,140,27,7.19,1.26,0.56,1.7,0.33,0.07,0.15,0.5,0.07,0.59,0.13,0.44,0.78,1.22,0.26,0.3,0.07,0.3,0.59,0,0,101,3.74,,,,,,,,,,,,,,,,,,,,3.73,0.0,3.73,3.74,-0.01,100.71,18.6759,0.0,0.0,0.0,0.0,,0.3607,0.0,0.0,0.44,
4432817,Johnny Juzang,FA,SG,ACTIVE,0,140,21,4.14,2.05,0.76,1.81,0.42,0.24,0.38,0.63,0.29,1.14,0.25,0.24,0.57,0.81,0.29,0.1,0.05,0.24,0.14,0,0,76,3.62,,,,,,,,,,,,,,,,,,,,3.66,0.0,3.66,3.62,0.04,76.86,31.8261,0.0,0.0,0.0,0.0,,0.2963,0.0,0.0,0.24,
4700818,Vladislav Goldin,MIA,C,ACTIVE,0,140,9,2.56,0.78,0.33,0.44,0.75,0.11,0.11,1,0,0,0,0.33,0.67,1,0.33,0,0.33,0.33,0.56,0,0,33,3.67,,,,,,,,,,,,,,,,,,,,3.65,0.0,3.65,3.67,-0.02,32.85,51.3281,0.0,0.0,0.0,0.0,,0.33,0.0,0.0,0.33,THIN
5165257,Trentyn Flowers,CHI,SF,,0,140,2,2.5,2,1,1.5,0.67,0,0,0,0,0.5,0,0.5,0,0.5,0.5,0,0,0.5,0.5,0,0,7,3.5,,,,,,,,,,,,,,,,,,,,3.5,0.0,3.5,3.5,0.0,7.0,50.4,0.0,0.0,0.0,0.0,,1.0,0.0,0.0,0.5,THIN
5211983,Pacome Dadiet,NY,SF,ACTIVE,0.2,140,29,4.76,1.66,0.55,1.66,0.33,0.31,0.38,0.82,0.24,1.1,0.22,0.14,0.79,0.93,0.41,0.1,0.03,0.1,0.28,0,0,102,3.52,58,9,3.09,1.03,3.1,0.33,0.57,0.71,0.81,0.45,2,0.23,1.71,0.71,0.21,0.1,0.21,366,6.31,3.48,0.0,3.48,3.52,-0.04,100.92,26.3193,6.31,6.31,0.0,365.98,25.24,0.1505,0.0,0.0,0.14,
4592461,Jacob Toppin,FA,SF,DAY_TO_DAY,0,140,5,3.4,1.6,0.8,1.2,0.67,0,0,0,0,0,0,0,0.2,0.2,0.2,0,0.2,0,0.2,0,0,17,3.4,,,,,,,,,,,,,,,,,,,,3.4,0.0,3.4,3.4,0.0,17.0,36.0,0.0,0.0,0.0,0.0,,0.0,0.0,0.0,0.0,THIN
4395623,Trey Jemison III,TOR,C,ACTIVE,0,140,13,6.31,1,0.46,0.77,0.6,0.08,0.08,1,0,0,0,0.62,0.77,1.38,0.38,0.08,0.15,0.77,0.85,0,0,43,3.31,,,,,,,,,,,,,,,,,,,,3.29,0.0,3.29,3.31,-0.02,42.77,18.7702,0.0,0.0,0.0,0.0,,0.4493,0.0,0.0,0.62,THIN
4433133,Jahmir Young,MIA,PG,ACTIVE,0.1,139.9,14,4.14,1.79,0.71,1.79,0.4,0.14,0.14,1,0.21,0.64,0.33,0.14,0.14,0.29,0.64,0.07,0,0.21,0.5,0,0,45,3.21,,,,,,,,,,,,,,,,,,,,3.2,0.0,3.2,3.21,-0.01,44.8,27.8261,0.0,0.0,0.0,0.0,,0.4828,0.0,0.0,0.14,THIN
4703530,Mark Sears,FA,PG,ACTIVE,0,140,7,3.71,3.14,0.86,1.86,0.46,0.86,1.14,0.75,0.57,1.14,0.5,0.14,0.14,0.29,0.29,0,0,0.57,0.57,0,0,22,3.14,,,,,,,,,,,,,,,,,,,,3.16,0.0,3.16,3.14,0.02,22.12,30.6631,0.0,0.0,0.0,0.0,,0.4828,0.0,0.0,0.14,THIN
4433569,Johni Broome,FA,PF,ACTIVE,0.1,140,11,5,0.91,0.36,2.18,0.17,0.18,0.55,0.33,0,0.45,0,0.64,0.82,1.45,0.36,0.27,0.18,0.27,0.64,0,0,35,3.18,33,8.3,1.52,0.61,3.61,0.17,0.3,0.91,0.33,,0.79,,2.39,0.61,0.52,0.3,0.52,144,4.36,3.15,0.0,3.15,3.18,-0.03,34.65,22.68,4.37,4.36,0.01,144.21,18.9542,0.4414,0.0,0.0,0.64,THIN
4433618,Harrison Ingram,UTAH,SF,ACTIVE,0,140,7,3.71,1.57,0.71,0.86,0.83,0,0,0,0.14,0.14,1,0.43,0,0.43,0.14,0,0,0.14,0.29,0,0,22,3.14,,,,,,,,,,,,,,,,,,,,3.13,0.0,3.13,3.14,-0.01,21.91,30.372,0.0,0.0,0.0,0.0,,1.0,0.0,0.0,0.43,THIN
3012,Kyle Lowry,PHI,PG,ACTIVE,0.2,140,14,8.36,1.21,0.29,1.79,0.16,0.36,0.43,0.83,0.29,1.79,0.16,0,0.64,0.64,0.79,0.14,0.14,0.29,0.57,0,0,42,3,,,,,,,,,,,,,,,,,,,,2.98,0.0,2.98,3.0,-0.02,41.72,12.8325,0.0,0.0,0.0,0.0,,0.0,0.0,0.0,0.0,THIN
6427,Bismack Biyombo,FA,C,ACTIVE,0.1,140,25,5.76,0.92,0.36,0.6,0.6,0.2,0.28,0.71,0,0,0,0.2,0.84,1.04,0.2,0.16,0.08,0.32,1.08,0,0,73,2.92,,,,,,,,,,,,,,,,,,,,2.92,0.0,2.92,2.92,0.0,73.0,18.25,0.0,0.0,0.0,0.0,,0.1923,0.0,0.0,0.2,
4066636,Markelle Fultz,TOR,PG,,0,140,5,7,0.8,0.4,2.2,0.18,0,0,0,0,0,0,0,0.2,0.2,1.6,0.4,0,0.8,0.4,0,0,14,2.8,,,,,,,,,,,,,,,,,,,,2.8,0.0,2.8,2.8,0.0,14.0,14.4,0.0,0.0,0.0,0.0,,0.0,0.0,0.0,0.0,THIN
5107818,Isaac Jones,DET,PF,ACTIVE,0,140,7,5.14,1.29,0.43,1,0.43,0.43,0.57,0.75,0,0.29,0,0.29,0.43,0.71,0.14,0,0.14,0.14,0.57,0,0,18,2.57,,,,,,,,,,,,,,,,,,,,2.57,0.0,2.57,2.57,0.0,17.99,18.0,0.0,0.0,0.0,0.0,,0.4085,0.0,0.0,0.29,THIN
4597259,Javonte Cooke,FA,SG,ACTIVE,0,140,19,4.95,1.21,0.47,2.16,0.22,0.11,0.11,1,0.16,1.21,0.13,0.21,0.79,1,0.37,0.32,0,0.47,0.32,0,0,46,2.42,,,,,,,,,,,,,,,,,,,,2.44,0.0,2.44,2.42,0.02,46.36,17.7455,0.0,0.0,0.0,0.0,,0.21,0.0,0.0,0.21,THIN
4023,Garrett Temple,TOR,SG,ACTIVE,0.1,140,22,3.32,0.77,0.18,0.68,0.27,0.27,0.41,0.67,0.14,0.55,0.25,0.05,0.36,0.41,0.41,0.18,0.09,0.32,0.27,0,0,48,2.18,,,,,,,,,,,,,,,,,,,,2.17,0.0,2.17,2.18,-0.01,47.74,23.5301,0.0,0.0,0.0,0.0,,0.122,0.0,0.0,0.05,
3032978,Dario Saric,DET,PF,,0.1,140,5,8,1,0.2,1.2,0.17,0.4,0.4,1,0.2,0.6,0.33,0.2,1,1.2,0.4,0,0,0.4,0.6,0,0,9,1.8,,,,,,,,,,,,,,,,,,,,1.8,0.0,1.8,1.8,0.0,9.0,8.1,0.0,0.0,0.0,0.0,,0.1667,0.0,0.0,0.2,THIN
4433281,Hunter Sallis,FA,SG,ACTIVE,0,140,7,3.57,1,0.43,0.71,0.6,0.14,0.29,0.5,0,0,0,0,0.14,0.14,0.57,0,0.14,0.71,0.29,0,0,10,1.43,,,,,,,,,,,,,,,,,,,,1.42,0.0,1.42,1.43,-0.01,9.94,14.3193,0.0,0.0,0.0,0.0,,0.0,0.0,0.0,0.0,THIN
4701992,Max Shulga,FA,PG,ACTIVE,0,140,11,3.36,0.64,0.18,0.73,0.25,0.18,0.18,1,0.09,0.36,0.25,0.27,0.27,0.55,0.18,0.09,0,0.27,0.91,0,0,15,1.36,,,,,,,,,,,,,,,,,,,,1.36,0.0,1.36,1.36,0.0,14.96,14.5714,0.0,0.0,0.0,0.0,,0.4909,0.0,0.0,0.27,THIN
4432645,Trevor Keels,WSH,SG,ACTIVE,0,140,8,1.75,1,0.38,1.5,0.25,0,0,0,0.25,1.13,0.22,0,0.25,0.25,0,0.13,0,0,0,0,0,10,1.25,,,,,,,,,,,,,,,,,,,,1.28,0.0,1.28,1.25,0.03,10.24,26.3314,0.0,0.0,0.0,0.0,,0.0,0.0,0.0,0.0,THIN
4590360,Chucky Hepburn,TOR,PG,ACTIVE,0,140,2,6.5,0,0,3,0,0,0,0,0,2.5,0,0,0.5,0.5,1,0.5,0,0.5,1,0,0,1,0.5,,,,,,,,,,,,,,,,,,,,0.5,0.0,0.5,0.5,0.0,1.0,2.7692,0.0,0.0,0.0,0.0,,0.0,0.0,0.0,0.0,THIN
5242496,Noa Essengue,CHI,PF,ACTIVE,0.3,140,2,3,0,0,1.5,0,0,0,0,0,1,0,0,0,0,0,0.5,0,0,0.5,0,0,1,0.5,64,7.9,,,4,,,,,,2.59,,,,1.3,,,76,1.19,0.5,0.0,0.5,0.5,0.0,1.0,6.0,1.2,1.19,0.01,76.8,5.4684,,0.0,0.0,0.0,THIN
4597865,Tosan Evbuomwan,FA,SF,ACTIVE,0,140,5,1.6,0,0,0.2,0,0,0,0,0,0,0,0.2,0.2,0.4,0,0,0,0,0.2,0,0,2,0.4,,,,,,,,,,,,,,,,,,,,0.4,0.0,0.4,0.4,0.0,2.0,9.0,0.0,0.0,0.0,0.0,,0.5,0.0,0.0,0.2,THIN
4702785,Jahmyl Telfort,FA,PF,ACTIVE,0,140,8,4.25,0.13,0,0.5,0,0.13,0.5,0.25,0,0.5,0,0,0.38,0.38,0.13,0.13,0,0.13,0.63,0,0,1,0.13,,,,,,,,,,,,,,,,,,,,0.16,0.0,0.16,0.13,0.03,1.28,1.3553,0.0,0.0,0.0,0.0,,0.0,0.0,0.0,0.0,THIN
5142718,AJ Dybantsa,WSH,SF,ACTIVE,83.7,76.1,,,,,,,,,,,,,,,,,,,,,,,,,72,32.2,20.1,7.32,15.31,0.48,4.78,5.9,0.81,0.68,1.81,0.38,4.9,2.81,1,0.81,1.9,2370,32.92,0.0,0.0,0.0,0.0,0.0,0.0,,32.95,32.92,0.03,2372.4,36.8385,,,,0.0,NO_SAMPLE
4432585,AJ Griffin,FA,SF,,,,,,,,,,,,,,,,,,,,,,,,,,,,,,,,,,,,,,,,,,,,,,,0.0,0.0,0.0,0.0,0.0,0.0,,0.0,0.0,0.0,0.0,,,,,0.0,NO_SAMPLE
2991178,AJ Hammons,MIA,C,,,,,,,,,,,,,,,,,,,,,,,,,,,,,,,,,,,,,,,,,,,,,,,0.0,0.0,0.0,0.0,0.0,0.0,,0.0,0.0,0.0,0.0,,,,,0.0,NO_SAMPLE
2528231,Aaron Craft,FA,SG,,,,,,,,,,,,,,,,,,,,,,,,,,,,,,,,,,,,,,,,,,,,,,,0.0,0.0,0.0,0.0,0.0,0.0,,0.0,0.0,0.0,0.0,,,,,0.0,NO_SAMPLE
3064510,Aaron Harrison,DAL,SG,,,,,,,,,,,,,,,,,,,,,,,,,,,,,,,,,,,,,,,,,,,,,,,0.0,0.0,0.0,0.0,0.0,0.0,,0.0,0.0,0.0,0.0,,,,,0.0,NO_SAMPLE
4397209,Aaron Henry,PHI,SF,,,,,,,,,,,,,,,,,,,,,,,,,,,,,,,,,,,,,,,,,,,,,,,0.0,0.0,0.0,0.0,0.0,0.0,,0.0,0.0,0.0,0.0,,,,,0.0,NO_SAMPLE
2595175,Aaron White,WSH,SF,,,,,,,,,,,,,,,,,,,,,,,,,,,,,,,,,,,,,,,,,,,,,,,0.0,0.0,0.0,0.0,0.0,0.0,,0.0,0.0,0.0,0.0,,,,,0.0,NO_SAMPLE
4397654,Adam Flagler,SAC,SG,ACTIVE,,,,,,,,,,,,,,,,,,,,,,,,,,,,,,,,,,,,,,,,,,,,,,0.0,0.0,0.0,0.0,0.0,0.0,,0.0,0.0,0.0,0.0,,,,,0.0,NO_SAMPLE
4349241,Adam Mokoka,OKC,SG,,,,,,,,,,,,,,,,,,,,,,,,,,,,,,,,,,,,,,,,,,,,,,,0.0,0.0,0.0,0.0,0.0,0.0,,0.0,0.0,0.0,0.0,,,,,0.0,NO_SAMPLE
4702023,Adama Sanogo,FA,C,,,,,,,,,,,,,,,,,,,,,,,,,,,,,,,,,,,,,,,,,,,,,,,0.0,0.0,0.0,0.0,0.0,0.0,,0.0,0.0,0.0,0.0,,,,,0.0,NO_SAMPLE
5174983,Aday Mara,OKC,C,ACTIVE,,,,,,,,,,,,,,,,,,,,,,,,,,,,,,,,,,,,,,,,,,,,,,0.0,0.0,0.0,0.0,0.0,0.0,,0.0,0.0,0.0,0.0,,,,,0.0,NO_SAMPLE
2531100,Adreian Payne,ORL,PF,,,,,,,,,,,,,,,,,,,,,,,,,,,,,,,,,,,,,,,,,,,,,,,0.0,0.0,0.0,0.0,0.0,0.0,,0.0,0.0,0.0,0.0,,,,,0.0,NO_SAMPLE
2579326,Alan Williams,BKN,PF,,,,,,,,,,,,,,,,,,,,,,,,,,,,,,,,,,,,,,,,,,,,,,,0.0,0.0,0.0,0.0,0.0,0.0,,0.0,0.0,0.0,0.0,,,,,0.0,NO_SAMPLE
2528479,Alec Brown,FA,C,,,,,,,,,,,,,,,,,,,,,,,,,,,,,,,,,,,,,,,,,,,,,,,0.0,0.0,0.0,0.0,0.0,0.0,,0.0,0.0,0.0,0.0,,,,,0.0,NO_SAMPLE
6429,Alec Burks,FA,SG,ACTIVE,,,,,,,,,,,,,,,,,,,,,,,,,,,,,,,,,,,,,,,,,,,,,,0.0,0.0,0.0,0.0,0.0,0.0,,0.0,0.0,0.0,0.0,,,,,0.0,NO_SAMPLE
3062897,Alec Peters,PHX,PF,,,,,,,,,,,,,,,,,,,,,,,,,,,,,,,,,,,,,,,,,,,,,,,0.0,0.0,0.0,0.0,0.0,0.0,,0.0,0.0,0.0,0.0,,,,,0.0,NO_SAMPLE
4432971,Alex Ducas,FA,SG,ACTIVE,,,,,,,,,,,,,,,,,,,,,,,,,,,,,,,,,,,,,,,,,,,,,,0.0,0.0,0.0,0.0,0.0,0.0,,0.0,0.0,0.0,0.0,,,,,0.0,NO_SAMPLE
4917149,Alex Karaban,SAC,SF/PF,ACTIVE,,,,,,,,,,,,,,,,,,,,,,,,,,,,,,,,,,,,,,,,,,,,,,0.0,0.0,0.0,0.0,0.0,0.0,,0.0,0.0,0.0,0.0,,,,,0.0,NO_SAMPLE
2528355,Alex Kirk,CLE,C,,,,,,,,,,,,,,,,,,,,,,,,,,,,,,,,,,,,,,,,,,,,,,,0.0,0.0,0.0,0.0,0.0,0.0,,0.0,0.0,0.0,0.0,,,,,0.0,NO_SAMPLE
2596107,Alex Len,FA,C,ACTIVE,,,,,,,,,,,,,,,,,,,,,,,,,,,,,,,,,,,,,,,,,,,,,,0.0,0.0,0.0,0.0,0.0,0.0,,0.0,0.0,0.0,0.0,,,,,0.0,NO_SAMPLE
2991283,Alex Poythress,ATL,PF,,,,,,,,,,,,,,,,,,,,,,,,,,,,,,,,,,,,,,,,,,,,,,,0.0,0.0,0.0,0.0,0.0,0.0,,0.0,0.0,0.0,0.0,,,,,0.0,NO_SAMPLE
5170949,Alex Toohey,GS,PF,ACTIVE,,,,,,,,,,,,,,,,,,,,,,,,,,,,,,,,,,,,,,,,,,,,,,0.0,0.0,0.0,0.0,0.0,0.0,,0.0,0.0,0.0,0.0,,,,,0.0,NO_SAMPLE
2530923,Alfonzo McKinnie,CHI,SF,,,,,,,,,,,,,,,,,,,,,,,,,,,,,,,,,,,,,,,,,,,,,,,0.0,0.0,0.0,0.0,0.0,0.0,,0.0,0.0,0.0,0.0,,,,,0.0,NO_SAMPLE
5149115,Allen Graves,TOR,SF,DAY_TO_DAY,,,,,,,,,,,,,,,,,,,,,,,,,,,,,,,,,,,,,,,,,,,,,,0.0,0.0,0.0,0.0,0.0,0.0,,0.0,0.0,0.0,0.0,,,,,0.0,NO_SAMPLE
3907525,Allonzo Trier,NY,SG,,,,,,,,,,,,,,,,,,,,,,,,,,,,,,,,,,,,,,,,,,,,,,,0.0,0.0,0.0,0.0,0.0,0.0,,0.0,0.0,0.0,0.0,,,,,0.0,NO_SAMPLE
3893020,Alpha Kaba,ATL,PF,,,,,,,,,,,,,,,,,,,,,,,,,,,,,,,,,,,,,,,,,,,,,,,0.0,0.0,0.0,0.0,0.0,0.0,,0.0,0.0,0.0,0.0,,,,,0.0,NO_SAMPLE
5105638,Amari Bailey,FA,SG,,,,,,,,,,,,,,,,,,,,,,,,,,,,,,,,,,,,,,,,,,,,,,,0.0,0.0,0.0,0.0,0.0,0.0,,0.0,0.0,0.0,0.0,,,,,0.0,NO_SAMPLE
3074748,Amida Brimah,DEN,C,,,,,,,,,,,,,,,,,,,,,,,,,,,,,,,,,,,,,,,,,,,,,,,0.0,0.0,0.0,0.0,0.0,0.0,,0.0,0.0,0.0,0.0,,,,,0.0,NO_SAMPLE
2982249,Amile Jefferson,BOS,PF,,,,,,,,,,,,,,,,,,,,,,,,,,,,,,,,,,,,,,,,,,,,,,,0.0,0.0,0.0,0.0,0.0,0.0,,0.0,0.0,0.0,0.0,,,,,0.0,NO_SAMPLE
2990972,Andrew White III,NY,SG,,,,,,,,,,,,,,,,,,,,,,,,,,,,,,,,,,,,,,,,,,,,,,,0.0,0.0,0.0,0.0,0.0,0.0,,0.0,0.0,0.0,0.0,,,,,0.0,NO_SAMPLE
3136479,Angel Delgado,LAC,C,,,,,,,,,,,,,,,,,,,,,,,,,,,,,,,,,,,,,,,,,,,,,,,0.0,0.0,0.0,0.0,0.0,0.0,,0.0,0.0,0.0,0.0,,,,,0.0,NO_SAMPLE
2531362,Anthony Brown,PHI,SF,ACTIVE,,,,,,,,,,,,,,,,,,,,,,,,,,,,,,,,,,,,,,,,,,,,,,0.0,0.0,0.0,0.0,0.0,0.0,,0.0,0.0,0.0,0.0,,,,,0.0,NO_SAMPLE
4066790,Anthony Lamb,GS,SF,,,,,,,,,,,,,,,,,,,,,,,,,,,,,,,,,,,,,,,,,,,,,,,0.0,0.0,0.0,0.0,0.0,0.0,,0.0,0.0,0.0,0.0,,,,,0.0,NO_SAMPLE
3276,Anthony Tolliver,NO,PF,,,,,,,,,,,,,,,,,,,,,,,,,,,,,,,,,,,,,,,,,,,,,,,0.0,0.0,0.0,0.0,0.0,0.0,,0.0,0.0,0.0,0.0,,,,,0.0,NO_SAMPLE
4431705,Anton Watson,FA,PF,ACTIVE,,,,,,,,,,,,,,,,,,,,,,,,,,,,,,,,,,,,,,,,,,,,,,0.0,0.0,0.0,0.0,0.0,0.0,,0.0,0.0,0.0,0.0,,,,,0.0,NO_SAMPLE
3907386,Antonio Blakeney,CHI,SG,,,,,,,,,,,,,,,,,,,,,,,,,,,,,,,,,,,,,,,,,,,,,,,0.0,0.0,0.0,0.0,0.0,0.0,,0.0,0.0,0.0,0.0,,,,,0.0,NO_SAMPLE
3064237,Antonius Cleveland,OKC,SG,,,,,,,,,,,,,,,,,,,,,,,,,,,,,,,,,,,,,,,,,,,,,,,0.0,0.0,0.0,0.0,0.0,0.0,,0.0,0.0,0.0,0.0,,,,,0.0,NO_SAMPLE
2991281,Archie Goodwin,POR,SG,,,,,,,,,,,,,,,,,,,,,,,,,,,,,,,,,,,,,,,,,,,,,,,0.0,0.0,0.0,0.0,0.0,0.0,,0.0,0.0,0.0,0.0,,,,,0.0,NO_SAMPLE
5104156,Armel Traore,FA,SF,,,,,,,,,,,,,,,,,,,,,,,,,,,,,,,,,,,,,,,,,,,,,,,0.0,0.0,0.0,0.0,0.0,0.0,,0.0,0.0,0.0,0.0,,,,,0.0,NO_SAMPLE
4066450,Armoni Brooks,BKN,PG,,,,,,,,,,,,,,,,,,,,,,,,,,,,,,,,,,,,,,,,,,,,,,,0.0,0.0,0.0,0.0,0.0,0.0,,0.0,0.0,0.0,0.0,,,,,0.0,NO_SAMPLE
2968439,Aron Baynes,TOR,C,,,,,,,,,,,,,,,,,,,,,,,,,,,,,,,,,,,,,,,,,,,,,,,0.0,0.0,0.0,0.0,0.0,0.0,,0.0,0.0,0.0,0.0,,,,,0.0,NO_SAMPLE
3893015,Arturas Gudaitis,CLE,C,,,,,,,,,,,,,,,,,,,,,,,,,,,,,,,,,,,,,,,,,,,,,,,0.0,0.0,0.0,0.0,0.0,0.0,,0.0,0.0,0.0,0.0,,,,,0.0,NO_SAMPLE
4395722,Ashton Hagans,FA,PG,,,,,,,,,,,,,,,,,,,,,,,,,,,,,,,,,,,,,,,,,,,,,,,0.0,0.0,0.0,0.0,0.0,0.0,,0.0,0.0,0.0,0.0,,,,,0.0,NO_SAMPLE
3037805,Axel Toupane,MIL,SG,,,,,,,,,,,,,,,,,,,,,,,,,,,,,,,,,,,,,,,,,,,,,,,0.0,0.0,0.0,0.0,0.0,0.0,,0.0,0.0,0.0,0.0,,,,,0.0,NO_SAMPLE
3059280,BJ Johnson,ORL,SF,,,,,,,,,,,,,,,,,,,,,,,,,,,,,,,,,,,,,,,,,,,,,,,0.0,0.0,0.0,0.0,0.0,0.0,,0.0,0.0,0.0,0.0,,,,,0.0,NO_SAMPLE
5075626,Baba Miller,LAC,PF,ACTIVE,,,,,,,,,,,,,,,,,,,,,,,,,,,,,,,,,,,,,,,,,,,,,,0.0,0.0,0.0,0.0,0.0,0.0,,0.0,0.0,0.0,0.0,,,,,0.0,NO_SAMPLE
3136469,Ben Bentil,DAL,PF,,,,,,,,,,,,,,,,,,,,,,,,,,,,,,,,,,,,,,,,,,,,,,,0.0,0.0,0.0,0.0,0.0,0.0,,0.0,0.0,0.0,0.0,,,,,0.0,NO_SAMPLE
3057189,Ben Moore,SA,PF,,,,,,,,,,,,,,,,,,,,,,,,,,,,,,,,,,,,,,,,,,,,,,,0.0,0.0,0.0,0.0,0.0,0.0,,0.0,0.0,0.0,0.0,,,,,0.0,NO_SAMPLE
3907387,Ben Simmons,SAC,PG,DAY_TO_DAY,4.2,139.5,,,,,,,,,,,,,,,,,,,,,,,0,0,37,21.2,5,2.27,4.3,0.53,0.46,0.7,0.65,,,,5,5.3,0.7,0.51,1.89,802,21.68,0.0,0.0,0.0,0.0,0.0,0.0,,21.66,21.68,-0.02,801.42,36.7811,,,,0.0,NO_SAMPLE
5241364,Bennett Stirtz,OKC,PG,ACTIVE,,,,,,,,,,,,,,,,,,,,,,,,,,,,,,,,,,,,,,,,,,,,,,0.0,0.0,0.0,0.0,0.0,0.0,,0.0,0.0,0.0,0.0,,,,,0.0,NO_SAMPLE
3059356,Billy Garrett Jr.,NY,SG,,,,,,,,,,,,,,,,,,,,,,,,,,,,,,,,,,,,,,,,,,,,,,,0.0,0.0,0.0,0.0,0.0,0.0,,0.0,0.0,0.0,0.0,,,,,0.0,NO_SAMPLE
4376,Boban Marjanovic,FA,C,,,,,,,,,,,,,,,,,,,,,,,,,,,,,,,,,,,,,,,,,,,,,,,0.0,0.0,0.0,0.0,0.0,0.0,,0.0,0.0,0.0,0.0,,,,,0.0,NO_SAMPLE
5214989,Bogoljub Markovic,MIL,PF,ACTIVE,,,,,,,,,,,,,,,,,,,,,,,,,,,,,,,,,,,,,,,,,,,,,,0.0,0.0,0.0,0.0,0.0,0.0,,0.0,0.0,0.0,0.0,,,,,0.0,NO_SAMPLE
4397102,Bol Bol,FA,PF,ACTIVE,,,,,,,,,,,,,,,,,,,,,,,,,,,,,,,,,,,,,,,,,,,,,,0.0,0.0,0.0,0.0,0.0,0.0,,0.0,0.0,0.0,0.0,,,,,0.0,NO_SAMPLE
3138192,Bonzie Colson,MIL,PF,,,,,,,,,,,,,,,,,,,,,,,,,,,,,,,,,,,,,,,,,,,,,,,0.0,0.0,0.0,0.0,0.0,0.0,,0.0,0.0,0.0,0.0,,,,,0.0,NO_SAMPLE
4592712,Boo Buie,FA,PG,ACTIVE,,,,,,,,,,,,,,,,,,,,,,,,,,,,,,,,,,,,,,,,,,,,,,0.0,0.0,0.0,0.0,0.0,0.0,,0.0,0.0,0.0,0.0,,,,,0.0,NO_SAMPLE
6507,Brad Wanamaker,WSH,PG,,,,,,,,,,,,,,,,,,,,,,,,,,,,,,,,,,,,,,,,,,,,,,,0.0,0.0,0.0,0.0,0.0,0.0,,0.0,0.0,0.0,0.0,,,,,0.0,NO_SAMPLE
5105854,Braden Smith,IND,PG,ACTIVE,,,,,,,,,,,,,,,,,,,,,,,,,,,,,,,,,,,,,,,,,,,,,,0.0,0.0,0.0,0.0,0.0,0.0,,0.0,0.0,0.0,0.0,,,,,0.0,NO_SAMPLE
2595211,Branden Dawson,ORL,SF,,,,,,,,,,,,,,,,,,,,,,,,,,,,,,,,,,,,,,,,,,,,,,,0.0,0.0,0.0,0.0,0.0,0.0,,0.0,0.0,0.0,0.0,,,,,0.0,NO_SAMPLE
4432162,Brandon Boston Jr.,CHI,SG,ACTIVE,,,,,,,,,,,,,,,,,,,,,,,,,,,,,,,,,,,,,,,,,,,,,,0.0,0.0,0.0,0.0,0.0,0.0,,0.0,0.0,0.0,0.0,,,,,0.0,NO_SAMPLE
3057198,Brandon Goodwin,CLE,PG,,,,,,,,,,,,,,,,,,,,,,,,,,,,,,,,,,,,,,,,,,,,,,,0.0,0.0,0.0,0.0,0.0,0.0,,0.0,0.0,0.0,0.0,,,,,0.0,NO_SAMPLE
3907385,Brandon Sampson,CHI,SG,,,,,,,,,,,,,,,,,,,,,,,,,,,,,,,,,,,,,,,,,,,,,,,0.0,0.0,0.0,0.0,0.0,0.0,,0.0,0.0,0.0,0.0,,,,,0.0,NO_SAMPLE
5082206,Brayden Burries,MIL,SG,ACTIVE,3,140.4,,,,,,,,,,,,,,,,,,,,,,,,,71,25.8,10.97,3.96,8.8,0.45,2.63,3.2,0.82,0.42,1.2,0.36,2.7,4.1,1.1,0.3,2.1,1578,22.23,0.0,0.0,0.0,0.0,0.0,0.0,,22.24,22.23,0.01,1579.04,31.0326,,,,0.0,NO_SAMPLE
4277882,Brian Bowen II,MIN,SG,,,,,,,,,,,,,,,,,,,,,,,,,,,,,,,,,,,,,,,,,,,,,,,0.0,0.0,0.0,0.0,0.0,0.0,,0.0,0.0,0.0,0.0,,,,,0.0,NO_SAMPLE
2595229,Briante Weber,MIA,PG,,,,,,,,,,,,,,,,,,,,,,,,,,,,,,,,,,,,,,,,,,,,,,,0.0,0.0,0.0,0.0,0.0,0.0,,0.0,0.0,0.0,0.0,,,,,0.0,NO_SAMPLE
2982330,Brice Johnson,DET,PF,,,,,,,,,,,,,,,,,,,,,,,,,,,,,,,,,,,,,,,,,,,,,,,0.0,0.0,0.0,0.0,0.0,0.0,,0.0,0.0,0.0,0.0,,,,,0.0,NO_SAMPLE
4407254,Brodric Thomas,FA,SG,,,,,,,,,,,,,,,,,,,,,,,,,,,,,,,,,,,,,,,,,,,,,,,0.0,0.0,0.0,0.0,0.0,0.0,,0.0,0.0,0.0,0.0,,,,,0.0,NO_SAMPLE
5105837,Bruce Thornton,HOU,PG,ACTIVE,,,,,,,,,,,,,,,,,,,,,,,,,,,,,,,,,,,,,,,,,,,,,,0.0,0.0,0.0,0.0,0.0,0.0,,0.0,0.0,0.0,0.0,,,,,0.0,NO_SAMPLE
4277952,Bruno Fernando,FA,C,,,,,,,,,,,,,,,,,,,,,,,,,,,,,,,,,,,,,,,,,,,,,,,0.0,0.0,0.0,0.0,0.0,0.0,,0.0,0.0,0.0,0.0,,,,,0.0,NO_SAMPLE
2531054,Bryce Cotton,MEM,SG,,,,,,,,,,,,,,,,,,,,,,,,,,,,,,,,,,,,,,,,,,,,,,,0.0,0.0,0.0,0.0,0.0,0.0,,0.0,0.0,0.0,0.0,,,,,0.0,NO_SAMPLE
4565698,Bryce Hopkins,DEN,SF,ACTIVE,,,,,,,,,,,,,,,,,,,,,,,,,,,,,,,,,,,,,,,,,,,,,,0.0,0.0,0.0,0.0,0.0,0.0,,0.0,0.0,0.0,0.0,,,,,0.0,NO_SAMPLE
2994526,Bryn Forbes,MIN,SG,,,,,,,,,,,,,,,,,,,,,,,,,,,,,,,,,,,,,,,,,,,,,,,0.0,0.0,0.0,0.0,0.0,0.0,,0.0,0.0,0.0,0.0,,,,,0.0,NO_SAMPLE
2325499,C.J. Williams,BKN,SF,,,,,,,,,,,,,,,,,,,,,,,,,,,,,,,,,,,,,,,,,,,,,,,0.0,0.0,0.0,0.0,0.0,0.0,,0.0,0.0,0.0,0.0,,,,,0.0,NO_SAMPLE
2608716,Cady Lalanne,SA,C,,,,,,,,,,,,,,,,,,,,,,,,,,,,,,,,,,,,,,,,,,,,,,,0.0,0.0,0.0,0.0,0.0,0.0,,0.0,0.0,0.0,0.0,,,,,0.0,NO_SAMPLE
5095151,Caleb Wilson,CHI,SF,ACTIVE,74.9,76.6,,,,,,,,,,,,,,,,,,,,,,,,,71,32.1,17.92,6.7,13.7,0.49,3.77,4.9,0.77,0.73,2.3,0.32,8.1,1.9,1.1,1.39,2.1,2478,34.9,0.0,0.0,0.0,0.0,0.0,0.0,,34.88,34.9,-0.02,2476.48,39.1178,,,,0.0,NO_SAMPLE
4066315,Cam McGriff,FA,SF,ACTIVE,,,,,,,,,,,,,,,,,,,,,,,,,,,,,,,,,,,,,,,,,,,,,,0.0,0.0,0.0,0.0,0.0,0.0,,0.0,0.0,0.0,0.0,,,,,0.0,NO_SAMPLE
4395627,Cam Reddish,FA,SF,,,,,,,,,,,,,,,,,,,,,,,,,,,,,,,,,,,,,,,,,,,,,,,0.0,0.0,0.0,0.0,0.0,0.0,,0.0,0.0,0.0,0.0,,,,,0.0,NO_SAMPLE
2528354,Cameron Bairstow,DET,PF,,,,,,,,,,,,,,,,,,,,,,,,,,,,,,,,,,,,,,,,,,,,,,,0.0,0.0,0.0,0.0,0.0,0.0,,0.0,0.0,0.0,0.0,,,,,0.0,NO_SAMPLE
5041935,Cameron Boozer,MEM,PF,ACTIVE,76.8,77.4,,,,,,,,,,,,,,,,,,,,,,,,,72,31.7,18.51,7.19,14.6,0.49,3.79,4.81,0.79,0.33,0.9,0.37,7.9,3.1,1.1,0.81,2.5,2472,34.33,0.0,0.0,0.0,0.0,0.0,0.0,,34.34,34.33,0.01,2472.48,38.9981,,,,0.0,NO_SAMPLE
5113969,Cameron Carr,LAL,SG/SF,ACTIVE,,,,,,,,,,,,,,,,,,,,,,,,,,,,,,,,,,,,,,,,,,,,,,0.0,0.0,0.0,0.0,0.0,0.0,,0.0,0.0,0.0,0.0,,,,,0.0,NO_SAMPLE
3928275,Cameron Oliver,ATL,PF,,,,,,,,,,,,,,,,,,,,,,,,,,,,,,,,,,,,,,,,,,,,,,,0.0,0.0,0.0,0.0,0.0,0.0,,0.0,0.0,0.0,0.0,,,,,0.0,NO_SAMPLE
3057240,Cameron Reynolds,HOU,SG,,,,,,,,,,,,,,,,,,,,,,,,,,,,,,,,,,,,,,,,,,,,,,,0.0,0.0,0.0,0.0,0.0,0.0,,0.0,0.0,0.0,0.0,,,,,0.0,NO_SAMPLE
4067735,Carlik Jones,CHI,PG,,,,,,,,,,,,,,,,,,,,,,,,,,,,,,,,,,,,,,,,,,,,,,,0.0,0.0,0.0,0.0,0.0,0.0,,0.0,0.0,0.0,0.0,,,,,0.0,NO_SAMPLE
3059266,Cat Barber,ATL,PG,,,,,,,,,,,,,,,,,,,,,,,,,,,,,,,,,,,,,,,,,,,,,,,0.0,0.0,0.0,0.0,0.0,0.0,,0.0,0.0,0.0,0.0,,,,,0.0,NO_SAMPLE
3907526,Chance Comanche,SAC,C,,,,,,,,,,,,,,,,,,,,,,,,,,,,,,,,,,,,,,,,,,,,,,,0.0,0.0,0.0,0.0,0.0,0.0,,0.0,0.0,0.0,0.0,,,,,0.0,NO_SAMPLE
2988387,Charles Cooke,MIA,SG,,,,,,,,,,,,,,,,,,,,,,,,,,,,,,,,,,,,,,,,,,,,,,,0.0,0.0,0.0,0.0,0.0,0.0,,0.0,0.0,0.0,0.0,,,,,0.0,NO_SAMPLE
2580898,Chasson Randle,FA,PG,,,,,,,,,,,,,,,,,,,,,,,,,,,,,,,,,,,,,,,,,,,,,,,0.0,0.0,0.0,0.0,0.0,0.0,,0.0,0.0,0.0,0.0,,,,,0.0,NO_SAMPLE
4278045,Chaundee Brown Jr.,ATL,SG,,,,,,,,,,,,,,,,,,,,,,,,,,,,,,,,,,,,,,,,,,,,,,,0.0,0.0,0.0,0.0,0.0,0.0,,0.0,0.0,0.0,0.0,,,,,0.0,NO_SAMPLE
3147366,Chinanu Onuaku,POR,PF,,,,,,,,,,,,,,,,,,,,,,,,,,,,,,,,,,,,,,,,,,,,,,,0.0,0.0,0.0,0.0,0.0,0.0,,0.0,0.0,0.0,0.0,,,,,0.0,NO_SAMPLE
5142621,Chris Cenac Jr.,BOS,PF/C,ACTIVE,,,,,,,,,,,,,,,,,,,,,,,,,,,,,,,,,,,,,,,,,,,,,,0.0,0.0,0.0,0.0,0.0,0.0,,0.0,0.0,0.0,0.0,,,,,0.0,NO_SAMPLE
3137795,Chris Chiozza,BKN,PG,,,,,,,,,,,,,,,,,,,,,,,,,,,,,,,,,,,,,,,,,,,,,,,0.0,0.0,0.0,0.0,0.0,0.0,,0.0,0.0,0.0,0.0,,,,,0.0,NO_SAMPLE
3906603,Chris Clemons,ATL,PG,,,,,,,,,,,,,,,,,,,,,,,,,,,,,,,,,,,,,,,,,,,,,,,0.0,0.0,0.0,0.0,0.0,0.0,,0.0,0.0,0.0,0.0,,,,,0.0,NO_SAMPLE
4592402,Chris Duarte,FA,SG,,,,,,,,,,,,,,,,,,,,,,,,,,,,,,,,,,,,,,,,,,,,,,,0.0,0.0,0.0,0.0,0.0,0.0,,0.0,0.0,0.0,0.0,,,,,0.0,NO_SAMPLE
2325975,Chris Johnson,HOU,SF,,,,,,,,,,,,,,,,,,,,,,,,,,,,,,,,,,,,,,,,,,,,,,,0.0,0.0,0.0,0.0,0.0,0.0,,0.0,0.0,0.0,0.0,,,,,0.0,NO_SAMPLE
3153165,Chris McCullough,DET,PF,,,,,,,,,,,,,,,,,,,,,,,,,,,,,,,,,,,,,,,,,,,,,,,0.0,0.0,0.0,0.0,0.0,0.0,,0.0,0.0,0.0,0.0,,,,,0.0,NO_SAMPLE
3923253,Chris Silva,ATL,PF,,,,,,,,,,,,,,,,,,,,,,,,,,,,,,,,,,,,,,,,,,,,,,,0.0,0.0,0.0,0.0,0.0,0.0,,0.0,0.0,0.0,0.0,,,,,0.0,NO_SAMPLE
5060701,Christian Anderson,CHA,PG,DAY_TO_DAY,,,,,,,,,,,,,,,,,,,,,,,,,,,,,,,,,,,,,,,,,,,,,,0.0,0.0,0.0,0.0,0.0,0.0,,0.0,0.0,0.0,0.0,,,,,0.0,NO_SAMPLE
3058254,Christian Wood,FA,PF,,,,,,,,,,,,,,,,,,,,,,,,,,,,,,,,,,,,,,,,,,,,,,,0.0,0.0,0.0,0.0,0.0,0.0,,0.0,0.0,0.0,0.0,,,,,0.0,NO_SAMPLE
4278052,Chuma Okeke,FA,PF,ACTIVE,,,,,,,,,,,,,,,,,,,,,,,,,,,,,,,,,,,,,,,,,,,,,,0.0,0.0,0.0,0.0,0.0,0.0,,0.0,0.0,0.0,0.0,,,,,0.0,NO_SAMPLE
2991227,Cleanthony Early,NY,SF,,,,,,,,,,,,,,,,,,,,,,,,,,,,,,,,,,,,,,,,,,,,,,,0.0,0.0,0.0,0.0,0.0,0.0,,0.0,0.0,0.0,0.0,,,,,0.0,NO_SAMPLE
3133600,Cliff Alexander,NO,PF,,,,,,,,,,,,,,,,,,,,,,,,,,,,,,,,,,,,,,,,,,,,,,,0.0,0.0,0.0,0.0,0.0,0.0,,0.0,0.0,0.0,0.0,,,,,0.0,NO_SAMPLE
2994416,Cody Demps,SAC,PG,,,,,,,,,,,,,,,,,,,,,,,,,,,,,,,,,,,,,,,,,,,,,,,0.0,0.0,0.0,0.0,0.0,0.0,,0.0,0.0,0.0,0.0,,,,,0.0,NO_SAMPLE
4397134,Cole Swider,LAL,PF,ACTIVE,,,,,,,,,,,,,,,,,,,,,,,,,,,,,,,,,,,,,,,,,,,,,,0.0,0.0,0.0,0.0,0.0,0.0,,0.0,0.0,0.0,0.0,,,,,0.0,NO_SAMPLE
6446,Cory Joseph,FA,PG,ACTIVE,,,,,,,,,,,,,,,,,,,,,,,,,,,,,,,,,,,,,,,,,,,,,,0.0,0.0,0.0,0.0,0.0,0.0,,0.0,0.0,0.0,0.0,,,,,0.0,NO_SAMPLE
2991134,Coty Clarke,BOS,PF,,,,,,,,,,,,,,,,,,,,,,,,,,,,,,,,,,,,,,,,,,,,,,,0.0,0.0,0.0,0.0,0.0,0.0,,0.0,0.0,0.0,0.0,,,,,0.0,NO_SAMPLE
3113587,Cristiano Felicio,CHI,C,,,,,,,,,,,,,,,,,,,,,,,,,,,,,,,,,,,,,,,,,,,,,,,0.0,0.0,0.0,0.0,0.0,0.0,,0.0,0.0,0.0,0.0,,,,,0.0,NO_SAMPLE
4432820,D.J. Carton,FA,PG,ACTIVE,,,,,,,,,,,,,,,,,,,,,,,,,,,,,,,,,,,,,,,,,,,,,,0.0,0.0,0.0,0.0,0.0,0.0,,0.0,0.0,0.0,0.0,,,,,0.0,NO_SAMPLE
2489563,DJ Stephens,MEM,SG,,,,,,,,,,,,,,,,,,,,,,,,,,,,,,,,,,,,,,,,,,,,,,,0.0,0.0,0.0,0.0,0.0,0.0,,0.0,0.0,0.0,0.0,,,,,0.0,NO_SAMPLE
4701231,DJ Steward,FA,PG,,,,,,,,,,,,,,,,,,,,,,,,,,,,,,,,,,,,,,,,,,,,,,,0.0,0.0,0.0,0.0,0.0,0.0,,0.0,0.0,0.0,0.0,,,,,0.0,NO_SAMPLE
4848625,Dailyn Swain,CHI,SF,ACTIVE,,,,,,,,,,,,,,,,,,,,,,,,,,,,,,,,,,,,,,,,,,,,,,0.0,0.0,0.0,0.0,0.0,0.0,,0.0,0.0,0.0,0.0,,,,,0.0,NO_SAMPLE
4432176,Daishen Nix,SAC,PG,,,,,,,,,,,,,,,,,,,,,,,,,,,,,,,,,,,,,,,,,,,,,,,0.0,0.0,0.0,0.0,0.0,0.0,,0.0,0.0,0.0,0.0,,,,,0.0,NO_SAMPLE
3064516,Dakari Johnson,MEM,C,,,,,,,,,,,,,,,,,,,,,,,,,,,,,,,,,,,,,,,,,,,,,,,0.0,0.0,0.0,0.0,0.0,0.0,,0.0,0.0,0.0,0.0,,,,,0.0,NO_SAMPLE
3136991,Dakota Mathias,MEM,SG,,,,,,,,,,,,,,,,,,,,,,,,,,,,,,,,,,,,,,,,,,,,,,,0.0,0.0,0.0,0.0,0.0,0.0,,0.0,0.0,0.0,0.0,,,,,0.0,NO_SAMPLE
6606,Damian Lillard,POR,PG,ACTIVE,85.7,70.9,1,0,0,0,0,0,0,0,0,0,0,0,0,0,0,0,0,0,0,0,0,0,0,0,65,31.4,21.66,6.63,15.11,0.44,5.52,6,0.92,2.88,7.8,0.37,4,6.2,1,0.2,2.4,2510,38.62,0.0,0.0,0.0,0.0,0.0,0.0,,38.61,38.62,-0.01,2509.65,44.2662,,0.0,0.0,0.0,THIN
3102534,Damien Inglis,NY,SF,,,,,,,,,,,,,,,,,,,,,,,,,,,,,,,,,,,,,,,,,,,,,,,0.0,0.0,0.0,0.0,0.0,0.0,,0.0,0.0,0.0,0.0,,,,,0.0,NO_SAMPLE
4431766,Damion Baugh,FA,SG,ACTIVE,,,,,,,,,,,,,,,,,,,,,,,,,,,,,,,,,,,,,,,,,,,,,,0.0,0.0,0.0,0.0,0.0,0.0,,0.0,0.0,0.0,0.0,,,,,0.0,NO_SAMPLE
2595209,Damion Lee,FA,SF,ACTIVE,,,,,,,,,,,,,,,,,,,,,,,,,,,,,,,,,,,,,,,,,,,,,,0.0,0.0,0.0,0.0,0.0,0.0,,0.0,0.0,0.0,0.0,,,,,0.0,NO_SAMPLE
2309097,Damjan Rudez,ORL,SF,,,,,,,,,,,,,,,,,,,,,,,,,,,,,,,,,,,,,,,,,,,,,,,0.0,0.0,0.0,0.0,0.0,0.0,,0.0,0.0,0.0,0.0,,,,,0.0,NO_SAMPLE
3033042,Daniel Diez,POR,SG,,,,,,,,,,,,,,,,,,,,,,,,,,,,,,,,,,,,,,,,,,,,,,,0.0,0.0,0.0,0.0,0.0,0.0,,0.0,0.0,0.0,0.0,,,,,0.0,NO_SAMPLE
2991050,Daniel Ochefu,WSH,PF,,,,,,,,,,,,,,,,,,,,,,,,,,,,,,,,,,,,,,,,,,,,,,,0.0,0.0,0.0,0.0,0.0,0.0,,0.0,0.0,0.0,0.0,,,,,0.0,NO_SAMPLE
2451037,Daniel Theis,FA,C,,,,,,,,,,,,,,,,,,,,,,,,,,,,,,,,,,,,,,,,,,,,,,,0.0,0.0,0.0,0.0,0.0,0.0,,0.0,0.0,0.0,0.0,,,,,0.0,NO_SAMPLE
3102528,Dante Exum,FA,SG,DAY_TO_DAY,,,,,,,,,,,,,,,,,,,,,,,,,,,,,,,,,,,,,,,,,,,,,,0.0,0.0,0.0,0.0,0.0,0.0,,0.0,0.0,0.0,0.0,,,,,0.0,NO_SAMPLE
2991155,Danuel House Jr.,FA,SF,,,,,,,,,,,,,,,,,,,,,,,,,,,,,,,,,,,,,,,,,,,,,,,0.0,0.0,0.0,0.0,0.0,0.0,,0.0,0.0,0.0,0.0,,,,,0.0,NO_SAMPLE
5142620,Darius Acuff Jr.,SAC,PG,ACTIVE,52.9,108,,,,,,,,,,,,,,,,,,,,,,,,,73,30.6,16.9,6.04,13.6,0.44,3.96,4.7,0.84,0.86,2.3,0.38,3.3,5.9,1.1,0.3,2.9,2219,30.4,0.0,0.0,0.0,0.0,0.0,0.0,,30.4,30.4,0.0,2219.2,35.7647,,,,0.0,NO_SAMPLE
2578259,Darrun Hilliard,SA,SF,,,,,,,,,,,,,,,,,,,,,,,,,,,,,,,,,,,,,,,,,,,,,,,0.0,0.0,0.0,0.0,0.0,0.0,,0.0,0.0,0.0,0.0,,,,,0.0,NO_SAMPLE
5041955,Darryn Peterson,UTAH,PG/SG,ACTIVE,66,109,,,,,,,,,,,,,,,,,,,,,,,,,73,29.7,19.44,7.04,15.6,0.45,4.44,5.4,0.82,0.92,2.51,0.37,3.79,2.79,1.3,0.3,2.3,2122,29.07,0.0,0.0,0.0,0.0,0.0,0.0,,29.05,29.07,-0.02,2120.65,35.2121,,,,0.0,NO_SAMPLE
4066243,Daryl Macon,MIA,SG,,,,,,,,,,,,,,,,,,,,,,,,,,,,,,,,,,,,,,,,,,,,,,,0.0,0.0,0.0,0.0,0.0,0.0,,0.0,0.0,0.0,0.0,,,,,0.0,NO_SAMPLE
4397107,David Duke Jr.,FA,SG,ACTIVE,,,,,,,,,,,,,,,,,,,,,,,,,,,,,,,,,,,,,,,,,,,,,,0.0,0.0,0.0,0.0,0.0,0.0,,0.0,0.0,0.0,0.0,,,,,0.0,NO_SAMPLE
4017875,David Michineau,LAC,SG,,,,,,,,,,,,,,,,,,,,,,,,,,,,,,,,,,,,,,,,,,,,,,,0.0,0.0,0.0,0.0,0.0,0.0,,0.0,0.0,0.0,0.0,,,,,0.0,NO_SAMPLE
3062744,David Nwaba,OKC,SG,,,,,,,,,,,,,,,,,,,,,,,,,,,,,,,,,,,,,,,,,,,,,,,0.0,0.0,0.0,0.0,0.0,0.0,,0.0,0.0,0.0,0.0,,,,,0.0,NO_SAMPLE
2489664,David Stockton,FA,PG,,,,,,,,,,,,,,,,,,,,,,,,,,,,,,,,,,,,,,,,,,,,,,,0.0,0.0,0.0,0.0,0.0,0.0,,0.0,0.0,0.0,0.0,,,,,0.0,NO_SAMPLE
2578232,DeAndre Daniels,FA,SF,,,,,,,,,,,,,,,,,,,,,,,,,,,,,,,,,,,,,,,,,,,,,,,0.0,0.0,0.0,0.0,0.0,0.0,,0.0,0.0,0.0,0.0,,,,,0.0,NO_SAMPLE
3138256,DeVaughn Akoon-Purcell,OKC,SG,,,,,,,,,,,,,,,,,,,,,,,,,,,,,,,,,,,,,,,,,,,,,,,0.0,0.0,0.0,0.0,0.0,0.0,,0.0,0.0,0.0,0.0,,,,,0.0,NO_SAMPLE
2327630,Dee Bost,FA,PG,,,,,,,,,,,,,,,,,,,,,,,,,,,,,,,,,,,,,,,,,,,,,,,0.0,0.0,0.0,0.0,0.0,0.0,,0.0,0.0,0.0,0.0,,,,,0.0,NO_SAMPLE
3064447,Delon Wright,FA,PG,ACTIVE,,,,,,,,,,,,,,,,,,,,,,,,,,,,,,,,,,,,,,,,,,,,,,0.0,0.0,0.0,0.0,0.0,0.0,,0.0,0.0,0.0,0.0,,,,,0.0,NO_SAMPLE
3908807,Deng Adel,BKN,SF,,,,,,,,,,,,,,,,,,,,,,,,,,,,,,,,,,,,,,,,,,,,,,,0.0,0.0,0.0,0.0,0.0,0.0,,0.0,0.0,0.0,0.0,,,,,0.0,NO_SAMPLE
3059358,Deonte Burton,SAC,SG,,,,,,,,,,,,,,,,,,,,,,,,,,,,,,,,,,,,,,,,,,,,,,,0.0,0.0,0.0,0.0,0.0,0.0,,0.0,0.0,0.0,0.0,,,,,0.0,NO_SAMPLE
4431811,Dereon Seabron,FA,SG,,,,,,,,,,,,,,,,,,,,,,,,,,,,,,,,,,,,,,,,,,,,,,,0.0,0.0,0.0,0.0,0.0,0.0,,0.0,0.0,0.0,0.0,,,,,0.0,NO_SAMPLE
3056273,Derrick Walton Jr.,DET,PG,,,,,,,,,,,,,,,,,,,,,,,,,,,,,,,,,,,,,,,,,,,,,,,0.0,0.0,0.0,0.0,0.0,0.0,,0.0,0.0,0.0,0.0,,,,,0.0,NO_SAMPLE
3906977,Devin Cannady,ORL,PG,,,,,,,,,,,,,,,,,,,,,,,,,,,,,,,,,,,,,,,,,,,,,,,0.0,0.0,0.0,0.0,0.0,0.0,,0.0,0.0,0.0,0.0,,,,,0.0,NO_SAMPLE
3137798,Devin Robinson,TOR,SF,,,,,,,,,,,,,,,,,,,,,,,,,,,,,,,,,,,,,,,,,,,,,,,0.0,0.0,0.0,0.0,0.0,0.0,,0.0,0.0,0.0,0.0,,,,,0.0,NO_SAMPLE
4397016,Devon Dotson,WSH,PG,,,,,,,,,,,,,,,,,,,,,,,,,,,,,,,,,,,,,,,,,,,,,,,0.0,0.0,0.0,0.0,0.0,0.0,,0.0,0.0,0.0,0.0,,,,,0.0,NO_SAMPLE
3946974,Devontae Cacok,POR,C,,,,,,,,,,,,,,,,,,,,,,,,,,,,,,,,,,,,,,,,,,,,,,,0.0,0.0,0.0,0.0,0.0,0.0,,0.0,0.0,0.0,0.0,,,,,0.0,NO_SAMPLE
2580913,Dewayne Dedmon,PHI,C,,,,,,,,,,,,,,,,,,,,,,,,,,,,,,,,,,,,,,,,,,,,,,,0.0,0.0,0.0,0.0,0.0,0.0,,0.0,0.0,0.0,0.0,,,,,0.0,NO_SAMPLE
3924880,Diamond Stone,CHI,C,,,,,,,,,,,,,,,,,,,,,,,,,,,,,,,,,,,,,,,,,,,,,,,0.0,0.0,0.0,0.0,0.0,0.0,,0.0,0.0,0.0,0.0,,,,,0.0,NO_SAMPLE
5106283,Dillon Mitchell,BOS,SF,ACTIVE,,,,,,,,,,,,,,,,,,,,,,,,,,,,,,,,,,,,,,,,,,,,,,0.0,0.0,0.0,0.0,0.0,0.0,,0.0,0.0,0.0,0.0,,,,,0.0,NO_SAMPLE
3899663,Dimitrios Agravanis,SAC,PF,,,,,,,,,,,,,,,,,,,,,,,,,,,,,,,,,,,,,,,,,,,,,,,0.0,0.0,0.0,0.0,0.0,0.0,,0.0,0.0,0.0,0.0,,,,,0.0,NO_SAMPLE
3907408,Donta Hall,ORL,PF,,,,,,,,,,,,,,,,,,,,,,,,,,,,,,,,,,,,,,,,,,,,,,,0.0,0.0,0.0,0.0,0.0,0.0,,0.0,0.0,0.0,0.0,,,,,0.0,NO_SAMPLE
3129674,Donte Grantham,LAC,SF,,,,,,,,,,,,,,,,,,,,,,,,,,,,,,,,,,,,,,,,,,,,,,,0.0,0.0,0.0,0.0,0.0,0.0,,0.0,0.0,0.0,0.0,,,,,0.0,NO_SAMPLE
2327465,Drew Gordon,PHI,PF,,,,,,,,,,,,,,,,,,,,,,,,,,,,,,,,,,,,,,,,,,,,,,,0.0,0.0,0.0,0.0,0.0,0.0,,0.0,0.0,0.0,0.0,,,,,0.0,NO_SAMPLE
4397235,Duane Washington Jr.,FA,PG,,,,,,,,,,,,,,,,,,,,,,,,,,,,,,,,,,,,,,,,,,,,,,,0.0,0.0,0.0,0.0,0.0,0.0,,0.0,0.0,0.0,0.0,,,,,0.0,NO_SAMPLE
2528244,Duje Dukan,SAC,PF,,,,,,,,,,,,,,,,,,,,,,,,,,,,,,,,,,,,,,,,,,,,,,,0.0,0.0,0.0,0.0,0.0,0.0,,0.0,0.0,0.0,0.0,,,,,0.0,NO_SAMPLE
3001309,Dusty Hannahs,MEM,SG,,,,,,,,,,,,,,,,,,,,,,,,,,,,,,,,,,,,,,,,,,,,,,,0.0,0.0,0.0,0.0,0.0,0.0,,0.0,0.0,0.0,0.0,,,,,0.0,NO_SAMPLE
6503,Dwight Buycks,DET,PG,,,,,,,,,,,,,,,,,,,,,,,,,,,,,,,,,,,,,,,,,,,,,,,0.0,0.0,0.0,0.0,0.0,0.0,,0.0,0.0,0.0,0.0,,,,,0.0,NO_SAMPLE
5258459,Ebuka Okorie,DET,PG/SG,ACTIVE,,,,,,,,,,,,,,,,,,,,,,,,,,,,,,,,,,,,,,,,,,,,,,0.0,0.0,0.0,0.0,0.0,0.0,,0.0,0.0,0.0,0.0,,,,,0.0,NO_SAMPLE
3033031,Edy Tavares,CLE,C,,,,,,,,,,,,,,,,,,,,,,,,,,,,,,,,,,,,,,,,,,,,,,,0.0,0.0,0.0,0.0,0.0,0.0,,0.0,0.0,0.0,0.0,,,,,0.0,NO_SAMPLE
2583639,Elfrid Payton,SAC,PG,ACTIVE,,,,,,,,,,,,,,,,,,,,,,,,,,,,,,,,,,,,,,,,,,,,,,0.0,0.0,0.0,0.0,0.0,0.0,,0.0,0.0,0.0,0.0,,,,,0.0,NO_SAMPLE
5144071,Eli John Ndiaye,FA,PF,DAY_TO_DAY,,,,,,,,,,,,,,,,,,,,,,,,,,,,,,,,,,,,,,,,,,,,,,0.0,0.0,0.0,0.0,0.0,0.0,,0.0,0.0,0.0,0.0,,,,,0.0,NO_SAMPLE
5106058,Emanuel Sharp,SAC,SG,ACTIVE,,,,,,,,,,,,,,,,,,,,,,,,,,,,,,,,,,,,,,,,,,,,,,0.0,0.0,0.0,0.0,0.0,0.0,,0.0,0.0,0.0,0.0,,,,,0.0,NO_SAMPLE
4355392,Emanuel Terry,PHX,PF,,,,,,,,,,,,,,,,,,,,,,,,,,,,,,,,,,,,,,,,,,,,,,,0.0,0.0,0.0,0.0,0.0,0.0,,0.0,0.0,0.0,0.0,,,,,0.0,NO_SAMPLE
4433620,Emoni Bates,FA,SF,DAY_TO_DAY,,,,,,,,,,,,,,,,,,,,,,,,,,,,,,,,,,,,,,,,,,,,,,0.0,0.0,0.0,0.0,0.0,0.0,,0.0,0.0,0.0,0.0,,,,,0.0,NO_SAMPLE
2531045,Eric Atkins,UTAH,PG,,,,,,,,,,,,,,,,,,,,,,,,,,,,,,,,,,,,,,,,,,,,,,,0.0,0.0,0.0,0.0,0.0,0.0,,0.0,0.0,0.0,0.0,,,,,0.0,NO_SAMPLE
2528646,Eric Griffin,UTAH,SF,,,,,,,,,,,,,,,,,,,,,,,,,,,,,,,,,,,,,,,,,,,,,,,0.0,0.0,0.0,0.0,0.0,0.0,,0.0,0.0,0.0,0.0,,,,,0.0,NO_SAMPLE
3065284,Eric Mika,SAC,C,,,,,,,,,,,,,,,,,,,,,,,,,,,,,,,,,,,,,,,,,,,,,,,0.0,0.0,0.0,0.0,0.0,0.0,,0.0,0.0,0.0,0.0,,,,,0.0,NO_SAMPLE
2531352,Eric Moreland,OKC,PF,,,,,,,,,,,,,,,,,,,,,,,,,,,,,,,,,,,,,,,,,,,,,,,0.0,0.0,0.0,0.0,0.0,0.0,,0.0,0.0,0.0,0.0,,,,,0.0,NO_SAMPLE
2994165,Erik McCree,UTAH,SF,,,,,,,,,,,,,,,,,,,,,,,,,,,,,,,,,,,,,,,,,,,,,,,0.0,0.0,0.0,0.0,0.0,0.0,,0.0,0.0,0.0,0.0,,,,,0.0,NO_SAMPLE
4066410,Eugene Omoruyi,FA,SF,ACTIVE,,,,,,,,,,,,,,,,,,,,,,,,,,,,,,,,,,,,,,,,,,,,,,0.0,0.0,0.0,0.0,0.0,0.0,,0.0,0.0,0.0,0.0,,,,,0.0,NO_SAMPLE
2968334,Facundo Campazzo,DAL,PG,,,,,,,,,,,,,,,,,,,,,,,,,,,,,,,,,,,,,,,,,,,,,,,0.0,0.0,0.0,0.0,0.0,0.0,,0.0,0.0,0.0,0.0,,,,,0.0,NO_SAMPLE
5105841,Felix Okpara,WSH,PF,ACTIVE,,,,,,,,,,,,,,,,,,,,,,,,,,,,,,,,,,,,,,,,,,,,,,0.0,0.0,0.0,0.0,0.0,0.0,,0.0,0.0,0.0,0.0,,,,,0.0,NO_SAMPLE
4396638,Feron Hunt,FA,PF,ACTIVE,,,,,,,,,,,,,,,,,,,,,,,,,,,,,,,,,,,,,,,,,,,,,,0.0,0.0,0.0,0.0,0.0,0.0,,0.0,0.0,0.0,0.0,,,,,0.0,NO_SAMPLE
2991230,Fred VanVleet,HOU,PG/SG,DAY_TO_DAY,47.9,108.6,,,,,,,,,,,,,,,,,,,,,,,0,0,68,32.2,13.97,4.71,11.9,0.4,2.01,2.4,0.84,2.54,7,0.36,3.4,6,1.29,0.5,1.4,2273,33.43,0.0,0.0,0.0,0.0,0.0,0.0,,33.4,33.43,-0.03,2271.2,37.3416,,,,0.0,NO_SAMPLE
4277886,Freddie Gillespie,ORL,PF,,,,,,,,,,,,,,,,,,,,,,,,,,,,,,,,,,,,,,,,,,,,,,,0.0,0.0,0.0,0.0,0.0,0.0,,0.0,0.0,0.0,0.0,,,,,0.0,NO_SAMPLE
3929321,Gabriel Deck,OKC,SF,,,,,,,,,,,,,,,,,,,,,,,,,,,,,,,,,,,,,,,,,,,,,,,0.0,0.0,0.0,0.0,0.0,0.0,,0.0,0.0,0.0,0.0,,,,,0.0,NO_SAMPLE
4871139,Gabriele Procida,DET,SG,,,,,,,,,,,,,,,,,,,,,,,,,,,,,,,,,,,,,,,,,,,,,,,0.0,0.0,0.0,0.0,0.0,0.0,,0.0,0.0,0.0,0.0,,,,,0.0,NO_SAMPLE
3132042,Gary Clark,NO,PF,,,,,,,,,,,,,,,,,,,,,,,,,,,,,,,,,,,,,,,,,,,,,,,0.0,0.0,0.0,0.0,0.0,0.0,,0.0,0.0,0.0,0.0,,,,,0.0,NO_SAMPLE
2990969,Georges Niang,GS,PF,DAY_TO_DAY,,,,,,,,,,,,,,,,,,,,,,,,,,,,,,,,,,,,,,,,,,,,,,0.0,0.0,0.0,0.0,0.0,0.0,,0.0,0.0,0.0,0.0,,,,,0.0,NO_SAMPLE
4017846,Georgios Papagiannis,POR,C,,,,,,,,,,,,,,,,,,,,,,,,,,,,,,,,,,,,,,,,,,,,,,,0.0,0.0,0.0,0.0,0.0,0.0,,0.0,0.0,0.0,0.0,,,,,0.0,NO_SAMPLE
3137694,Gian Clavell,DAL,SG,,,,,,,,,,,,,,,,,,,,,,,,,,,,,,,,,,,,,,,,,,,,,,,0.0,0.0,0.0,0.0,0.0,0.0,,0.0,0.0,0.0,0.0,,,,,0.0,NO_SAMPLE
2991009,Grant Jerrett,POR,PF,,,,,,,,,,,,,,,,,,,,,,,,,,,,,,,,,,,,,,,,,,,,,,,0.0,0.0,0.0,0.0,0.0,0.0,,0.0,0.0,0.0,0.0,,,,,0.0,NO_SAMPLE
2594920,Greg Whittington,DEN,SF,,,,,,,,,,,,,,,,,,,,,,,,,,,,,,,,,,,,,,,,,,,,,,,0.0,0.0,0.0,0.0,0.0,0.0,,0.0,0.0,0.0,0.0,,,,,0.0,NO_SAMPLE
5281370,Hannes Steinbach,CHA,PF,ACTIVE,1.4,140.3,,,,,,,,,,,,,,,,,,,,,,,,,71,17.9,7.07,2.79,5.9,0.47,1.3,1.7,0.76,0.2,0.61,0.32,4.1,1.1,0.7,0.9,0.9,1239,17.45,0.0,0.0,0.0,0.0,0.0,0.0,,17.45,17.45,0.0,1238.95,35.095,,,,0.0,NO_SAMPLE
4066221,Hassani Gravett,ORL,PG,,,,,,,,,,,,,,,,,,,,,,,,,,,,,,,,,,,,,,,,,,,,,,,0.0,0.0,0.0,0.0,0.0,0.0,,0.0,0.0,0.0,0.0,,,,,0.0,NO_SAMPLE
5105571,Henri Veesaar,ATL,C,OUT,,,,,,,,,,,,,,,,,,,,,,,,,,,,,,,,,,,,,,,,,,,,,,0.0,0.0,0.0,0.0,0.0,0.0,,0.0,0.0,0.0,0.0,,,,,0.0,NO_SAMPLE
6634,Hollis Thompson,SAC,SF,,,,,,,,,,,,,,,,,,,,,,,,,,,,,,,,,,,,,,,,,,,,,,,0.0,0.0,0.0,0.0,0.0,0.0,,0.0,0.0,0.0,0.0,,,,,0.0,NO_SAMPLE
4871138,Hugo Besson,IND,PG,,,,,,,,,,,,,,,,,,,,,,,,,,,,,,,,,,,,,,,,,,,,,,,0.0,0.0,0.0,0.0,0.0,0.0,,0.0,0.0,0.0,0.0,,,,,0.0,NO_SAMPLE
2489785,Ian Clark,NO,SG,ACTIVE,,,,,,,,,,,,,,,,,,,,,,,,,,,,,,,,,,,,,,,,,,,,,,0.0,0.0,0.0,0.0,0.0,0.0,,0.0,0.0,0.0,0.0,,,,,0.0,NO_SAMPLE
4871140,Ibou Badji,FA,C,DAY_TO_DAY,,,,,,,,,,,,,,,,,,,,,,,,,,,,,,,,,,,,,,,,,,,,,,0.0,0.0,0.0,0.0,0.0,0.0,,0.0,0.0,0.0,0.0,,,,,0.0,NO_SAMPLE
3926491,Isaac Humphries,ORL,C,,,,,,,,,,,,,,,,,,,,,,,,,,,,,,,,,,,,,,,,,,,,,,,0.0,0.0,0.0,0.0,0.0,0.0,,0.0,0.0,0.0,0.0,,,,,0.0,NO_SAMPLE
4017845,Isaia Cordinier,ATL,SG,,,,,,,,,,,,,,,,,,,,,,,,,,,,,,,,,,,,,,,,,,,,,,,0.0,0.0,0.0,0.0,0.0,0.0,,0.0,0.0,0.0,0.0,,,,,0.0,NO_SAMPLE
3936294,Isaiah Briscoe,ORL,PG,,,,,,,,,,,,,,,,,,,,,,,,,,,,,,,,,,,,,,,,,,,,,,,0.0,0.0,0.0,0.0,0.0,0.0,,0.0,0.0,0.0,0.0,,,,,0.0,NO_SAMPLE
2990983,Isaiah Cousins,UTAH,SG,,,,,,,,,,,,,,,,,,,,,,,,,,,,,,,,,,,,,,,,,,,,,,,0.0,0.0,0.0,0.0,0.0,0.0,,0.0,0.0,0.0,0.0,,,,,0.0,NO_SAMPLE
5061585,Isaiah Evans,MIN,SG,ACTIVE,,,,,,,,,,,,,,,,,,,,,,,,,,,,,,,,,,,,,,,,,,,,,,0.0,0.0,0.0,0.0,0.0,0.0,,0.0,0.0,0.0,0.0,,,,,0.0,NO_SAMPLE
3074765,Isaiah Hicks,NY,PF,,,,,,,,,,,,,,,,,,,,,,,,,,,,,,,,,,,,,,,,,,,,,,,0.0,0.0,0.0,0.0,0.0,0.0,,0.0,0.0,0.0,0.0,,,,,0.0,NO_SAMPLE
4432815,Isaiah Mobley,PHI,PF,,,,,,,,,,,,,,,,,,,,,,,,,,,,,,,,,,,,,,,,,,,,,,,0.0,0.0,0.0,0.0,0.0,0.0,,0.0,0.0,0.0,0.0,,,,,0.0,NO_SAMPLE
3059336,Isaiah Taylor,TOR,PG,,,,,,,,,,,,,,,,,,,,,,,,,,,,,,,,,,,,,,,,,,,,,,,0.0,0.0,0.0,0.0,0.0,0.0,,0.0,0.0,0.0,0.0,,,,,0.0,NO_SAMPLE
4431727,Isaiah Wong,FA,PG,ACTIVE,,,,,,,,,,,,,,,,,,,,,,,,,,,,,,,,,,,,,,,,,,,,,,0.0,0.0,0.0,0.0,0.0,0.0,,0.0,0.0,0.0,0.0,,,,,0.0,NO_SAMPLE
4305,Ish Smith,FA,PG,,,,,,,,,,,,,,,,,,,,,,,,,,,,,,,,,,,,,,,,,,,,,,,0.0,0.0,0.0,0.0,0.0,0.0,,0.0,0.0,0.0,0.0,,,,,0.0,NO_SAMPLE
3059307,Ish Wainright,FA,PF,,,,,,,,,,,,,,,,,,,,,,,,,,,,,,,,,,,,,,,,,,,,,,,0.0,0.0,0.0,0.0,0.0,0.0,,0.0,0.0,0.0,0.0,,,,,0.0,NO_SAMPLE
4997529,Ismael Kamagate,POR,C,,,,,,,,,,,,,,,,,,,,,,,,,,,,,,,,,,,,,,,,,,,,,,,0.0,0.0,0.0,0.0,0.0,0.0,,0.0,0.0,0.0,0.0,,,,,0.0,NO_SAMPLE
4348701,Issuf Sanon,WSH,PG,,,,,,,,,,,,,,,,,,,,,,,,,,,,,,,,,,,,,,,,,,,,,,,0.0,0.0,0.0,0.0,0.0,0.0,,0.0,0.0,0.0,0.0,,,,,0.0,NO_SAMPLE
5107251,Izaiyah Nelson,ORL,PF,OUT,,,,,,,,,,,,,,,,,,,,,,,,,,,,,,,,,,,,,,,,,,,,,,0.0,0.0,0.0,0.0,0.0,0.0,,0.0,0.0,0.0,0.0,,,,,0.0,NO_SAMPLE
3055,J.J. Barea,DAL,PG,,,,,,,,,,,,,,,,,,,,,,,,,,,,,,,,,,,,,,,,,,,,,,,0.0,0.0,0.0,0.0,0.0,0.0,,0.0,0.0,0.0,0.0,,,,,0.0,NO_SAMPLE
2528374,J.J. O'Brien,MIL,SF,,,,,,,,,,,,,,,,,,,,,,,,,,,,,,,,,,,,,,,,,,,,,,,0.0,0.0,0.0,0.0,0.0,0.0,,0.0,0.0,0.0,0.0,,,,,0.0,NO_SAMPLE
3136483,J.P. Macura,CLE,SG,,,,,,,,,,,,,,,,,,,,,,,,,,,,,,,,,,,,,,,,,,,,,,,0.0,0.0,0.0,0.0,0.0,0.0,,0.0,0.0,0.0,0.0,,,,,0.0,NO_SAMPLE
2982331,J.P. Tokoto,NY,SG,,,,,,,,,,,,,,,,,,,,,,,,,,,,,,,,,,,,,,,,,,,,,,,0.0,0.0,0.0,0.0,0.0,0.0,,0.0,0.0,0.0,0.0,,,,,0.0,NO_SAMPLE
4702233,JT Thor,FA,PF,ACTIVE,,,,,,,,,,,,,,,,,,,,,,,,,,,,,,,,,,,,,,,,,,,,,,0.0,0.0,0.0,0.0,0.0,0.0,,0.0,0.0,0.0,0.0,,,,,0.0,NO_SAMPLE
5107968,Ja'Kobi Gillespie,SA,PG,ACTIVE,,,,,,,,,,,,,,,,,,,,,,,,,,,,,,,,,,,,,,,,,,,,,,0.0,0.0,0.0,0.0,0.0,0.0,,0.0,0.0,0.0,0.0,,,,,0.0,NO_SAMPLE
2608891,JaKarr Sampson,IND,PF,,,,,,,,,,,,,,,,,,,,,,,,,,,,,,,,,,,,,,,,,,,,,,,0.0,0.0,0.0,0.0,0.0,0.0,,0.0,0.0,0.0,0.0,,,,,0.0,NO_SAMPLE
2327577,JaMychal Green,GS,PF,,,,,,,,,,,,,,,,,,,,,,,,,,,,,,,,,,,,,,,,,,,,,,,0.0,0.0,0.0,0.0,0.0,0.0,,0.0,0.0,0.0,0.0,,,,,0.0,NO_SAMPLE
4066496,JaQuori McLaughlin,DAL,PG,,,,,,,,,,,,,,,,,,,,,,,,,,,,,,,,,,,,,,,,,,,,,,,0.0,0.0,0.0,0.0,0.0,0.0,,0.0,0.0,0.0,0.0,,,,,0.0,NO_SAMPLE
2580784,Jabari Brown,MIL,SG,,,,,,,,,,,,,,,,,,,,,,,,,,,,,,,,,,,,,,,,,,,,,,,0.0,0.0,0.0,0.0,0.0,0.0,,0.0,0.0,0.0,0.0,,,,,0.0,NO_SAMPLE
5234862,Jack Kayil,FA,PG/SG,ACTIVE,,,,,,,,,,,,,,,,,,,,,,,,,,,,,,,,,,,,,,,,,,,,,,0.0,0.0,0.0,0.0,0.0,0.0,,0.0,0.0,0.0,0.0,,,,,0.0,NO_SAMPLE
3911893,Jack McVeigh,HOU,PF,,,,,,,,,,,,,,,,,,,,,,,,,,,,,,,,,,,,,,,,,,,,,,,0.0,0.0,0.0,0.0,0.0,0.0,,0.0,0.0,0.0,0.0,,,,,0.0,NO_SAMPLE
4065653,Jack White,FA,SF,ACTIVE,,,,,,,,,,,,,,,,,,,,,,,,,,,,,,,,,,,,,,,,,,,,,,0.0,0.0,0.0,0.0,0.0,0.0,,0.0,0.0,0.0,0.0,,,,,0.0,NO_SAMPLE
4066889,Jackson Rowe,FA,PF,ACTIVE,,,,,,,,,,,,,,,,,,,,,,,,,,,,,,,,,,,,,,,,,,,,,,0.0,0.0,0.0,0.0,0.0,0.0,,0.0,0.0,0.0,0.0,,,,,0.0,NO_SAMPLE
4278378,Jacob Gilyard,FA,PG,,,,,,,,,,,,,,,,,,,,,,,,,,,,,,,,,,,,,,,,,,,,,,,0.0,0.0,0.0,0.0,0.0,0.0,,0.0,0.0,0.0,0.0,,,,,0.0,NO_SAMPLE
2995079,Jacob Wiley,BKN,SF,,,,,,,,,,,,,,,,,,,,,,,,,,,,,,,,,,,,,,,,,,,,,,,0.0,0.0,0.0,0.0,0.0,0.0,,0.0,0.0,0.0,0.0,,,,,0.0,NO_SAMPLE
4432737,Jaden Bradley,TOR,PG,ACTIVE,,,,,,,,,,,,,,,,,,,,,,,,,,,,,,,,,,,,,,,,,,,,,,0.0,0.0,0.0,0.0,0.0,0.0,,0.0,0.0,0.0,0.0,,,,,0.0,NO_SAMPLE
4432164,Jaden Springer,FA,SG,ACTIVE,,,,,,,,,,,,,,,,,,,,,,,,,,,,,,,,,,,,,,,,,,,,,,0.0,0.0,0.0,0.0,0.0,0.0,,0.0,0.0,0.0,0.0,,,,,0.0,NO_SAMPLE
6581,Jae Crowder,FA,PF,ACTIVE,,,,,,,,,,,,,,,,,,,,,,,,,,,,,,,,,,,,,,,,,,,,,,0.0,0.0,0.0,0.0,0.0,0.0,,0.0,0.0,0.0,0.0,,,,,0.0,NO_SAMPLE
3135048,Jahlil Okafor,IND,C,,,,,,,,,,,,,,,,,,,,,,,,,,,,,,,,,,,,,,,,,,,,,,,0.0,0.0,0.0,0.0,0.0,0.0,,0.0,0.0,0.0,0.0,,,,,0.0,NO_SAMPLE
4396682,Jaime Echenique,WSH,C,,,,,,,,,,,,,,,,,,,,,,,,,,,,,,,,,,,,,,,,,,,,,,,0.0,0.0,0.0,0.0,0.0,0.0,,0.0,0.0,0.0,0.0,,,,,0.0,NO_SAMPLE
4432946,Jalen Bridges,FA,SF,ACTIVE,,,,,,,,,,,,,,,,,,,,,,,,,,,,,,,,,,,,,,,,,,,,,,0.0,0.0,0.0,0.0,0.0,0.0,,0.0,0.0,0.0,0.0,,,,,0.0,NO_SAMPLE
5105797,Jalen Hood-Schifino,FA,SG,,,,,,,,,,,,,,,,,,,,,,,,,,,,,,,,,,,,,,,,,,,,,,,0.0,0.0,0.0,0.0,0.0,0.0,,0.0,0.0,0.0,0.0,,,,,0.0,NO_SAMPLE
2579476,Jalen Jones,WSH,SF,,,,,,,,,,,,,,,,,,,,,,,,,,,,,,,,,,,,,,,,,,,,,,,0.0,0.0,0.0,0.0,0.0,0.0,,0.0,0.0,0.0,0.0,,,,,0.0,NO_SAMPLE
4423887,Jalen Lecque,MIL,PG,,,,,,,,,,,,,,,,,,,,,,,,,,,,,,,,,,,,,,,,,,,,,,,0.0,0.0,0.0,0.0,0.0,0.0,,0.0,0.0,0.0,0.0,,,,,0.0,NO_SAMPLE
4066731,Jalen McDaniels,FA,PF,ACTIVE,,,,,,,,,,,,,,,,,,,,,,,,,,,,,,,,,,,,,,,,,,,,,,0.0,0.0,0.0,0.0,0.0,0.0,,0.0,0.0,0.0,0.0,,,,,0.0,NO_SAMPLE
2982185,Jameel Warney,DAL,PF,,,,,,,,,,,,,,,,,,,,,,,,,,,,,,,,,,,,,,,,,,,,,,,0.0,0.0,0.0,0.0,0.0,0.0,,0.0,0.0,0.0,0.0,,,,,0.0,NO_SAMPLE
3059276,Jamel Artis,LAC,SG,,,,,,,,,,,,,,,,,,,,,,,,,,,,,,,,,,,,,,,,,,,,,,,0.0,0.0,0.0,0.0,0.0,0.0,,0.0,0.0,0.0,0.0,,,,,0.0,NO_SAMPLE
3999,James Johnson,IND,PF,ACTIVE,,,,,,,,,,,,,,,,,,,,,,,,,,,,,,,,,,,,,,,,,,,,,,0.0,0.0,0.0,0.0,0.0,0.0,,0.0,0.0,0.0,0.0,,,,,0.0,NO_SAMPLE
2594818,James Michael McAdoo,PHI,PF,,,,,,,,,,,,,,,,,,,,,,,,,,,,,,,,,,,,,,,,,,,,,,,0.0,0.0,0.0,0.0,0.0,0.0,,0.0,0.0,0.0,0.0,,,,,0.0,NO_SAMPLE
5144059,James Nnaji,CHA,C,,,,,,,,,,,,,,,,,,,,,,,,,,,,,,,,,,,,,,,,,,,,,,,0.0,0.0,0.0,0.0,0.0,0.0,,0.0,0.0,0.0,0.0,,,,,0.0,NO_SAMPLE
2326411,James Nunnally,NO,SG,,,,,,,,,,,,,,,,,,,,,,,,,,,,,,,,,,,,,,,,,,,,,,,0.0,0.0,0.0,0.0,0.0,0.0,,0.0,0.0,0.0,0.0,,,,,0.0,NO_SAMPLE
3079021,James Webb III,BKN,PF,,,,,,,,,,,,,,,,,,,,,,,,,,,,,,,,,,,,,,,,,,,,,,,0.0,0.0,0.0,0.0,0.0,0.0,,0.0,0.0,0.0,0.0,,,,,0.0,NO_SAMPLE
2488977,Jamil Wilson,LAC,PF,,,,,,,,,,,,,,,,,,,,,,,,,,,,,,,,,,,,,,,,,,,,,,,0.0,0.0,0.0,0.0,0.0,0.0,,0.0,0.0,0.0,0.0,,,,,0.0,NO_SAMPLE
4278566,Jamorko Pickett,DEN,PF,,,,,,,,,,,,,,,,,,,,,,,,,,,,,,,,,,,,,,,,,,,,,,,0.0,0.0,0.0,0.0,0.0,0.0,,0.0,0.0,0.0,0.0,,,,,0.0,NO_SAMPLE
4395695,Jared Butler,FA,SG,ACTIVE,,,,,,,,,,,,,,,,,,,,,,,,,,,,,,,,,,,,,,,,,,,,,,0.0,0.0,0.0,0.0,0.0,0.0,,0.0,0.0,0.0,0.0,,,,,0.0,NO_SAMPLE
4066248,Jared Harper,NO,PG,,,,,,,,,,,,,,,,,,,,,,,,,,,,,,,,,,,,,,,,,,,,,,,0.0,0.0,0.0,0.0,0.0,0.0,,0.0,0.0,0.0,0.0,,,,,0.0,NO_SAMPLE
4397119,Jared Rhoden,FA,SG,ACTIVE,,,,,,,,,,,,,,,,,,,,,,,,,,,,,,,,,,,,,,,,,,,,,,0.0,0.0,0.0,0.0,0.0,0.0,,0.0,0.0,0.0,0.0,,,,,0.0,NO_SAMPLE
3133843,Jared Terrell,MIN,SG,,,,,,,,,,,,,,,,,,,,,,,,,,,,,,,,,,,,,,,,,,,,,,,0.0,0.0,0.0,0.0,0.0,0.0,,0.0,0.0,0.0,0.0,,,,,0.0,NO_SAMPLE
2614962,Jarnell Stokes,MEM,PF,,,,,,,,,,,,,,,,,,,,,,,,,,,,,,,,,,,,,,,,,,,,,,,0.0,0.0,0.0,0.0,0.0,0.0,,0.0,0.0,0.0,0.0,,,,,0.0,NO_SAMPLE
4703115,Jaron Pierre Jr.,NO,SG,ACTIVE,,,,,,,,,,,,,,,,,,,,,,,,,,,,,,,,,,,,,,,,,,,,,,0.0,0.0,0.0,0.0,0.0,0.0,,0.0,0.0,0.0,0.0,,,,,0.0,NO_SAMPLE
2579293,Jarrod Uthoff,NO,PF,,,,,,,,,,,,,,,,,,,,,,,,,,,,,,,,,,,,,,,,,,,,,,,0.0,0.0,0.0,0.0,0.0,0.0,,0.0,0.0,0.0,0.0,,,,,0.0,NO_SAMPLE
4066486,Jarron Cumberland,FA,SG,ACTIVE,,,,,,,,,,,,,,,,,,,,,,,,,,,,,,,,,,,,,,,,,,,,,,0.0,0.0,0.0,0.0,0.0,0.0,,0.0,0.0,0.0,0.0,,,,,0.0,NO_SAMPLE
4065650,Javin DeLaurier,MIL,C,,,,,,,,,,,,,,,,,,,,,,,,,,,,,,,,,,,,,,,,,,,,,,,0.0,0.0,0.0,0.0,0.0,0.0,,0.0,0.0,0.0,0.0,,,,,0.0,NO_SAMPLE
4397511,Javon Freeman-Liberty,FA,PG,,,,,,,,,,,,,,,,,,,,,,,,,,,,,,,,,,,,,,,,,,,,,,,0.0,0.0,0.0,0.0,0.0,0.0,,0.0,0.0,0.0,0.0,,,,,0.0,NO_SAMPLE
5101845,Jayden Quaintance,SA,PF/C,OUT,,,,,,,,,,,,,,,,,,,,,,,,,,,,,,,,,,,,,,,,,,,,,,0.0,0.0,0.0,0.0,0.0,0.0,,0.0,0.0,0.0,0.0,,,,,0.0,NO_SAMPLE
3133874,Jaylen Adams,MIL,PG,,,,,,,,,,,,,,,,,,,,,,,,,,,,,,,,,,,,,,,,,,,,,,,0.0,0.0,0.0,0.0,0.0,0.0,,0.0,0.0,0.0,0.0,,,,,0.0,NO_SAMPLE
4395688,Jaylen Hoard,OKC,SF,,,,,,,,,,,,,,,,,,,,,,,,,,,,,,,,,,,,,,,,,,,,,,,0.0,0.0,0.0,0.0,0.0,0.0,,0.0,0.0,0.0,0.0,,,,,0.0,NO_SAMPLE
5149711,Jaylen Martin,FA,SF,,,,,,,,,,,,,,,,,,,,,,,,,,,,,,,,,,,,,,,,,,,,,,,0.0,0.0,0.0,0.0,0.0,0.0,,0.0,0.0,0.0,0.0,,,,,0.0,NO_SAMPLE
3952343,Jaylen Morris,SA,SG,,,,,,,,,,,,,,,,,,,,,,,,,,,,,,,,,,,,,,,,,,,,,,,0.0,0.0,0.0,0.0,0.0,0.0,,0.0,0.0,0.0,0.0,,,,,0.0,NO_SAMPLE
4278541,Jaylen Nowell,WSH,SG,,,,,,,,,,,,,,,,,,,,,,,,,,,,,,,,,,,,,,,,,,,,,,,0.0,0.0,0.0,0.0,0.0,0.0,,0.0,0.0,0.0,0.0,,,,,0.0,NO_SAMPLE
4708972,Jazian Gortman,FA,PG,DAY_TO_DAY,,,,,,,,,,,,,,,,,,,,,,,,,,,,,,,,,,,,,,,,,,,,,,0.0,0.0,0.0,0.0,0.0,0.0,,0.0,0.0,0.0,0.0,,,,,0.0,NO_SAMPLE
4066786,Jeff Dowtin Jr.,FA,PG,ACTIVE,,,,,,,,,,,,,,,,,,,,,,,,,,,,,,,,,,,,,,,,,,,,,,0.0,0.0,0.0,0.0,0.0,0.0,,0.0,0.0,0.0,0.0,,,,,0.0,NO_SAMPLE
4067469,Jemerrio Jones,LAL,SF,,,,,,,,,,,,,,,,,,,,,,,,,,,,,,,,,,,,,,,,,,,,,,,0.0,0.0,0.0,0.0,0.0,0.0,,0.0,0.0,0.0,0.0,,,,,0.0,NO_SAMPLE
4431816,Jesse Edwards,FA,C,ACTIVE,,,,,,,,,,,,,,,,,,,,,,,,,,,,,,,,,,,,,,,,,,,,,,0.0,0.0,0.0,0.0,0.0,0.0,,0.0,0.0,0.0,0.0,,,,,0.0,NO_SAMPLE
3058269,Joe Chealey,CHA,PG,,,,,,,,,,,,,,,,,,,,,,,,,,,,,,,,,,,,,,,,,,,,,,,0.0,0.0,0.0,0.0,0.0,0.0,,0.0,0.0,0.0,0.0,,,,,0.0,NO_SAMPLE
2528386,Joe Young,IND,PG,,,,,,,,,,,,,,,,,,,,,,,,,,,,,,,,,,,,,,,,,,,,,,,0.0,0.0,0.0,0.0,0.0,0.0,,0.0,0.0,0.0,0.0,,,,,0.0,NO_SAMPLE
4280150,Joel Ayayi,WSH,PG,,,,,,,,,,,,,,,,,,,,,,,,,,,,,,,,,,,,,,,,,,,,,,,0.0,0.0,0.0,0.0,0.0,0.0,,0.0,0.0,0.0,0.0,,,,,0.0,NO_SAMPLE
3138155,Joel Berry II,LAL,PG,,,,,,,,,,,,,,,,,,,,,,,,,,,,,,,,,,,,,,,,,,,,,,,0.0,0.0,0.0,0.0,0.0,0.0,,0.0,0.0,0.0,0.0,,,,,0.0,NO_SAMPLE
2983551,Joel Bolomboy,MIL,PF,,,,,,,,,,,,,,,,,,,,,,,,,,,,,,,,,,,,,,,,,,,,,,,0.0,0.0,0.0,0.0,0.0,0.0,,0.0,0.0,0.0,0.0,,,,,0.0,NO_SAMPLE
2959753,Joffrey Lauvergne,SA,C,,,,,,,,,,,,,,,,,,,,,,,,,,,,,,,,,,,,,,,,,,,,,,,0.0,0.0,0.0,0.0,0.0,0.0,,0.0,0.0,0.0,0.0,,,,,0.0,NO_SAMPLE
3059306,Johnathan Motley,PHX,PF,,,,,,,,,,,,,,,,,,,,,,,,,,,,,,,,,,,,,,,,,,,,,,,0.0,0.0,0.0,0.0,0.0,0.0,,0.0,0.0,0.0,0.0,,,,,0.0,NO_SAMPLE
3064528,Johnathan Williams,WSH,C,,,,,,,,,,,,,,,,,,,,,,,,,,,,,,,,,,,,,,,,,,,,,,,0.0,0.0,0.0,0.0,0.0,0.0,,0.0,0.0,0.0,0.0,,,,,0.0,NO_SAMPLE
4432356,Johnny Davis,MEM,SG,,,,,,,,,,,,,,,,,,,,,,,,,,,,,,,,,,,,,,,,,,,,,,,0.0,0.0,0.0,0.0,0.0,0.0,,0.0,0.0,0.0,0.0,,,,,0.0,NO_SAMPLE
4066378,Jon Teske,MEM,C,,,,,,,,,,,,,,,,,,,,,,,,,,,,,,,,,,,,,,,,,,,,,,,0.0,0.0,0.0,0.0,0.0,0.0,,0.0,0.0,0.0,0.0,,,,,0.0,NO_SAMPLE
2579466,Jonathon Simmons,WSH,SF,,,,,,,,,,,,,,,,,,,,,,,,,,,,,,,,,,,,,,,,,,,,,,,0.0,0.0,0.0,0.0,0.0,0.0,,0.0,0.0,0.0,0.0,,,,,0.0,NO_SAMPLE
2993873,Jordan Adams,MEM,SG,,,,,,,,,,,,,,,,,,,,,,,,,,,,,,,,,,,,,,,,,,,,,,,0.0,0.0,0.0,0.0,0.0,0.0,,0.0,0.0,0.0,0.0,,,,,0.0,NO_SAMPLE
2595592,Jordan Loyd,TOR,PG,,,,,,,,,,,,,,,,,,,,,,,,,,,,,,,,,,,,,,,,,,,,,,,0.0,0.0,0.0,0.0,0.0,0.0,,0.0,0.0,0.0,0.0,,,,,0.0,NO_SAMPLE
3064520,Jordan Mickey,MIA,PF,,,,,,,,,,,,,,,,,,,,,,,,,,,,,,,,,,,,,,,,,,,,,,,0.0,0.0,0.0,0.0,0.0,0.0,,0.0,0.0,0.0,0.0,,,,,0.0,NO_SAMPLE
4895528,Jordan Schakel,WSH,SF,,,,,,,,,,,,,,,,,,,,,,,,,,,,,,,,,,,,,,,,,,,,,,,0.0,0.0,0.0,0.0,0.0,0.0,,0.0,0.0,0.0,0.0,,,,,0.0,NO_SAMPLE
2579279,Jordan Sibert,ATL,SG,,,,,,,,,,,,,,,,,,,,,,,,,,,,,,,,,,,,,,,,,,,,,,,0.0,0.0,0.0,0.0,0.0,0.0,,0.0,0.0,0.0,0.0,,,,,0.0,NO_SAMPLE
2327449,Jorge Gutierrez,DEN,PG,,,,,,,,,,,,,,,,,,,,,,,,,,,,,,,,,,,,,,,,,,,,,,,0.0,0.0,0.0,0.0,0.0,0.0,,0.0,0.0,0.0,0.0,,,,,0.0,NO_SAMPLE
4432168,Josh Christopher,MIA,SG,,,,,,,,,,,,,,,,,,,,,,,,,,,,,,,,,,,,,,,,,,,,,,,0.0,0.0,0.0,0.0,0.0,0.0,,0.0,0.0,0.0,0.0,,,,,0.0,NO_SAMPLE
3001308,Josh Gray,BKN,PG,,,,,,,,,,,,,,,,,,,,,,,,,,,,,,,,,,,,,,,,,,,,,,,0.0,0.0,0.0,0.0,0.0,0.0,,0.0,0.0,0.0,0.0,,,,,0.0,NO_SAMPLE
4433157,Josh Hall,OKC,SF,,,,,,,,,,,,,,,,,,,,,,,,,,,,,,,,,,,,,,,,,,,,,,,0.0,0.0,0.0,0.0,0.0,0.0,,0.0,0.0,0.0,0.0,,,,,0.0,NO_SAMPLE
2531364,Josh Huestis,SA,SF,,,,,,,,,,,,,,,,,,,,,,,,,,,,,,,,,,,,,,,,,,,,,,,0.0,0.0,0.0,0.0,0.0,0.0,,0.0,0.0,0.0,0.0,,,,,0.0,NO_SAMPLE
4064727,Josh Magette,ORL,PG,,,,,,,,,,,,,,,,,,,,,,,,,,,,,,,,,,,,,,,,,,,,,,,0.0,0.0,0.0,0.0,0.0,0.0,,0.0,0.0,0.0,0.0,,,,,0.0,NO_SAMPLE
2581190,Josh Richardson,FA,SG,,,,,,,,,,,,,,,,,,,,,,,,,,,,,,,,,,,,,,,,,,,,,,,0.0,0.0,0.0,0.0,0.0,0.0,,0.0,0.0,0.0,0.0,,,,,0.0,NO_SAMPLE
4870564,Joshua Jefferson,BKN,SF/PF,DAY_TO_DAY,,,,,,,,,,,,,,,,,,,,,,,,,,,,,,,,,,,,,,,,,,,,,,0.0,0.0,0.0,0.0,0.0,0.0,,0.0,0.0,0.0,0.0,,,,,0.0,NO_SAMPLE
5144070,Juan Nunez,FA,PG,,,,,,,,,,,,,,,,,,,,,,,,,,,,,,,,,,,,,,,,,,,,,,,0.0,0.0,0.0,0.0,0.0,0.0,,0.0,0.0,0.0,0.0,,,,,0.0,NO_SAMPLE
4401416,Juan Toscano-Anderson,FA,SF,,,,,,,,,,,,,,,,,,,,,,,,,,,,,,,,,,,,,,,,,,,,,,,0.0,0.0,0.0,0.0,0.0,0.0,,0.0,0.0,0.0,0.0,,,,,0.0,NO_SAMPLE
2579492,Julian Washburn,GS,SF,,,,,,,,,,,,,,,,,,,,,,,,,,,,,,,,,,,,,,,,,,,,,,,0.0,0.0,0.0,0.0,0.0,0.0,,0.0,0.0,0.0,0.0,,,,,0.0,NO_SAMPLE
2284101,Justin Holiday,FA,SG,,,,,,,,,,,,,,,,,,,,,,,,,,,,,,,,,,,,,,,,,,,,,,,0.0,0.0,0.0,0.0,0.0,0.0,,0.0,0.0,0.0,0.0,,,,,0.0,NO_SAMPLE
4066373,Justin Jackson,ORL,SF,,,,,,,,,,,,,,,,,,,,,,,,,,,,,,,,,,,,,,,,,,,,,,,0.0,0.0,0.0,0.0,0.0,0.0,,0.0,0.0,0.0,0.0,,,,,0.0,NO_SAMPLE
4278111,Justin Minaya,ORL,SF,,,,,,,,,,,,,,,,,,,,,,,,,,,,,,,,,,,,,,,,,,,,,,,0.0,0.0,0.0,0.0,0.0,0.0,,0.0,0.0,0.0,0.0,,,,,0.0,NO_SAMPLE
3945566,Justin Robinson,DET,PG,,,,,,,,,,,,,,,,,,,,,,,,,,,,,,,,,,,,,,,,,,,,,,,0.0,0.0,0.0,0.0,0.0,0.0,,0.0,0.0,0.0,0.0,,,,,0.0,NO_SAMPLE
3934721,Juwan Morgan,LAC,SF,,,,,,,,,,,,,,,,,,,,,,,,,,,,,,,,,,,,,,,,,,,,,,,0.0,0.0,0.0,0.0,0.0,0.0,,0.0,0.0,0.0,0.0,,,,,0.0,NO_SAMPLE
4431828,KJ Martin,MIN,SF,ACTIVE,,,,,,,,,,,,,,,,,,,,,,,,,,,,,,,,,,,,,,,,,,,,,,0.0,0.0,0.0,0.0,0.0,0.0,,0.0,0.0,0.0,0.0,,,,,0.0,NO_SAMPLE
2566741,KJ McDaniels,OKC,SF,,,,,,,,,,,,,,,,,,,,,,,,,,,,,,,,,,,,,,,,,,,,,,,0.0,0.0,0.0,0.0,0.0,0.0,,0.0,0.0,0.0,0.0,,,,,0.0,NO_SAMPLE
4431699,Kai Jones,FA,PF,ACTIVE,,,,,,,,,,,,,,,,,,,,,,,,,,,,,,,,,,,,,,,,,,,,,,0.0,0.0,0.0,0.0,0.0,0.0,,0.0,0.0,0.0,0.0,,,,,0.0,NO_SAMPLE
5231919,Karim Lopez,MEM,SF,ACTIVE,,,,,,,,,,,,,,,,,,,,,,,,,,,,,,,,,,,,,,,,,,,,,,0.0,0.0,0.0,0.0,0.0,0.0,,0.0,0.0,0.0,0.0,,,,,0.0,NO_SAMPLE
4432528,Karim Mane,ORL,SG,,,,,,,,,,,,,,,,,,,,,,,,,,,,,,,,,,,,,,,,,,,,,,,0.0,0.0,0.0,0.0,0.0,0.0,,0.0,0.0,0.0,0.0,,,,,0.0,NO_SAMPLE
3062892,Kay Felder,TOR,PG,,,,,,,,,,,,,,,,,,,,,,,,,,,,,,,,,,,,,,,,,,,,,,,0.0,0.0,0.0,0.0,0.0,0.0,,0.0,0.0,0.0,0.0,,,,,0.0,NO_SAMPLE
5254165,Keaton Wagler,LAC,PG/SG,ACTIVE,8.4,139.9,,,,,,,,,,,,,,,,,,,,,,,,,70,28.1,13.33,5.07,11.1,0.46,2.61,3.1,0.84,0.57,1.5,0.38,3.1,4.3,1,0.2,2.3,1705,24.36,0.0,0.0,0.0,0.0,0.0,0.0,,24.35,24.36,-0.01,1704.5,31.1957,,,,0.0,NO_SAMPLE
3133629,Keenan Evans,DET,SG,,,,,,,,,,,,,,,,,,,,,,,,,,,,,,,,,,,,,,,,,,,,,,,0.0,0.0,0.0,0.0,0.0,0.0,,0.0,0.0,0.0,0.0,,,,,0.0,NO_SAMPLE
2596247,Keifer Sykes,IND,SG,,,,,,,,,,,,,,,,,,,,,,,,,,,,,,,,,,,,,,,,,,,,,,,0.0,0.0,0.0,0.0,0.0,0.0,,0.0,0.0,0.0,0.0,,,,,0.0,NO_SAMPLE
4431689,Keion Brooks Jr.,FA,SF,ACTIVE,,,,,,,,,,,,,,,,,,,,,,,,,,,,,,,,,,,,,,,,,,,,,,0.0,0.0,0.0,0.0,0.0,0.0,,0.0,0.0,0.0,0.0,,,,,0.0,NO_SAMPLE
2531097,Keith Appling,ORL,PG,,,,,,,,,,,,,,,,,,,,,,,,,,,,,,,,,,,,,,,,,,,,,,,0.0,0.0,0.0,0.0,0.0,0.0,,0.0,0.0,0.0,0.0,,,,,0.0,NO_SAMPLE
3133596,Kelan Martin,NO,SG,,,,,,,,,,,,,,,,,,,,,,,,,,,,,,,,,,,,,,,,,,,,,,,0.0,0.0,0.0,0.0,0.0,0.0,,0.0,0.0,0.0,0.0,,,,,0.0,NO_SAMPLE
3152335,Keljin Blevins,POR,SF,,,,,,,,,,,,,,,,,,,,,,,,,,,,,,,,,,,,,,,,,,,,,,,0.0,0.0,0.0,0.0,0.0,0.0,,0.0,0.0,0.0,0.0,,,,,0.0,NO_SAMPLE
4433254,Kendall Brown,FA,SF,ACTIVE,,,,,,,,,,,,,,,,,,,,,,,,,,,,,,,,,,,,,,,,,,,,,,0.0,0.0,0.0,0.0,0.0,0.0,,0.0,0.0,0.0,0.0,,,,,0.0,NO_SAMPLE
3056247,Kendrick Nunn,WSH,SG,,,,,,,,,,,,,,,,,,,,,,,,,,,,,,,,,,,,,,,,,,,,,,,0.0,0.0,0.0,0.0,0.0,0.0,,0.0,0.0,0.0,0.0,,,,,0.0,NO_SAMPLE
4585610,Kenneth Lofton Jr.,FA,PF,,,,,,,,,,,,,,,,,,,,,,,,,,,,,,,,,,,,,,,,,,,,,,,0.0,0.0,0.0,0.0,0.0,0.0,,0.0,0.0,0.0,0.0,,,,,0.0,NO_SAMPLE
6637,Kent Bazemore,SAC,SG,,,,,,,,,,,,,,,,,,,,,,,,,,,,,,,,,,,,,,,,,,,,,,,0.0,0.0,0.0,0.0,0.0,0.0,,0.0,0.0,0.0,0.0,,,,,0.0,NO_SAMPLE
4432192,Keon Johnson,ATL,SG,ACTIVE,,,,,,,,,,,,,,,,,,,,,,,,,,,,,,,,,,,,,,,,,,,,,,0.0,0.0,0.0,0.0,0.0,0.0,,0.0,0.0,0.0,0.0,,,,,0.0,NO_SAMPLE
4397693,Kessler Edwards,FA,SF,ACTIVE,,,,,,,,,,,,,,,,,,,,,,,,,,,,,,,,,,,,,,,,,,,,,,0.0,0.0,0.0,0.0,0.0,0.0,,0.0,0.0,0.0,0.0,,,,,0.0,NO_SAMPLE
4278075,Kevin Knox II,ORL,SF,ACTIVE,,,,,,,,,,,,,,,,,,,,,,,,,,,,,,,,,,,,,,,,,,,,,,0.0,0.0,0.0,0.0,0.0,0.0,,0.0,0.0,0.0,0.0,,,,,0.0,NO_SAMPLE
2583962,Kevin Pangos,CLE,PG,,,,,,,,,,,,,,,,,,,,,,,,,,,,,,,,,,,,,,,,,,,,,,,0.0,0.0,0.0,0.0,0.0,0.0,,0.0,0.0,0.0,0.0,,,,,0.0,NO_SAMPLE
4067858,Kevon Harris,HOU,SG,,,,,,,,,,,,,,,,,,,,,,,,,,,,,,,,,,,,,,,,,,,,,,,0.0,0.0,0.0,0.0,0.0,0.0,,0.0,0.0,0.0,0.0,,,,,0.0,NO_SAMPLE
4395714,Keyontae Johnson,FA,SF,,,,,,,,,,,,,,,,,,,,,,,,,,,,,,,,,,,,,,,,,,,,,,,0.0,0.0,0.0,0.0,0.0,0.0,,0.0,0.0,0.0,0.0,,,,,0.0,NO_SAMPLE
4997530,Khalifa Diop,CLE,C,ACTIVE,,,,,,,,,,,,,,,,,,,,,,,,,,,,,,,,,,,,,,,,,,,,,,0.0,0.0,0.0,0.0,0.0,0.0,,0.0,0.0,0.0,0.0,,,,,0.0,NO_SAMPLE
2578240,Khem Birch,SA,C,,,,,,,,,,,,,,,,,,,,,,,,,,,,,,,,,,,,,,,,,,,,,,,0.0,0.0,0.0,0.0,0.0,0.0,,0.0,0.0,0.0,0.0,,,,,0.0,NO_SAMPLE
4066651,Killian Tillie,MEM,C,,,,,,,,,,,,,,,,,,,,,,,,,,,,,,,,,,,,,,,,,,,,,,,0.0,0.0,0.0,0.0,0.0,0.0,,0.0,0.0,0.0,0.0,,,,,0.0,NO_SAMPLE
5149077,Kingston Flemings,ATL,PG/SG,ACTIVE,3.1,140.4,,,,,,,,,,,,,,,,,,,,,,,,,71,24.8,10.92,4.2,9.7,0.43,2.15,2.7,0.8,0.37,1.1,0.33,2.8,3.7,1.2,0.51,2.1,1580,22.25,0.0,0.0,0.0,0.0,0.0,0.0,,22.28,22.25,0.03,1581.88,32.3419,,,,0.0,NO_SAMPLE
5041953,Koa Peat,PHX,PF,ACTIVE,,,,,,,,,,,,,,,,,,,,,,,,,,,,,,,,,,,,,,,,,,,,,,0.0,0.0,0.0,0.0,0.0,0.0,,0.0,0.0,0.0,0.0,,,,,0.0,NO_SAMPLE
4066335,Kobi Simmons,FA,PG,,,,,,,,,,,,,,,,,,,,,,,,,,,,,,,,,,,,,,,,,,,,,,,0.0,0.0,0.0,0.0,0.0,0.0,,0.0,0.0,0.0,0.0,,,,,0.0,NO_SAMPLE
4065635,Ky Bowman,LAC,PG,,,,,,,,,,,,,,,,,,,,,,,,,,,,,,,,,,,,,,,,,,,,,,,0.0,0.0,0.0,0.0,0.0,0.0,,0.0,0.0,0.0,0.0,,,,,0.0,NO_SAMPLE
2528327,Kyle Collinsworth,UTAH,SG,,,,,,,,,,,,,,,,,,,,,,,,,,,,,,,,,,,,,,,,,,,,,,,0.0,0.0,0.0,0.0,0.0,0.0,,0.0,0.0,0.0,0.0,,,,,0.0,NO_SAMPLE
3950760,Kylor Kelley,FA,C,ACTIVE,,,,,,,,,,,,,,,,,,,,,,,,,,,,,,,,,,,,,,,,,,,,,,0.0,0.0,0.0,0.0,0.0,0.0,,0.0,0.0,0.0,0.0,,,,,0.0,NO_SAMPLE
6442,Kyrie Irving,DAL,PG,ACTIVE,86.8,60.1,,,,,,,,,,,,,,,,,,,,,,,0,0,59,34.6,24.58,9.14,18.8,0.49,3.46,3.8,0.91,2.85,7,0.41,4.8,4.8,1.31,0.51,2,2608,44.2,0.0,0.0,0.0,0.0,0.0,0.0,,44.25,44.2,0.05,2610.75,46.0405,,,,0.0,NO_SAMPLE
4873090,Labaron Philon Jr.,PHI,PG/SG,ACTIVE,,,,,,,,,,,,,,,,,,,,,,,,,,,,,,,,,,,,,,,,,,,,,,0.0,0.0,0.0,0.0,0.0,0.0,,0.0,0.0,0.0,0.0,,,,,0.0,NO_SAMPLE
5108969,Lajae Jones,FA,SG,ACTIVE,,,,,,,,,,,,,,,,,,,,,,,,,,,,,,,,,,,,,,,,,,,,,,0.0,0.0,0.0,0.0,0.0,0.0,,0.0,0.0,0.0,0.0,,,,,0.0,NO_SAMPLE
2488721,Lamar Patterson,ATL,SG,,,,,,,,,,,,,,,,,,,,,,,,,,,,,,,,,,,,,,,,,,,,,,,0.0,0.0,0.0,0.0,0.0,0.0,,0.0,0.0,0.0,0.0,,,,,0.0,NO_SAMPLE
4066405,Lamar Stevens,FA,SF,ACTIVE,,,,,,,,,,,,,,,,,,,,,,,,,,,,,,,,,,,,,,,,,,,,,,0.0,0.0,0.0,0.0,0.0,0.0,,0.0,0.0,0.0,0.0,,,,,0.0,NO_SAMPLE
6485,Lance Thomas,BKN,PF,,,,,,,,,,,,,,,,,,,,,,,,,,,,,,,,,,,,,,,,,,,,,,,0.0,0.0,0.0,0.0,0.0,0.0,,0.0,0.0,0.0,0.0,,,,,0.0,NO_SAMPLE
2530572,Langston Galloway,IND,SG,,,,,,,,,,,,,,,,,,,,,,,,,,,,,,,,,,,,,,,,,,,,,,,0.0,0.0,0.0,0.0,0.0,0.0,,0.0,0.0,0.0,0.0,,,,,0.0,NO_SAMPLE
2325495,Larry Drew II,DET,SG,,,,,,,,,,,,,,,,,,,,,,,,,,,,,,,,,,,,,,,,,,,,,,,0.0,0.0,0.0,0.0,0.0,0.0,,0.0,0.0,0.0,0.0,,,,,0.0,NO_SAMPLE
4431720,Lester Quinones,MIA,SG,ACTIVE,,,,,,,,,,,,,,,,,,,,,,,,,,,,,,,,,,,,,,,,,,,,,,0.0,0.0,0.0,0.0,0.0,0.0,,0.0,0.0,0.0,0.0,,,,,0.0,NO_SAMPLE
4397347,Liam Robbins,MIL,C,,,,,,,,,,,,,,,,,,,,,,,,,,,,,,,,,,,,,,,,,,,,,,,0.0,0.0,0.0,0.0,0.0,0.0,,0.0,0.0,0.0,0.0,,,,,0.0,NO_SAMPLE
3059286,London Perrantes,POR,PG,,,,,,,,,,,,,,,,,,,,,,,,,,,,,,,,,,,,,,,,,,,,,,,0.0,0.0,0.0,0.0,0.0,0.0,,0.0,0.0,0.0,0.0,,,,,0.0,NO_SAMPLE
4277890,Lonnie Walker IV,DEN,SG,ACTIVE,,,,,,,,,,,,,,,,,,,,,,,,,,,,,,,,,,,,,,,,,,,,,,0.0,0.0,0.0,0.0,0.0,0.0,,0.0,0.0,0.0,0.0,,,,,0.0,NO_SAMPLE
2528787,Lorenzo Brown,TOR,SG,,,,,,,,,,,,,,,,,,,,,,,,,,,,,,,,,,,,,,,,,,,,,,,0.0,0.0,0.0,0.0,0.0,0.0,,0.0,0.0,0.0,0.0,,,,,0.0,NO_SAMPLE
4397103,Louis King,PHI,PF,,,,,,,,,,,,,,,,,,,,,,,,,,,,,,,,,,,,,,,,,,,,,,,0.0,0.0,0.0,0.0,0.0,0.0,,0.0,0.0,0.0,0.0,,,,,0.0,NO_SAMPLE
3037792,Louis Labeyrie,FA,PF,,,,,,,,,,,,,,,,,,,,,,,,,,,,,,,,,,,,,,,,,,,,,,,0.0,0.0,0.0,0.0,0.0,0.0,,0.0,0.0,0.0,0.0,,,,,0.0,NO_SAMPLE
3032980,Lucas Nogueira,TOR,C,,,,,,,,,,,,,,,,,,,,,,,,,,,,,,,,,,,,,,,,,,,,,,,0.0,0.0,0.0,0.0,0.0,0.0,,0.0,0.0,0.0,0.0,,,,,0.0,NO_SAMPLE
3911666,Luis Montero,DET,SG,,,,,,,,,,,,,,,,,,,,,,,,,,,,,,,,,,,,,,,,,,,,,,,0.0,0.0,0.0,0.0,0.0,0.0,,0.0,0.0,0.0,0.0,,,,,0.0,NO_SAMPLE
3899662,Luka Mitrovic,PHI,SF,,,,,,,,,,,,,,,,,,,,,,,,,,,,,,,,,,,,,,,,,,,,,,,0.0,0.0,0.0,0.0,0.0,0.0,,0.0,0.0,0.0,0.0,,,,,0.0,NO_SAMPLE
4277854,MJ Walker,FA,SG,ACTIVE,,,,,,,,,,,,,,,,,,,,,,,,,,,,,,,,,,,,,,,,,,,,,,0.0,0.0,0.0,0.0,0.0,0.0,,0.0,0.0,0.0,0.0,,,,,0.0,NO_SAMPLE
4066668,Malachi Flynn,CHA,PG,,,,,,,,,,,,,,,,,,,,,,,,,,,,,,,,,,,,,,,,,,,,,,,0.0,0.0,0.0,0.0,0.0,0.0,,0.0,0.0,0.0,0.0,,,,,0.0,NO_SAMPLE
2566769,Malcolm Brogdon,NY,PG,,,,,,,,,,,,,,,,,,,,,,,,,,,,,,,,,,,,,,,,,,,,,,,0.0,0.0,0.0,0.0,0.0,0.0,,0.0,0.0,0.0,0.0,,,,,0.0,NO_SAMPLE
4871137,Malcolm Cazalon,FA,SG,,,,,,,,,,,,,,,,,,,,,,,,,,,,,,,,,,,,,,,,,,,,,,,0.0,0.0,0.0,0.0,0.0,0.0,,0.0,0.0,0.0,0.0,,,,,0.0,NO_SAMPLE
2282205,Malcolm Delaney,ATL,PG,,,,,,,,,,,,,,,,,,,,,,,,,,,,,,,,,,,,,,,,,,,,,,,0.0,0.0,0.0,0.0,0.0,0.0,,0.0,0.0,0.0,0.0,,,,,0.0,NO_SAMPLE
2580980,Malcolm Miller,TOR,SF,,,,,,,,,,,,,,,,,,,,,,,,,,,,,,,,,,,,,,,,,,,,,,,0.0,0.0,0.0,0.0,0.0,0.0,,0.0,0.0,0.0,0.0,,,,,0.0,NO_SAMPLE
3907822,Malik Beasley,FA,SG,ACTIVE,,,,,,,,,,,,,,,,,,,,,,,,,,,,,,,,,,,,,,,,,,,,,,0.0,0.0,0.0,0.0,0.0,0.0,,0.0,0.0,0.0,0.0,,,,,0.0,NO_SAMPLE
3907359,Malik Newman,CLE,SG,,,,,,,,,,,,,,,,,,,,,,,,,,,,,,,,,,,,,,,,,,,,,,,0.0,0.0,0.0,0.0,0.0,0.0,,0.0,0.0,0.0,0.0,,,,,0.0,NO_SAMPLE
4277880,Malik Williams,SA,C,ACTIVE,,,,,,,,,,,,,,,,,,,,,,,,,,,,,,,,,,,,,,,,,,,,,,0.0,0.0,0.0,0.0,0.0,0.0,,0.0,0.0,0.0,0.0,,,,,0.0,NO_SAMPLE
5105337,Maliq Brown,SA,SF/PF,ACTIVE,,,,,,,,,,,,,,,,,,,,,,,,,,,,,,,,,,,,,,,,,,,,,,0.0,0.0,0.0,0.0,0.0,0.0,,0.0,0.0,0.0,0.0,,,,,0.0,NO_SAMPLE
5184016,Malique Lewis,FA,SF,ACTIVE,,,,,,,,,,,,,,,,,,,,,,,,,,,,,,,,,,,,,,,,,,,,,,0.0,0.0,0.0,0.0,0.0,0.0,,0.0,0.0,0.0,0.0,,,,,0.0,NO_SAMPLE
3947156,Mamadi Diakite,FA,PF,,,,,,,,,,,,,,,,,,,,,,,,,,,,,,,,,,,,,,,,,,,,,,,0.0,0.0,0.0,0.0,0.0,0.0,,0.0,0.0,0.0,0.0,,,,,0.0,NO_SAMPLE
2991054,Mangok Mathiang,CHA,PF,,,,,,,,,,,,,,,,,,,,,,,,,,,,,,,,,,,,,,,,,,,,,,,0.0,0.0,0.0,0.0,0.0,0.0,,0.0,0.0,0.0,0.0,,,,,0.0,NO_SAMPLE
6428,MarShon Brooks,CHI,SG,,,,,,,,,,,,,,,,,,,,,,,,,,,,,,,,,,,,,,,,,,,,,,,0.0,0.0,0.0,0.0,0.0,0.0,,0.0,0.0,0.0,0.0,,,,,0.0,NO_SAMPLE
2968363,Marcelo Huertas,HOU,PG,,,,,,,,,,,,,,,,,,,,,,,,,,,,,,,,,,,,,,,,,,,,,,,0.0,0.0,0.0,0.0,0.0,0.0,,0.0,0.0,0.0,0.0,,,,,0.0,NO_SAMPLE
3934670,Marcus Derrickson,ATL,SF,,,,,,,,,,,,,,,,,,,,,,,,,,,,,,,,,,,,,,,,,,,,,,,0.0,0.0,0.0,0.0,0.0,0.0,,0.0,0.0,0.0,0.0,,,,,0.0,NO_SAMPLE
3904015,Marcus Eriksson,ATL,SG,,,,,,,,,,,,,,,,,,,,,,,,,,,,,,,,,,,,,,,,,,,,,,,0.0,0.0,0.0,0.0,0.0,0.0,,0.0,0.0,0.0,0.0,,,,,0.0,NO_SAMPLE
4277892,Marcus Garrett,FA,SG,ACTIVE,,,,,,,,,,,,,,,,,,,,,,,,,,,,,,,,,,,,,,,,,,,,,,0.0,0.0,0.0,0.0,0.0,0.0,,0.0,0.0,0.0,0.0,,,,,0.0,NO_SAMPLE
2982261,Marcus Georges-Hunt,BOS,SG,,,,,,,,,,,,,,,,,,,,,,,,,,,,,,,,,,,,,,,,,,,,,,,0.0,0.0,0.0,0.0,0.0,0.0,,0.0,0.0,0.0,0.0,,,,,0.0,NO_SAMPLE
2982329,Marcus Paige,CHA,PG,,,,,,,,,,,,,,,,,,,,,,,,,,,,,,,,,,,,,,,,,,,,,,,0.0,0.0,0.0,0.0,0.0,0.0,,0.0,0.0,0.0,0.0,,,,,0.0,NO_SAMPLE
2579458,Marcus Thornton,CLE,SG,,,,,,,,,,,,,,,,,,,,,,,,,,,,,,,,,,,,,,,,,,,,,,,0.0,0.0,0.0,0.0,0.0,0.0,,0.0,0.0,0.0,0.0,,,,,0.0,NO_SAMPLE
6461,Markieff Morris,FA,PF,ACTIVE,,,,,,,,,,,,,,,,,,,,,,,,,,,,,,,,,,,,,,,,,,,,,,0.0,0.0,0.0,0.0,0.0,0.0,,0.0,0.0,0.0,0.0,,,,,0.0,NO_SAMPLE
4230554,Marko Guduric,MEM,SG,,,,,,,,,,,,,,,,,,,,,,,,,,,,,,,,,,,,,,,,,,,,,,,0.0,0.0,0.0,0.0,0.0,0.0,,0.0,0.0,0.0,0.0,,,,,0.0,NO_SAMPLE
4065805,Markus Howard,DEN,PG,,,,,,,,,,,,,,,,,,,,,,,,,,,,,,,,,,,,,,,,,,,,,,,0.0,0.0,0.0,0.0,0.0,0.0,,0.0,0.0,0.0,0.0,,,,,0.0,NO_SAMPLE
4065652,Marques Bolden,FA,C,ACTIVE,,,,,,,,,,,,,,,,,,,,,,,,,,,,,,,,,,,,,,,,,,,,,,0.0,0.0,0.0,0.0,0.0,0.0,,0.0,0.0,0.0,0.0,,,,,0.0,NO_SAMPLE
2566748,Marshall Plumlee,MIL,C,,,,,,,,,,,,,,,,,,,,,,,,,,,,,,,,,,,,,,,,,,,,,,,0.0,0.0,0.0,0.0,0.0,0.0,,0.0,0.0,0.0,0.0,,,,,0.0,NO_SAMPLE
4395704,Mason Jones,FA,SG,ACTIVE,,,,,,,,,,,,,,,,,,,,,,,,,,,,,,,,,,,,,,,,,,,,,,0.0,0.0,0.0,0.0,0.0,0.0,,0.0,0.0,0.0,0.0,,,,,0.0,NO_SAMPLE
2999546,Matt Costello,SA,PF,,,,,,,,,,,,,,,,,,,,,,,,,,,,,,,,,,,,,,,,,,,,,,,0.0,0.0,0.0,0.0,0.0,0.0,,0.0,0.0,0.0,0.0,,,,,0.0,NO_SAMPLE
3149036,Matt Mooney,NY,SG,,,,,,,,,,,,,,,,,,,,,,,,,,,,,,,,,,,,,,,,,,,,,,,0.0,0.0,0.0,0.0,0.0,0.0,,0.0,0.0,0.0,0.0,,,,,0.0,NO_SAMPLE
3908336,Matt Ryan,FA,SF,ACTIVE,,,,,,,,,,,,,,,,,,,,,,,,,,,,,,,,,,,,,,,,,,,,,,0.0,0.0,0.0,0.0,0.0,0.0,,0.0,0.0,0.0,0.0,,,,,0.0,NO_SAMPLE
3059311,Matt Thomas,CHI,SG,,,,,,,,,,,,,,,,,,,,,,,,,,,,,,,,,,,,,,,,,,,,,,,0.0,0.0,0.0,0.0,0.0,0.0,,0.0,0.0,0.0,0.0,,,,,0.0,NO_SAMPLE
2991295,Matt Williams Jr.,MIA,SG,,,,,,,,,,,,,,,,,,,,,,,,,,,,,,,,,,,,,,,,,,,,,,,0.0,0.0,0.0,0.0,0.0,0.0,,0.0,0.0,0.0,0.0,,,,,0.0,NO_SAMPLE
4997532,Matteo Spagnolo,MIN,PG,,,,,,,,,,,,,,,,,,,,,,,,,,,,,,,,,,,,,,,,,,,,,,,0.0,0.0,0.0,0.0,0.0,0.0,,0.0,0.0,0.0,0.0,,,,,0.0,NO_SAMPLE
2489716,Matthew Dellavedova,SAC,PG,,,,,,,,,,,,,,,,,,,,,,,,,,,,,,,,,,,,,,,,,,,,,,,0.0,0.0,0.0,0.0,0.0,0.0,,0.0,0.0,0.0,0.0,,,,,0.0,NO_SAMPLE
3063982,Maurice Ndour,NY,SF,,,,,,,,,,,,,,,,,,,,,,,,,,,,,,,,,,,,,,,,,,,,,,,0.0,0.0,0.0,0.0,0.0,0.0,,0.0,0.0,0.0,0.0,,,,,0.0,NO_SAMPLE
4684286,Maxwell Lewis,FA,SF,,,,,,,,,,,,,,,,,,,,,,,,,,,,,,,,,,,,,,,,,,,,,,,0.0,0.0,0.0,0.0,0.0,0.0,,0.0,0.0,0.0,0.0,,,,,0.0,NO_SAMPLE
4278507,McKinley Wright IV,DAL,PG,,,,,,,,,,,,,,,,,,,,,,,,,,,,,,,,,,,,,,,,,,,,,,,0.0,0.0,0.0,0.0,0.0,0.0,,0.0,0.0,0.0,0.0,,,,,0.0,NO_SAMPLE
5041951,Meleek Thomas,CLE,SG,ACTIVE,,,,,,,,,,,,,,,,,,,,,,,,,,,,,,,,,,,,,,,,,,,,,,0.0,0.0,0.0,0.0,0.0,0.0,,0.0,0.0,0.0,0.0,,,,,0.0,NO_SAMPLE
5211981,Melvin Ajinca,FA,SG,,,,,,,,,,,,,,,,,,,,,,,,,,,,,,,,,,,,,,,,,,,,,,,0.0,0.0,0.0,0.0,0.0,0.0,,0.0,0.0,0.0,0.0,,,,,0.0,NO_SAMPLE
2530751,Michael Cobbins,OKC,PF,,,,,,,,,,,,,,,,,,,,,,,,,,,,,,,,,,,,,,,,,,,,,,,0.0,0.0,0.0,0.0,0.0,0.0,,0.0,0.0,0.0,0.0,,,,,0.0,NO_SAMPLE
2991255,Michael Frazier,HOU,SG,,,,,,,,,,,,,,,,,,,,,,,,,,,,,,,,,,,,,,,,,,,,,,,0.0,0.0,0.0,0.0,0.0,0.0,,0.0,0.0,0.0,0.0,,,,,0.0,NO_SAMPLE
2566747,Michael Gbinije,GS,SG,,,,,,,,,,,,,,,,,,,,,,,,,,,,,,,,,,,,,,,,,,,,,,,0.0,0.0,0.0,0.0,0.0,0.0,,0.0,0.0,0.0,0.0,,,,,0.0,NO_SAMPLE
2528096,Mike James,BKN,PG,,,,,,,,,,,,,,,,,,,,,,,,,,,,,,,,,,,,,,,,,,,,,,,0.0,0.0,0.0,0.0,0.0,0.0,,0.0,0.0,0.0,0.0,,,,,0.0,NO_SAMPLE
2982337,Mike Tobey,CHA,C,,,,,,,,,,,,,,,,,,,,,,,,,,,,,,,,,,,,,,,,,,,,,,,0.0,0.0,0.0,0.0,0.0,0.0,,0.0,0.0,0.0,0.0,,,,,0.0,NO_SAMPLE
5101761,Mikel Brown Jr.,BKN,PG,DAY_TO_DAY,6,140.4,,,,,,,,,,,,,,,,,,,,,,,,,71,30.2,15.93,5.69,13.51,0.42,3.85,4.8,0.8,0.7,1.9,0.37,2.51,3.39,1.3,0.2,2.39,1706,24.03,0.0,0.0,0.0,0.0,0.0,0.0,,24.06,24.03,0.03,1708.26,28.6808,,,,0.0,NO_SAMPLE
2992564,Milton Doyle,CHI,SG,ACTIVE,,,,,,,,,,,,,,,,,,,,,,,,,,,,,,,,,,,,,,,,,,,,,,0.0,0.0,0.0,0.0,0.0,0.0,,0.0,0.0,0.0,0.0,,,,,0.0,NO_SAMPLE
3138120,Mindaugas Kuzminskas,NY,PF,,,,,,,,,,,,,,,,,,,,,,,,,,,,,,,,,,,,,,,,,,,,,,,0.0,0.0,0.0,0.0,0.0,0.0,,0.0,0.0,0.0,0.0,,,,,0.0,NO_SAMPLE
2991041,Mitch McGary,OKC,PF,,,,,,,,,,,,,,,,,,,,,,,,,,,,,,,,,,,,,,,,,,,,,,,0.0,0.0,0.0,0.0,0.0,0.0,,0.0,0.0,0.0,0.0,,,,,0.0,NO_SAMPLE
4236300,Mitchell Creek,MIN,SF,,,,,,,,,,,,,,,,,,,,,,,,,,,,,,,,,,,,,,,,,,,,,,,0.0,0.0,0.0,0.0,0.0,0.0,,0.0,0.0,0.0,0.0,,,,,0.0,NO_SAMPLE
2328615,Mitchell Watt,FA,PF,,,,,,,,,,,,,,,,,,,,,,,,,,,,,,,,,,,,,,,,,,,,,,,0.0,0.0,0.0,0.0,0.0,0.0,,0.0,0.0,0.0,0.0,,,,,0.0,NO_SAMPLE
5091677,Mojave King,IND,SG,,,,,,,,,,,,,,,,,,,,,,,,,,,,,,,,,,,,,,,,,,,,,,,0.0,0.0,0.0,0.0,0.0,0.0,,0.0,0.0,0.0,0.0,,,,,0.0,NO_SAMPLE
2751,Monta Ellis,IND,SG,,,,,,,,,,,,,,,,,,,,,,,,,,,,,,,,,,,,,,,,,,,,,,,0.0,0.0,0.0,0.0,0.0,0.0,,0.0,0.0,0.0,0.0,,,,,0.0,NO_SAMPLE
4873153,Morez Johnson Jr.,DAL,PF/C,DAY_TO_DAY,4.4,140.6,,,,,,,,,,,,,,,,,,,,,,,,,71,24.7,10.61,4,8.1,0.49,2.34,3.1,0.76,0.27,0.8,0.33,5.61,1.61,0.8,0.9,1.1,1665,23.45,0.0,0.0,0.0,0.0,0.0,0.0,,23.45,23.45,0.0,1664.95,34.1781,,,,0.0,NO_SAMPLE
4397126,Moses Brown,FA,C,DAY_TO_DAY,,,,,,,,,,,,,,,,,,,,,,,,,,,,,,,,,,,,,,,,,,,,,,0.0,0.0,0.0,0.0,0.0,0.0,,0.0,0.0,0.0,0.0,,,,,0.0,NO_SAMPLE
4277871,Moses Wright,DAL,PF,,,,,,,,,,,,,,,,,,,,,,,,,,,,,,,,,,,,,,,,,,,,,,,0.0,0.0,0.0,0.0,0.0,0.0,,0.0,0.0,0.0,0.0,,,,,0.0,NO_SAMPLE
3936298,Mychal Mulder,MEM,SG,,,,,,,,,,,,,,,,,,,,,,,,,,,,,,,,,,,,,,,,,,,,,,,0.0,0.0,0.0,0.0,0.0,0.0,,0.0,0.0,0.0,0.0,,,,,0.0,NO_SAMPLE
2579251,Myke Henry,OKC,SF,,,,,,,,,,,,,,,,,,,,,,,,,,,,,,,,,,,,,,,,,,,,,,,0.0,0.0,0.0,0.0,0.0,0.0,,0.0,0.0,0.0,0.0,,,,,0.0,NO_SAMPLE
5363895,Narcisse Ngoy,FA,C,ACTIVE,,,,,,,,,,,,,,,,,,,,,,,,,,,,,,,,,,,,,,,,,,,,,,0.0,0.0,0.0,0.0,0.0,0.0,,0.0,0.0,0.0,0.0,,,,,0.0,NO_SAMPLE
5164559,Nate Ament,MIL,SF,ACTIVE,1.1,140,,,,,,,,,,,,,,,,,,,,,,,,,70,17.7,5.66,2.31,5.4,0.43,0.84,1.2,0.7,0.19,0.6,0.32,3.6,0.7,0.7,0.8,1.1,946,13.51,0.0,0.0,0.0,0.0,0.0,0.0,,13.51,13.51,0.0,945.7,27.478,,,,0.0,NO_SAMPLE
4067069,Nate Darling,FA,SG,,,,,,,,,,,,,,,,,,,,,,,,,,,,,,,,,,,,,,,,,,,,,,,0.0,0.0,0.0,0.0,0.0,0.0,,0.0,0.0,0.0,0.0,,,,,0.0,NO_SAMPLE
4396629,Nate Hinton,FA,SG,DAY_TO_DAY,,,,,,,,,,,,,,,,,,,,,,,,,,,,,,,,,,,,,,,,,,,,,,0.0,0.0,0.0,0.0,0.0,0.0,,0.0,0.0,0.0,0.0,,,,,0.0,NO_SAMPLE
4397371,Nate Mensah,SA,C,,,,,,,,,,,,,,,,,,,,,,,,,,,,,,,,,,,,,,,,,,,,,,,0.0,0.0,0.0,0.0,0.0,0.0,,0.0,0.0,0.0,0.0,,,,,0.0,NO_SAMPLE
2491079,Nate Wolters,UTAH,PG,,,,,,,,,,,,,,,,,,,,,,,,,,,,,,,,,,,,,,,,,,,,,,,0.0,0.0,0.0,0.0,0.0,0.0,,0.0,0.0,0.0,0.0,,,,,0.0,NO_SAMPLE
4067325,Nathan Knight,BOS,C,,,,,,,,,,,,,,,,,,,,,,,,,,,,,,,,,,,,,,,,,,,,,,,0.0,0.0,0.0,0.0,0.0,0.0,,0.0,0.0,0.0,0.0,,,,,0.0,NO_SAMPLE
2990968,Naz Mitrou-Long,IND,SG,,,,,,,,,,,,,,,,,,,,,,,,,,,,,,,,,,,,,,,,,,,,,,,0.0,0.0,0.0,0.0,0.0,0.0,,0.0,0.0,0.0,0.0,,,,,0.0,NO_SAMPLE
5105832,Nick Martinelli,LAC,SF,ACTIVE,,,,,,,,,,,,,,,,,,,,,,,,,,,,,,,,,,,,,,,,,,,,,,0.0,0.0,0.0,0.0,0.0,0.0,,0.0,0.0,0.0,0.0,,,,,0.0,NO_SAMPLE
3929314,Nicolas Brussino,ATL,SG,,,,,,,,,,,,,,,,,,,,,,,,,,,,,,,,,,,,,,,,,,,,,,,0.0,0.0,0.0,0.0,0.0,0.0,,0.0,0.0,0.0,0.0,,,,,0.0,NO_SAMPLE
2968338,Nicolas Laprovittola,SA,SG,,,,,,,,,,,,,,,,,,,,,,,,,,,,,,,,,,,,,,,,,,,,,,,0.0,0.0,0.0,0.0,0.0,0.0,,0.0,0.0,0.0,0.0,,,,,0.0,NO_SAMPLE
4341,Nicolo Melli,DAL,PF,,,,,,,,,,,,,,,,,,,,,,,,,,,,,,,,,,,,,,,,,,,,,,,0.0,0.0,0.0,0.0,0.0,0.0,,0.0,0.0,0.0,0.0,,,,,0.0,NO_SAMPLE
5144067,Nikola Durisic,FA,SF,ACTIVE,,,,,,,,,,,,,,,,,,,,,,,,,,,,,,,,,,,,,,,,,,,,,,0.0,0.0,0.0,0.0,0.0,0.0,,0.0,0.0,0.0,0.0,,,,,0.0,NO_SAMPLE
3892893,Nikola Milutinov,SA,C,,,,,,,,,,,,,,,,,,,,,,,,,,,,,,,,,,,,,,,,,,,,,,,0.0,0.0,0.0,0.0,0.0,0.0,,0.0,0.0,0.0,0.0,,,,,0.0,NO_SAMPLE
3902065,Nikola Radicevic,DEN,PG,,,,,,,,,,,,,,,,,,,,,,,,,,,,,,,,,,,,,,,,,,,,,,,0.0,0.0,0.0,0.0,0.0,0.0,,0.0,0.0,0.0,0.0,,,,,0.0,NO_SAMPLE
4017857,Ognjen Jaramaz,NY,PG,,,,,,,,,,,,,,,,,,,,,,,,,,,,,,,,,,,,,,,,,,,,,,,0.0,0.0,0.0,0.0,0.0,0.0,,0.0,0.0,0.0,0.0,,,,,0.0,NO_SAMPLE
2528473,Okaro White,WSH,PF,,,,,,,,,,,,,,,,,,,,,,,,,,,,,,,,,,,,,,,,,,,,,,,0.0,0.0,0.0,0.0,0.0,0.0,,0.0,0.0,0.0,0.0,,,,,0.0,NO_SAMPLE
2982192,Olivier Hanlan,SA,PG,,,,,,,,,,,,,,,,,,,,,,,,,,,,,,,,,,,,,,,,,,,,,,,0.0,0.0,0.0,0.0,0.0,0.0,,0.0,0.0,0.0,0.0,,,,,0.0,NO_SAMPLE
4438552,Onuralp Bitim,FA,SF,,,,,,,,,,,,,,,,,,,,,,,,,,,,,,,,,,,,,,,,,,,,,,,0.0,0.0,0.0,0.0,0.0,0.0,,0.0,0.0,0.0,0.0,,,,,0.0,NO_SAMPLE
4278031,Oshae Brissett,FA,PF,ACTIVE,,,,,,,,,,,,,,,,,,,,,,,,,,,,,,,,,,,,,,,,,,,,,,0.0,0.0,0.0,0.0,0.0,0.0,,0.0,0.0,0.0,0.0,,,,,0.0,NO_SAMPLE
5106270,Otega Oweh,OKC,SG,ACTIVE,,,,,,,,,,,,,,,,,,,,,,,,,,,,,,,,,,,,,,,,,,,,,,0.0,0.0,0.0,0.0,0.0,0.0,,0.0,0.0,0.0,0.0,,,,,0.0,NO_SAMPLE
2594816,P.J. Hairston,HOU,SG,,,,,,,,,,,,,,,,,,,,,,,,,,,,,,,,,,,,,,,,,,,,,,,0.0,0.0,0.0,0.0,0.0,0.0,,0.0,0.0,0.0,0.0,,,,,0.0,NO_SAMPLE
3033,P.J. Tucker,FA,PF,ACTIVE,,,,,,,,,,,,,,,,,,,,,,,,,,,,,,,,,,,,,,,,,,,,,,0.0,0.0,0.0,0.0,0.0,0.0,,0.0,0.0,0.0,0.0,,,,,0.0,NO_SAMPLE
3923250,PJ Dozier,FA,PG,,,,,,,,,,,,,,,,,,,,,,,,,,,,,,,,,,,,,,,,,,,,,,,0.0,0.0,0.0,0.0,0.0,0.0,,0.0,0.0,0.0,0.0,,,,,0.0,NO_SAMPLE
2527926,Patric Young,NO,C,,,,,,,,,,,,,,,,,,,,,,,,,,,,,,,,,,,,,,,,,,,,,,,0.0,0.0,0.0,0.0,0.0,0.0,,0.0,0.0,0.0,0.0,,,,,0.0,NO_SAMPLE
4004,Patty Mills,LAC,PG,,,,,,,,,,,,,,,,,,,,,,,,,,,,,,,,,,,,,,,,,,,,,,,0.0,0.0,0.0,0.0,0.0,0.0,,0.0,0.0,0.0,0.0,,,,,0.0,NO_SAMPLE
3058030,Paul Watson,OKC,SG,,,,,,,,,,,,,,,,,,,,,,,,,,,,,,,,,,,,,,,,,,,,,,,0.0,0.0,0.0,0.0,0.0,0.0,,0.0,0.0,0.0,0.0,,,,,0.0,NO_SAMPLE
3893023,Paul Zipser,CHI,SF,,,,,,,,,,,,,,,,,,,,,,,,,,,,,,,,,,,,,,,,,,,,,,,0.0,0.0,0.0,0.0,0.0,0.0,,0.0,0.0,0.0,0.0,,,,,0.0,NO_SAMPLE
2530722,Phil Pressey,GS,PG,,,,,,,,,,,,,,,,,,,,,,,,,,,,,,,,,,,,,,,,,,,,,,,0.0,0.0,0.0,0.0,0.0,0.0,,0.0,0.0,0.0,0.0,,,,,0.0,NO_SAMPLE
2578204,Pierre Deshawn Jackson,DAL,PG,,,,,,,,,,,,,,,,,,,,,,,,,,,,,,,,,,,,,,,,,,,,,,,0.0,0.0,0.0,0.0,0.0,0.0,,0.0,0.0,0.0,0.0,,,,,0.0,NO_SAMPLE
4432070,Quincy Olivari,FA,PG,,,,,,,,,,,,,,,,,,,,,,,,,,,,,,,,,,,,,,,,,,,,,,,0.0,0.0,0.0,0.0,0.0,0.0,,0.0,0.0,0.0,0.0,,,,,0.0,NO_SAMPLE
2566745,Quinn Cook,SAC,PG,,,,,,,,,,,,,,,,,,,,,,,,,,,,,,,,,,,,,,,,,,,,,,,0.0,0.0,0.0,0.0,0.0,0.0,,0.0,0.0,0.0,0.0,,,,,0.0,NO_SAMPLE
3893060,Rade Zagorac,MEM,SG,,,,,,,,,,,,,,,,,,,,,,,,,,,,,,,,,,,,,,,,,,,,,,,0.0,0.0,0.0,0.0,0.0,0.0,,0.0,0.0,0.0,0.0,,,,,0.0,NO_SAMPLE
2596110,Rakeem Christmas,IND,PF,,,,,,,,,,,,,,,,,,,,,,,,,,,,,,,,,,,,,,,,,,,,,,,0.0,0.0,0.0,0.0,0.0,0.0,,0.0,0.0,0.0,0.0,,,,,0.0,NO_SAMPLE
3137733,Rashad Vaughn,DAL,SF,,,,,,,,,,,,,,,,,,,,,,,,,,,,,,,,,,,,,,,,,,,,,,,0.0,0.0,0.0,0.0,0.0,0.0,,0.0,0.0,0.0,0.0,,,,,0.0,NO_SAMPLE
4066334,Rawle Alkins,NO,SG,,,,,,,,,,,,,,,,,,,,,,,,,,,,,,,,,,,,,,,,,,,,,,,0.0,0.0,0.0,0.0,0.0,0.0,,0.0,0.0,0.0,0.0,,,,,0.0,NO_SAMPLE
3908819,Rayjon Tucker,MIL,SF,,,,,,,,,,,,,,,,,,,,,,,,,,,,,,,,,,,,,,,,,,,,,,,0.0,0.0,0.0,0.0,0.0,0.0,,0.0,0.0,0.0,0.0,,,,,0.0,NO_SAMPLE
4432187,Reece Beekman,WSH,PG,ACTIVE,,,,,,,,,,,,,,,,,,,,,,,,,,,,,,,,,,,,,,,,,,,,,,0.0,0.0,0.0,0.0,0.0,0.0,,0.0,0.0,0.0,0.0,,,,,0.0,NO_SAMPLE
6443,Reggie Jackson,FA,PG,,,,,,,,,,,,,,,,,,,,,,,,,,,,,,,,,,,,,,,,,,,,,,,0.0,0.0,0.0,0.0,0.0,0.0,,0.0,0.0,0.0,0.0,,,,,0.0,NO_SAMPLE
2531214,Richard Solomon,OKC,PF,,,,,,,,,,,,,,,,,,,,,,,,,,,,,,,,,,,,,,,,,,,,,,,0.0,0.0,0.0,0.0,0.0,0.0,,0.0,0.0,0.0,0.0,,,,,0.0,NO_SAMPLE
2993370,Richaun Holmes,FA,C,ACTIVE,,,,,,,,,,,,,,,,,,,,,,,,,,,,,,,,,,,,,,,,,,,,,,0.0,0.0,0.0,0.0,0.0,0.0,,0.0,0.0,0.0,0.0,,,,,0.0,NO_SAMPLE
5105462,Richie Saunders,MEM,SG,OUT,,,,,,,,,,,,,,,,,,,,,,,,,,,,,,,,,,,,,,,,,,,,,,0.0,0.0,0.0,0.0,0.0,0.0,,0.0,0.0,0.0,0.0,,,,,0.0,NO_SAMPLE
4701234,Ricky Council IV,FA,SG,DAY_TO_DAY,,,,,,,,,,,,,,,,,,,,,,,,,,,,,,,,,,,,,,,,,,,,,,0.0,0.0,0.0,0.0,0.0,0.0,,0.0,0.0,0.0,0.0,,,,,0.0,NO_SAMPLE
2490620,Robert Covington,FA,PF,,,,,,,,,,,,,,,,,,,,,,,,,,,,,,,,,,,,,,,,,,,,,,,0.0,0.0,0.0,0.0,0.0,0.0,,0.0,0.0,0.0,0.0,,,,,0.0,NO_SAMPLE
2488826,Rodney McGruder,GS,SG,,,,,,,,,,,,,,,,,,,,,,,,,,,,,,,,,,,,,,,,,,,,,,,0.0,0.0,0.0,0.0,0.0,0.0,,0.0,0.0,0.0,0.0,,,,,0.0,NO_SAMPLE
2982332,Rodney Purvis,MIA,SG,,,,,,,,,,,,,,,,,,,,,,,,,,,,,,,,,,,,,,,,,,,,,,,0.0,0.0,0.0,0.0,0.0,0.0,,0.0,0.0,0.0,0.0,,,,,0.0,NO_SAMPLE
2580349,Ron Baker,WSH,SG,,,,,,,,,,,,,,,,,,,,,,,,,,,,,,,,,,,,,,,,,,,,,,,0.0,0.0,0.0,0.0,0.0,0.0,,0.0,0.0,0.0,0.0,,,,,0.0,NO_SAMPLE
2531038,Russ Smith,MEM,PG,,,,,,,,,,,,,,,,,,,,,,,,,,,,,,,,,,,,,,,,,,,,,,,0.0,0.0,0.0,0.0,0.0,0.0,,0.0,0.0,0.0,0.0,,,,,0.0,NO_SAMPLE
2991047,Ryan Arcidiacono,FA,PG,,,,,,,,,,,,,,,,,,,,,,,,,,,,,,,,,,,,,,,,,,,,,,,0.0,0.0,0.0,0.0,0.0,0.0,,0.0,0.0,0.0,0.0,,,,,0.0,NO_SAMPLE
2489693,Ryan Broekhoff,PHI,SG,,,,,,,,,,,,,,,,,,,,,,,,,,,,,,,,,,,,,,,,,,,,,,,0.0,0.0,0.0,0.0,0.0,0.0,,0.0,0.0,0.0,0.0,,,,,0.0,NO_SAMPLE
5107157,Ryan Conwell,MIA,SG,ACTIVE,,,,,,,,,,,,,,,,,,,,,,,,,,,,,,,,,,,,,,,,,,,,,,0.0,0.0,0.0,0.0,0.0,0.0,,0.0,0.0,0.0,0.0,,,,,0.0,NO_SAMPLE
2968458,Salah Mejri,DAL,C,,,,,,,,,,,,,,,,,,,,,,,,,,,,,,,,,,,,,,,,,,,,,,,0.0,0.0,0.0,0.0,0.0,0.0,,0.0,0.0,0.0,0.0,,,,,0.0,NO_SAMPLE
5281137,Saliou Niang,FA,SG,ACTIVE,,,,,,,,,,,,,,,,,,,,,,,,,,,,,,,,,,,,,,,,,,,,,,0.0,0.0,0.0,0.0,0.0,0.0,,0.0,0.0,0.0,0.0,,,,,0.0,NO_SAMPLE
3902067,Satnam Singh Bhamara,DAL,C,,,,,,,,,,,,,,,,,,,,,,,,,,,,,,,,,,,,,,,,,,,,,,,0.0,0.0,0.0,0.0,0.0,0.0,,0.0,0.0,0.0,0.0,,,,,0.0,NO_SAMPLE
2328418,Scotty Hopson,OKC,SG,,,,,,,,,,,,,,,,,,,,,,,,,,,,,,,,,,,,,,,,,,,,,,,0.0,0.0,0.0,0.0,0.0,0.0,,0.0,0.0,0.0,0.0,,,,,0.0,NO_SAMPLE
2488689,Sean Kilpatrick,CHI,SG,,,,,,,,,,,,,,,,,,,,,,,,,,,,,,,,,,,,,,,,,,,,,,,0.0,0.0,0.0,0.0,0.0,0.0,,0.0,0.0,0.0,0.0,,,,,0.0,NO_SAMPLE
3908903,Sean McDermott,MEM,SG,,,,,,,,,,,,,,,,,,,,,,,,,,,,,,,,,,,,,,,,,,,,,,,0.0,0.0,0.0,0.0,0.0,0.0,,0.0,0.0,0.0,0.0,,,,,0.0,NO_SAMPLE
2983526,Semaj Christon,OKC,PG,,,,,,,,,,,,,,,,,,,,,,,,,,,,,,,,,,,,,,,,,,,,,,,0.0,0.0,0.0,0.0,0.0,0.0,,0.0,0.0,0.0,0.0,,,,,0.0,NO_SAMPLE
2959745,Sergey Karasev,BKN,SG,,,,,,,,,,,,,,,,,,,,,,,,,,,,,,,,,,,,,,,,,,,,,,,0.0,0.0,0.0,0.0,0.0,0.0,,0.0,0.0,0.0,0.0,,,,,0.0,NO_SAMPLE
5279129,Sergio de Larrea,DAL,PG,ACTIVE,,,,,,,,,,,,,,,,,,,,,,,,,,,,,,,,,,,,,,,,,,,,,,0.0,0.0,0.0,0.0,0.0,0.0,,0.0,0.0,0.0,0.0,,,,,0.0,NO_SAMPLE
4431775,Seth Lundy,DAL,SG,ACTIVE,,,,,,,,,,,,,,,,,,,,,,,,,,,,,,,,,,,,,,,,,,,,,,0.0,0.0,0.0,0.0,0.0,0.0,,0.0,0.0,0.0,0.0,,,,,0.0,NO_SAMPLE
2993875,Shabazz Muhammad,MIL,SF,,,,,,,,,,,,,,,,,,,,,,,,,,,,,,,,,,,,,,,,,,,,,,,0.0,0.0,0.0,0.0,0.0,0.0,,0.0,0.0,0.0,0.0,,,,,0.0,NO_SAMPLE
3915195,Shake Milton,LAL,SG,,,,,,,,,,,,,,,,,,,,,,,,,,,,,,,,,,,,,,,,,,,,,,,0.0,0.0,0.0,0.0,0.0,0.0,,0.0,0.0,0.0,0.0,,,,,0.0,NO_SAMPLE
2596158,Shane Larkin,BOS,PG,,,,,,,,,,,,,,,,,,,,,,,,,,,,,,,,,,,,,,,,,,,,,,,0.0,0.0,0.0,0.0,0.0,0.0,,0.0,0.0,0.0,0.0,,,,,0.0,NO_SAMPLE
2991274,Shaquille Harrison,MEM,SG,,,,,,,,,,,,,,,,,,,,,,,,,,,,,,,,,,,,,,,,,,,,,,,0.0,0.0,0.0,0.0,0.0,0.0,,0.0,0.0,0.0,0.0,,,,,0.0,NO_SAMPLE
2581180,Shawn Long,HOU,PF,ACTIVE,,,,,,,,,,,,,,,,,,,,,,,,,,,,,,,,,,,,,,,,,,,,,,0.0,0.0,0.0,0.0,0.0,0.0,,0.0,0.0,0.0,0.0,,,,,0.0,NO_SAMPLE
2491063,Shayne Whittington,IND,C,,,,,,,,,,,,,,,,,,,,,,,,,,,,,,,,,,,,,,,,,,,,,,,0.0,0.0,0.0,0.0,0.0,0.0,,0.0,0.0,0.0,0.0,,,,,0.0,NO_SAMPLE
2594885,Sheldon Mac,CLE,SG,,,,,,,,,,,,,,,,,,,,,,,,,,,,,,,,,,,,,,,,,,,,,,,0.0,0.0,0.0,0.0,0.0,0.0,,0.0,0.0,0.0,0.0,,,,,0.0,NO_SAMPLE
2596402,Sim Bhullar,SAC,C,,,,,,,,,,,,,,,,,,,,,,,,,,,,,,,,,,,,,,,,,,,,,,,0.0,0.0,0.0,0.0,0.0,0.0,,0.0,0.0,0.0,0.0,,,,,0.0,NO_SAMPLE
2580782,Spencer Dinwiddie,FA,PG/SG,ACTIVE,,,,,,,,,,,,,,,,,,,,,,,,,,,,,,,,,,,,,,,,,,,,,,0.0,0.0,0.0,0.0,0.0,0.0,,0.0,0.0,0.0,0.0,,,,,0.0,NO_SAMPLE
3904625,Tacko Fall,PHI,C,DAY_TO_DAY,,,,,,,,,,,,,,,,,,,,,,,,,,,,,,,,,,,,,,,,,,,,,,0.0,0.0,0.0,0.0,0.0,0.0,,0.0,0.0,0.0,0.0,,,,,0.0,NO_SAMPLE
2992257,Tahjere McCall,ATL,SG,,,,,,,,,,,,,,,,,,,,,,,,,,,,,,,,,,,,,,,,,,,,,,,0.0,0.0,0.0,0.0,0.0,0.0,,0.0,0.0,0.0,0.0,,,,,0.0,NO_SAMPLE
4396991,Talen Horton-Tucker,FA,SG,ACTIVE,,,,,,,,,,,,,,,,,,,,,,,,,,,,,,,,,,,,,,,,,,,,,,0.0,0.0,0.0,0.0,0.0,0.0,,0.0,0.0,0.0,0.0,,,,,0.0,NO_SAMPLE
4683933,Tamar Bates,UTAH,SG,ACTIVE,,,,,,,,,,,,,,,,,,,,,,,,,,,,,,,,,,,,,,,,,,,,,,0.0,0.0,0.0,0.0,0.0,0.0,,0.0,0.0,0.0,0.0,,,,,0.0,NO_SAMPLE
5148538,Tarik Biberovic,DAL,PF,ACTIVE,,,,,,,,,,,,,,,,,,,,,,,,,,,,,,,,,,,,,,,,,,,,,,0.0,0.0,0.0,0.0,0.0,0.0,,0.0,0.0,0.0,0.0,,,,,0.0,NO_SAMPLE
5105809,Tarris Reed Jr.,SA,C,ACTIVE,,,,,,,,,,,,,,,,,,,,,,,,,,,,,,,,,,,,,,,,,,,,,,0.0,0.0,0.0,0.0,0.0,0.0,,0.0,0.0,0.0,0.0,,,,,0.0,NO_SAMPLE
4066808,Taze Moore,FA,SG,,,,,,,,,,,,,,,,,,,,,,,,,,,,,,,,,,,,,,,,,,,,,,,0.0,0.0,0.0,0.0,0.0,0.0,,0.0,0.0,0.0,0.0,,,,,0.0,NO_SAMPLE
3919454,Terence Davis,FA,SG,ACTIVE,,,,,,,,,,,,,,,,,,,,,,,,,,,,,,,,,,,,,,,,,,,,,,0.0,0.0,0.0,0.0,0.0,0.0,,0.0,0.0,0.0,0.0,,,,,0.0,NO_SAMPLE
3074752,Terry Rozier,FA,PG,ACTIVE,,,,,,,,,,,,,,,,,,,,,,,,,,,,,,,,,,,,,,,,,,,,,,0.0,0.0,0.0,0.0,0.0,0.0,,0.0,0.0,0.0,0.0,,,,,0.0,NO_SAMPLE
4279815,Terry Taylor,FA,PF,ACTIVE,,,,,,,,,,,,,,,,,,,,,,,,,,,,,,,,,,,,,,,,,,,,,,0.0,0.0,0.0,0.0,0.0,0.0,,0.0,0.0,0.0,0.0,,,,,0.0,NO_SAMPLE
3138154,Theo Pinson,DAL,SG,,,,,,,,,,,,,,,,,,,,,,,,,,,,,,,,,,,,,,,,,,,,,,,0.0,0.0,0.0,0.0,0.0,0.0,,0.0,0.0,0.0,0.0,,,,,0.0,NO_SAMPLE
5061603,Thomas Sorber,OKC,C,DAY_TO_DAY,,,,,,,,,,,,,,,,,,,,,,,,,,,,,,,,,,,,,,,,,,,,,,0.0,0.0,0.0,0.0,0.0,0.0,,0.0,0.0,0.0,0.0,,,,,0.0,NO_SAMPLE
2488945,Tim Frazier,CLE,PG,,,,,,,,,,,,,,,,,,,,,,,,,,,,,,,,,,,,,,,,,,,,,,,0.0,0.0,0.0,0.0,0.0,0.0,,0.0,0.0,0.0,0.0,,,,,0.0,NO_SAMPLE
4064730,Tim Quarterman,HOU,SG,,,,,,,,,,,,,,,,,,,,,,,,,,,,,,,,,,,,,,,,,,,,,,,0.0,0.0,0.0,0.0,0.0,0.0,,0.0,0.0,0.0,0.0,,,,,0.0,NO_SAMPLE
5106040,Tobi Lawal,DAL,SF,ACTIVE,,,,,,,,,,,,,,,,,,,,,,,,,,,,,,,,,,,,,,,,,,,,,,0.0,0.0,0.0,0.0,0.0,0.0,,0.0,0.0,0.0,0.0,,,,,0.0,NO_SAMPLE
2528693,Torrey Craig,FA,PF,ACTIVE,,,,,,,,,,,,,,,,,,,,,,,,,,,,,,,,,,,,,,,,,,,,,,0.0,0.0,0.0,0.0,0.0,0.0,,0.0,0.0,0.0,0.0,,,,,0.0,NO_SAMPLE
4065656,Trent Forrest,ATL,SG,,,,,,,,,,,,,,,,,,,,,,,,,,,,,,,,,,,,,,,,,,,,,,,0.0,0.0,0.0,0.0,0.0,0.0,,0.0,0.0,0.0,0.0,,,,,0.0,NO_SAMPLE
4409222,Trevelin Queen,FA,SG,ACTIVE,,,,,,,,,,,,,,,,,,,,,,,,,,,,,,,,,,,,,,,,,,,,,,0.0,0.0,0.0,0.0,0.0,0.0,,0.0,0.0,0.0,0.0,,,,,0.0,NO_SAMPLE
2595231,Treveon Graham,MIL,SF,,,,,,,,,,,,,,,,,,,,,,,,,,,,,,,,,,,,,,,,,,,,,,,0.0,0.0,0.0,0.0,0.0,0.0,,0.0,0.0,0.0,0.0,,,,,0.0,NO_SAMPLE
3136481,Trevon Bluiett,UTAH,SG,,,,,,,,,,,,,,,,,,,,,,,,,,,,,,,,,,,,,,,,,,,,,,,0.0,0.0,0.0,0.0,0.0,0.0,,0.0,0.0,0.0,0.0,,,,,0.0,NO_SAMPLE
4698719,Trevon Brazile,DEN,SF/PF,ACTIVE,,,,,,,,,,,,,,,,,,,,,,,,,,,,,,,,,,,,,,,,,,,,,,0.0,0.0,0.0,0.0,0.0,0.0,,0.0,0.0,0.0,0.0,,,,,0.0,NO_SAMPLE
4277842,Trevon Duval,HOU,PG,,,,,,,,,,,,,,,,,,,,,,,,,,,,,,,,,,,,,,,,,,,,,,,0.0,0.0,0.0,0.0,0.0,0.0,,0.0,0.0,0.0,0.0,,,,,0.0,NO_SAMPLE
4897438,Trey Kaufman-Renn,MIN,PF,ACTIVE,,,,,,,,,,,,,,,,,,,,,,,,,,,,,,,,,,,,,,,,,,,,,,0.0,0.0,0.0,0.0,0.0,0.0,,0.0,0.0,0.0,0.0,,,,,0.0,NO_SAMPLE
3136196,Trey Lyles,MIN,PF,ACTIVE,0.2,140,,,,,,,,,,,,,,,,,,,,,,,0,0,64,19.7,6.89,2.38,5.5,0.43,0.84,1.2,0.7,1.3,3.59,0.36,4.5,1.2,0.5,0.3,0.59,1023,15.98,0.0,0.0,0.0,0.0,0.0,0.0,,16.01,15.98,0.03,1024.64,29.2569,,,,0.0,NO_SAMPLE
2327832,Trey McKinney-Jones,IND,SG,,,,,,,,,,,,,,,,,,,,,,,,,,,,,,,,,,,,,,,,,,,,,,,0.0,0.0,0.0,0.0,0.0,0.0,,0.0,0.0,0.0,0.0,,,,,0.0,NO_SAMPLE
6474,Tristan Thompson,FA,C,ACTIVE,,,,,,,,,,,,,,,,,,,,,,,,,,,,,,,,,,,,,,,,,,,,,,0.0,0.0,0.0,0.0,0.0,0.0,,0.0,0.0,0.0,0.0,,,,,0.0,NO_SAMPLE
3074743,Troy Caupain,POR,SG,,,,,,,,,,,,,,,,,,,,,,,,,,,,,,,,,,,,,,,,,,,,,,,0.0,0.0,0.0,0.0,0.0,0.0,,0.0,0.0,0.0,0.0,,,,,0.0,NO_SAMPLE
2489530,Troy Daniels,DEN,SG,,,,,,,,,,,,,,,,,,,,,,,,,,,,,,,,,,,,,,,,,,,,,,,0.0,0.0,0.0,0.0,0.0,0.0,,0.0,0.0,0.0,0.0,,,,,0.0,NO_SAMPLE
3078286,Troy Williams,SAC,SF,,,,,,,,,,,,,,,,,,,,,,,,,,,,,,,,,,,,,,,,,,,,,,,0.0,0.0,0.0,0.0,0.0,0.0,,0.0,0.0,0.0,0.0,,,,,0.0,NO_SAMPLE
4278555,Ty-Shon Alexander,PHX,SG,,,,,,,,,,,,,,,,,,,,,,,,,,,,,,,,,,,,,,,,,,,,,,,0.0,0.0,0.0,0.0,0.0,0.0,,0.0,0.0,0.0,0.0,,,,,0.0,NO_SAMPLE
5105626,Tyler Bilodeau,BKN,PF,ACTIVE,,,,,,,,,,,,,,,,,,,,,,,,,,,,,,,,,,,,,,,,,,,,,,0.0,0.0,0.0,0.0,0.0,0.0,,0.0,0.0,0.0,0.0,,,,,0.0,NO_SAMPLE
2982349,Tyler Cavanaugh,UTAH,PF,,,,,,,,,,,,,,,,,,,,,,,,,,,,,,,,,,,,,,,,,,,,,,,0.0,0.0,0.0,0.0,0.0,0.0,,0.0,0.0,0.0,0.0,,,,,0.0,NO_SAMPLE
4066367,Tyler Cook,CHI,PF,,,,,,,,,,,,,,,,,,,,,,,,,,,,,,,,,,,,,,,,,,,,,,,0.0,0.0,0.0,0.0,0.0,0.0,,0.0,0.0,0.0,0.0,,,,,0.0,NO_SAMPLE
3947078,Tyler Davis,OKC,C,,,,,,,,,,,,,,,,,,,,,,,,,,,,,,,,,,,,,,,,,,,,,,,0.0,0.0,0.0,0.0,0.0,0.0,,0.0,0.0,0.0,0.0,,,,,0.0,NO_SAMPLE
3059281,Tyler Ennis,LAL,PG,,,,,,,,,,,,,,,,,,,,,,,,,,,,,,,,,,,,,,,,,,,,,,,0.0,0.0,0.0,0.0,0.0,0.0,,0.0,0.0,0.0,0.0,,,,,0.0,NO_SAMPLE
2578269,Tyler Harvey,MEM,SG,,,,,,,,,,,,,,,,,,,,,,,,,,,,,,,,,,,,,,,,,,,,,,,0.0,0.0,0.0,0.0,0.0,0.0,,0.0,0.0,0.0,0.0,,,,,0.0,NO_SAMPLE
2530276,Tyler Johnson,SA,PG,,,,,,,,,,,,,,,,,,,,,,,,,,,,,,,,,,,,,,,,,,,,,,,0.0,0.0,0.0,0.0,0.0,0.0,,0.0,0.0,0.0,0.0,,,,,0.0,NO_SAMPLE
4838721,Tyler Nickel,NY,SF,ACTIVE,,,,,,,,,,,,,,,,,,,,,,,,,,,,,,,,,,,,,,,,,,,,,,0.0,0.0,0.0,0.0,0.0,0.0,,0.0,0.0,0.0,0.0,,,,,0.0,NO_SAMPLE
4396993,Tyrese Haliburton,IND,PG/SG,ACTIVE,94.3,19.2,,,,,,,,,,,,,,,,,,,,,,,0,0,64,33.1,19.16,6.8,14.3,0.47,2.64,3.09,0.85,2.92,7.7,0.38,3.7,9.91,1.3,0.7,1.91,3112,48.63,0.0,0.0,0.0,0.0,0.0,0.0,,48.63,48.63,0.0,3112.32,52.8906,,,,0.0,NO_SAMPLE
2184,Udonis Haslem,MIA,PF,,,,,,,,,,,,,,,,,,,,,,,,,,,,,,,,,,,,,,,,,,,,,,,0.0,0.0,0.0,0.0,0.0,0.0,,0.0,0.0,0.0,0.0,,,,,0.0,NO_SAMPLE
5037878,Ugonna Onyenso,DET,C,ACTIVE,,,,,,,,,,,,,,,,,,,,,,,,,,,,,,,,,,,,,,,,,,,,,,0.0,0.0,0.0,0.0,0.0,0.0,,0.0,0.0,0.0,0.0,,,,,0.0,NO_SAMPLE
5211984,Ulrich Chomche,FA,C,ACTIVE,,,,,,,,,,,,,,,,,,,,,,,,,,,,,,,,,,,,,,,,,,,,,,0.0,0.0,0.0,0.0,0.0,0.0,,0.0,0.0,0.0,0.0,,,,,0.0,NO_SAMPLE
2531039,Vander Blue,LAL,SG,,,,,,,,,,,,,,,,,,,,,,,,,,,,,,,,,,,,,,,,,,,,,,,0.0,0.0,0.0,0.0,0.0,0.0,,0.0,0.0,0.0,0.0,,,,,0.0,NO_SAMPLE
3102532,Vasilije Micic,FA,PG,ACTIVE,,,,,,,,,,,,,,,,,,,,,,,,,,,,,,,,,,,,,,,,,,,,,,0.0,0.0,0.0,0.0,0.0,0.0,,0.0,0.0,0.0,0.0,,,,,0.0,NO_SAMPLE
3057304,Vince Shamar Hunter,MEM,PF,,,,,,,,,,,,,,,,,,,,,,,,,,,,,,,,,,,,,,,,,,,,,,,0.0,0.0,0.0,0.0,0.0,0.0,,0.0,0.0,0.0,0.0,,,,,0.0,NO_SAMPLE
4237215,Vincent Poirier,NY,C,,,,,,,,,,,,,,,,,,,,,,,,,,,,,,,,,,,,,,,,,,,,,,,0.0,0.0,0.0,0.0,0.0,0.0,,0.0,0.0,0.0,0.0,,,,,0.0,NO_SAMPLE
4230557,Vlatko Cancar,FA,SF,ACTIVE,,,,,,,,,,,,,,,,,,,,,,,,,,,,,,,,,,,,,,,,,,,,,,0.0,0.0,0.0,0.0,0.0,0.0,,0.0,0.0,0.0,0.0,,,,,0.0,NO_SAMPLE
5358755,Vsevolod Ishchenko,DAL,SG,ACTIVE,,,,,,,,,,,,,,,,,,,,,,,,,,,,,,,,,,,,,,,,,,,,,,0.0,0.0,0.0,0.0,0.0,0.0,,0.0,0.0,0.0,0.0,,,,,0.0,NO_SAMPLE
2528586,Walt Lemon Jr.,IND,PG,,,,,,,,,,,,,,,,,,,,,,,,,,,,,,,,,,,,,,,,,,,,,,,0.0,0.0,0.0,0.0,0.0,0.0,,0.0,0.0,0.0,0.0,,,,,0.0,NO_SAMPLE
4017850,Wang Zhelin,MEM,C,,,,,,,,,,,,,,,,,,,,,,,,,,,,,,,,,,,,,,,,,,,,,,,0.0,0.0,0.0,0.0,0.0,0.0,,0.0,0.0,0.0,0.0,,,,,0.0,NO_SAMPLE
3059316,Wayne Selden,CHI,SG,,,,,,,,,,,,,,,,,,,,,,,,,,,,,,,,,,,,,,,,,,,,,,,0.0,0.0,0.0,0.0,0.0,0.0,,0.0,0.0,0.0,0.0,,,,,0.0,NO_SAMPLE
4066264,Wenyen Gabriel,FA,SF,,,,,,,,,,,,,,,,,,,,,,,,,,,,,,,,,,,,,,,,,,,,,,,0.0,0.0,0.0,0.0,0.0,0.0,,0.0,0.0,0.0,0.0,,,,,0.0,NO_SAMPLE
4032,Wesley Matthews,FA,SF,,,,,,,,,,,,,,,,,,,,,,,,,,,,,,,,,,,,,,,,,,,,,,,0.0,0.0,0.0,0.0,0.0,0.0,,0.0,0.0,0.0,0.0,,,,,0.0,NO_SAMPLE
2489897,Will Cherry,GS,SG,,,,,,,,,,,,,,,,,,,,,,,,,,,,,,,,,,,,,,,,,,,,,,,0.0,0.0,0.0,0.0,0.0,0.0,,0.0,0.0,0.0,0.0,,,,,0.0,NO_SAMPLE
4278783,Will Magnay,NO,PF,,,,,,,,,,,,,,,,,,,,,,,,,,,,,,,,,,,,,,,,,,,,,,,0.0,0.0,0.0,0.0,0.0,0.0,,0.0,0.0,0.0,0.0,,,,,0.0,NO_SAMPLE
2326015,Willie Reed,CHI,C,,,,,,,,,,,,,,,,,,,,,,,,,,,,,,,,,,,,,,,,,,,,,,,0.0,0.0,0.0,0.0,0.0,0.0,,0.0,0.0,0.0,0.0,,,,,0.0,NO_SAMPLE
3914075,Xavier Moon,FA,PG,,,,,,,,,,,,,,,,,,,,,,,,,,,,,,,,,,,,,,,,,,,,,,,0.0,0.0,0.0,0.0,0.0,0.0,,0.0,0.0,0.0,0.0,,,,,0.0,NO_SAMPLE
2983512,Xavier Munford,MIL,SG,,,,,,,,,,,,,,,,,,,,,,,,,,,,,,,,,,,,,,,,,,,,,,,0.0,0.0,0.0,0.0,0.0,0.0,,0.0,0.0,0.0,0.0,,,,,0.0,NO_SAMPLE
3059247,Xavier Rathan-Mayes,NY,PG,,,,,,,,,,,,,,,,,,,,,,,,,,,,,,,,,,,,,,,,,,,,,,,0.0,0.0,0.0,0.0,0.0,0.0,,0.0,0.0,0.0,0.0,,,,,0.0,NO_SAMPLE
4066303,Xavier Sneed,CHA,SF,,,,,,,,,,,,,,,,,,,,,,,,,,,,,,,,,,,,,,,,,,,,,,,0.0,0.0,0.0,0.0,0.0,0.0,,0.0,0.0,0.0,0.0,,,,,0.0,NO_SAMPLE
4997531,Yannick Nzosa,WSH,C,,,,,,,,,,,,,,,,,,,,,,,,,,,,,,,,,,,,,,,,,,,,,,,0.0,0.0,0.0,0.0,0.0,0.0,,0.0,0.0,0.0,0.0,,,,,0.0,NO_SAMPLE
3136183,Yante Maten,BOS,PF,,,,,,,,,,,,,,,,,,,,,,,,,,,,,,,,,,,,,,,,,,,,,,,0.0,0.0,0.0,0.0,0.0,0.0,,0.0,0.0,0.0,0.0,,,,,0.0,NO_SAMPLE
5175737,Yaxel Lendeborg,GS,SF/PF,DAY_TO_DAY,33.1,132.3,,,,,,,,,,,,,,,,,,,,,,,,,71,24.6,10.61,4.14,8.8,0.47,2.06,2.61,0.79,0.27,0.8,0.34,5.1,2.2,1,0.8,1.51,1668,23.49,0.0,0.0,0.0,0.0,0.0,0.0,,23.49,23.49,0.0,1667.79,34.3756,,,,0.0,NO_SAMPLE
2991018,Yogi Ferrell,LAC,SG,,,,,,,,,,,,,,,,,,,,,,,,,,,,,,,,,,,,,,,,,,,,,,,0.0,0.0,0.0,0.0,0.0,0.0,,0.0,0.0,0.0,0.0,,,,,0.0,NO_SAMPLE
5159486,Yongxi Cui,BKN,SG,,,,,,,,,,,,,,,,,,,,,,,,,,,,,,,,,,,,,,,,,,,,,,,0.0,0.0,0.0,0.0,0.0,0.0,,0.0,0.0,0.0,0.0,,,,,0.0,NO_SAMPLE
4278116,Yves Pons,MEM,SG,,,,,,,,,,,,,,,,,,,,,,,,,,,,,,,,,,,,,,,,,,,,,,,0.0,0.0,0.0,0.0,0.0,0.0,,0.0,0.0,0.0,0.0,,,,,0.0,NO_SAMPLE
3059430,Zach Lofton,DET,SG,,,,,,,,,,,,,,,,,,,,,,,,,,,,,,,,,,,,,,,,,,,,,,,0.0,0.0,0.0,0.0,0.0,0.0,,0.0,0.0,0.0,0.0,,,,,0.0,NO_SAMPLE
4066649,Zach Norvell Jr.,CHI,SG,,,,,,,,,,,,,,,,,,,,,,,,,,,,,,,,,,,,,,,,,,,,,,,0.0,0.0,0.0,0.0,0.0,0.0,,0.0,0.0,0.0,0.0,,,,,0.0,NO_SAMPLE
4066377,Zavier Simpson,FA,PG,,,,,,,,,,,,,,,,,,,,,,,,,,,,,,,,,,,,,,,,,,,,,,,0.0,0.0,0.0,0.0,0.0,0.0,,0.0,0.0,0.0,0.0,,,,,0.0,NO_SAMPLE
3892894,Zhou Qi,HOU,C,,,,,,,,,,,,,,,,,,,,,,,,,,,,,,,,,,,,,,,,,,,,,,,0.0,0.0,0.0,0.0,0.0,0.0,,0.0,0.0,0.0,0.0,,,,,0.0,NO_SAMPLE
2560823,Zoran Dragic,BOS,SG,,,,,,,,,,,,,,,,,,,,,,,,,,,,,,,,,,,,,,,,,,,,,,,0.0,0.0,0.0,0.0,0.0,0.0,,0.0,0.0,0.0,0.0,,,,,0.0,NO_SAMPLE
5106262,Zuby Ejiofor,ATL,PF,ACTIVE,,,,,,,,,,,,,,,,,,,,,,,,,,,,,,,,,,,,,,,,,,,,,,0.0,0.0,0.0,0.0,0.0,0.0,,0.0,0.0,0.0,0.0,,,,,0.0,NO_SAMPLE
3137713,Zylan Cheatham,FA,SF,,,,,,,,,,,,,,,,,,,,,,,,,,,,,,,,,,,,,,,,,,,,,,,0.0,0.0,0.0,0.0,0.0,0.0,,0.0,0.0,0.0,0.0,,,,,0.0,NO_SAMPLE
